dune exec -- bench/run_bench.exe --onlyip --dir /home/etudiant/Cours/stage/TPTP-v9.2.1/Problems/SYN/ --time-limit 3 --robust-time-limit  --logs bench_logs_syn_final  --mode ordered-fallback
problem                                                      | expected           | rating       | ip                    
-------------------------------------------------------------------------------------------------------------------------
SYN000+1.p                                                   | Theorem            | 0.18 v9.1.0  | Unsatisfiable (0.010s)
SYN000+2.p                                                   | Satisfiable        | 0.83 v9.0.0  | Error (0.007s)        
SYN000-1.p                                                   | Unsatisfiable      | 0.18 v9.1.0  | Unsatisfiable (0.009s)
SYN000-2.p                                                   | Satisfiable        | 0.75 v9.1.0  | Error (0.007s)        
SYN000-3.p                                                   | Satisfiable        | ? v8.0.0     | Error (0.007s)        
SYN000^1.p                                                   | Theorem            | 0.22 v9.1.0  | Error (0.007s)        
SYN000^2.p                                                   | Satisfiable        | ? v9.2.1     | Error (0.006s)        
SYN000^3.p                                                   | Satisfiable        | 1.00 v7.1.0  | Error (0.007s)        
SYN000^6.p                                                   | Unknown            | 1.00 v9.0.0  | Error (0.006s)        
SYN000^7.p                                                   | Unknown            | 1.00 v9.0.0  | Error (0.007s)        
SYN000_1.p                                                   | Theorem            | 0.12 v9.1.0  | Error (0.007s)        
SYN000_2.p                                                   | Satisfiable        | 1.00 v9.1.0  | Error (0.007s)        
SYN000_3.p                                                   | Satisfiable        | 0.75 v9.0.0  | Error (0.007s)        
SYN000_4.p                                                   | Satisfiable        | 1.00 v9.1.0  | Error (0.006s)        
SYN000_5.p                                                   | Theorem            | 0.62 v7.5.0  | Error (0.006s)        
SYN000_6.p                                                   | Unknown            | 1.00 v9.0.0  | Error (0.006s)        
SYN000_7.p                                                   | Unknown            | 1.00 v9.0.0  | Error (0.006s)        
SYN001+1.p                                                   | Theorem            | 0.00 v2.1.0  | Unsatisfiable (0.007s)
SYN001-1.005.p                                               | Unsatisfiable      | 0.00 v2.1.0  | Unsatisfiable (0.134s)
SYN001^4.001.p                                               | CounterSatisfiable | 0.67 v9.0.0  | Error (0.007s)        
SYN001^4.002.p                                               | CounterSatisfiable | 0.67 v9.0.0  | Error (0.007s)        
SYN001^4.003.p                                               | CounterSatisfiable | 0.67 v9.0.0  | Error (0.006s)        
SYN001^4.004.p                                               | CounterSatisfiable | 0.67 v9.0.0  | Error (0.007s)        
SYN002-1.007.008.p                                           | Unsatisfiable      | 0.00 v6.3.0  | Unsatisfiable (0.032s)
SYN003-1.006.p                                               | Unsatisfiable      | 0.00 v2.1.0  | Unsatisfiable (0.022s)
SYN004-1.007.p                                               | Unsatisfiable      | 0.00 v2.1.0  | Unsatisfiable (0.019s)
SYN005-1.010.p                                               | Unsatisfiable      | 0.00 v2.1.0  | Unsatisfiable (0.024s)
SYN006-1.p                                                   | Unsatisfiable      | 0.00 v6.3.0  | Unsatisfiable (0.010s)
SYN007+1.014.p                                               | Theorem            | 0.00 v7.3.0  | Error (5.076s)        
SYN007^4.014.p                                               | CounterSatisfiable | 1.00 v4.0.0  | Error (0.008s)        
SYN008-1.p                                                   | Unsatisfiable      | 0.00 v2.0.0  | Unsatisfiable (0.008s)
SYN009-1.p                                                   | Unsatisfiable      | 0.00 v2.0.0  | Unsatisfiable (0.011s)
SYN009-2.p                                                   | Unsatisfiable      | 0.00 v2.5.0  | Unsatisfiable (0.012s)
SYN009-3.p                                                   | Unsatisfiable      | 0.00 v2.5.0  | Unsatisfiable (0.032s)
SYN009-4.p                                                   | Unsatisfiable      | 0.00 v2.5.0  | Unsatisfiable (0.024s)
SYN010-1.005.005.p                                           | Unsatisfiable      | 0.00 v2.1.0  | Timeout (3.009s)      
SYN011-1.p                                                   | Unsatisfiable      | 0.00 v2.0.0  | Unsatisfiable (0.014s)
SYN012-1.p                                                   | Unsatisfiable      | 0.08 v9.1.0  | Unsatisfiable (0.052s)
SYN013-1.p                                                   | Unsatisfiable      | 0.05 v9.0.0  | Timeout (3.009s)      
SYN014-1.p                                                   | Unsatisfiable      | 0.09 v9.1.0  | Unsatisfiable (0.341s)
SYN014-2.p                                                   | Unsatisfiable      | 0.00 v2.2.1  | Unsatisfiable (0.035s)
SYN015-1.p                                                   | Unsatisfiable      | 0.09 v9.1.0  | Unsatisfiable (0.152s)
SYN015-2.p                                                   | Unsatisfiable      | 0.00 v7.4.0  | Timeout (3.009s)      
SYN028-1.p                                                   | Unsatisfiable      | 0.00 v2.0.0  | Unsatisfiable (0.009s)
SYN029-1.p                                                   | Unsatisfiable      | 0.00 v2.0.0  | Unsatisfiable (0.008s)
SYN030-1.p                                                   | Unsatisfiable      | 0.00 v2.0.0  | Unsatisfiable (0.011s)
SYN031-1.p                                                   | Unsatisfiable      | 0.00 v2.0.0  | Unsatisfiable (0.008s)
SYN032-1.p                                                   | Unsatisfiable      | 0.00 v2.0.0  | Unsatisfiable (0.011s)
SYN033-1.p                                                   | Unsatisfiable      | 0.00 v2.0.0  | Unsatisfiable (0.014s)
SYN034-1.p                                                   | Unsatisfiable      | 0.00 v2.0.0  | Unsatisfiable (0.009s)
SYN035-1.p                                                   | Unsatisfiable      | 0.06 v9.1.0  | Unsatisfiable (0.010s)
SYN036+1.p                                                   | Theorem            | 0.05 v9.1.0  | Timeout (3.032s)      
SYN036+2.p                                                   | Theorem            | 0.10 v9.1.0  | Timeout (3.030s)      
SYN036-1.p                                                   | Unsatisfiable      | 0.23 v9.1.0  | Timeout (3.012s)      
SYN036-2.p                                                   | Satisfiable        | 0.00 v3.5.0  | Timeout (3.013s)      
SYN036-3.p                                                   | Unsatisfiable      | 0.08 v9.1.0  | Timeout (3.010s)      
SYN036-4.p                                                   | Unsatisfiable      | 0.15 v9.1.0  | Timeout (3.010s)      
SYN036^5.p                                                   | Theorem            | 0.25 v8.2.0  | Error (0.007s)        
SYN036^7.p                                                   | Theorem            | 1.00 v7.1.0  | Error (0.007s)        
SYN037-1.p                                                   | Unsatisfiable      | 0.08 v9.1.0  | Timeout (3.009s)      
SYN037-2.p                                                   | Unsatisfiable      | 0.08 v9.1.0  | Timeout (3.009s)      
SYN038-1.p                                                   | Unsatisfiable      | 0.08 v9.1.0  | Unsatisfiable (0.054s)
SYN039-1.p                                                   | Unsatisfiable      | 0.08 v9.1.0  | Unsatisfiable (2.728s)
SYN040+1.p                                                   | Theorem            | 0.00 v2.1.0  | Unsatisfiable (0.008s)
SYN040-1.p                                                   | Unsatisfiable      | 0.00 v2.0.0  | Unsatisfiable (0.008s)
SYN040^4.p                                                   | CounterSatisfiable | 0.67 v9.0.0  | Error (0.007s)        
SYN041+1.p                                                   | Theorem            | 0.00 v2.3.0  | Unsatisfiable (0.008s)
SYN041-1.p                                                   | Unsatisfiable      | 0.00 v2.0.0  | Unsatisfiable (0.007s)
SYN041^4.p                                                   | Theorem            | 0.11 v9.1.0  | Error (0.007s)        
SYN044+1.p                                                   | Theorem            | 0.00 v2.1.0  | Unsatisfiable (0.008s)
SYN044-1.p                                                   | Unsatisfiable      | 0.00 v2.0.0  | Unsatisfiable (0.010s)
SYN044^4.p                                                   | Theorem            | 0.11 v9.1.0  | Error (0.007s)        
SYN045+1.p                                                   | Theorem            | 0.00 v2.1.0  | Unsatisfiable (0.008s)
SYN045-1.p                                                   | Unsatisfiable      | 0.00 v2.0.0  | Unsatisfiable (0.007s)
SYN045^4.p                                                   | Theorem            | 0.11 v9.1.0  | Error (0.007s)        
SYN045^7.p                                                   | Theorem            | 0.11 v9.1.0  | Error (0.006s)        
SYN046+1.p                                                   | Theorem            | 0.00 v2.1.0  | Unsatisfiable (0.007s)
SYN046-1.p                                                   | Unsatisfiable      | 0.00 v2.0.0  | Unsatisfiable (0.007s)
SYN046^4.p                                                   | CounterSatisfiable | 0.67 v9.0.0  | Error (0.006s)        
SYN047+1.p                                                   | Theorem            | 0.00 v4.1.0  | Unsatisfiable (0.008s)
SYN047-1.p                                                   | Unsatisfiable      | 0.00 v2.0.0  | Unsatisfiable (0.008s)
SYN047^4.p                                                   | CounterSatisfiable | 0.67 v9.0.0  | Error (0.007s)        
SYN048+1.p                                                   | Theorem            | 0.00 v5.3.0  | Unsatisfiable (0.007s)
SYN048-1.p                                                   | Unsatisfiable      | 0.06 v9.1.0  | Unsatisfiable (0.007s)
SYN049+1.p                                                   | Theorem            | 0.00 v9.1.0  | Unsatisfiable (0.007s)
SYN049-1.p                                                   | Unsatisfiable      | 0.00 v5.3.0  | Unsatisfiable (0.007s)
SYN049^5.p                                                   | Theorem            | 0.08 v9.1.0  | Error (0.007s)        
SYN050+1.p                                                   | Theorem            | 0.00 v9.1.0  | Unsatisfiable (0.007s)
SYN050-1.p                                                   | Unsatisfiable      | 0.06 v9.1.0  | Unsatisfiable (0.008s)
SYN051+1.p                                                   | Theorem            | 0.00 v5.4.0  | Unsatisfiable (0.007s)
SYN051-1.p                                                   | Unsatisfiable      | 0.00 v2.0.0  | Unsatisfiable (0.008s)
SYN051^5.p                                                   | Theorem            | 0.08 v9.1.0  | Error (0.007s)        
SYN052+1.p                                                   | Theorem            | 0.00 v5.3.0  | Unsatisfiable (0.007s)
SYN052-1.p                                                   | Unsatisfiable      | 0.00 v2.0.0  | Unsatisfiable (0.007s)
SYN052^7.p                                                   | Theorem            | 0.11 v9.1.0  | Error (0.007s)        
SYN053+1.p                                                   | Theorem            | 0.00 v5.3.0  | Unsatisfiable (0.008s)
SYN053-1.p                                                   | Unsatisfiable      | 0.00 v2.1.0  | Unsatisfiable (0.008s)
SYN054+1.p                                                   | Theorem            | 0.00 v5.3.0  | Unsatisfiable (0.009s)
SYN054-1.p                                                   | Unsatisfiable      | 0.00 v2.0.0  | Unsatisfiable (0.009s)
SYN055+1.p                                                   | ContradictoryAxioms | 0.00 v8.1.0  | Unsatisfiable (0.008s)
SYN055-1.p                                                   | Unsatisfiable      | 0.00 v2.0.0  | Unsatisfiable (0.015s)
SYN055^5.p                                                   | Theorem            | 0.08 v9.1.0  | Error (0.007s)        
SYN056+1.p                                                   | Theorem            | 0.00 v5.3.0  | Unsatisfiable (0.219s)
SYN056-1.p                                                   | Satisfiable        | 0.00 v2.1.0  | Timeout (3.008s)      
SYN056^5.p                                                   | Theorem            | 0.08 v9.1.0  | Error (0.008s)        
SYN057+1.p                                                   | Theorem            | 0.00 v5.3.0  | Unsatisfiable (0.015s)
SYN057-1.p                                                   | Unsatisfiable      | 0.00 v2.0.0  | Unsatisfiable (0.015s)
SYN057^5.p                                                   | Theorem            | 0.00 v6.2.0  | Error (0.007s)        
SYN058+1.p                                                   | Theorem            | 0.00 v5.3.0  | Unsatisfiable (0.009s)
SYN058-1.p                                                   | Unsatisfiable      | 0.00 v2.0.0  | Unsatisfiable (0.009s)
SYN058^5.p                                                   | Theorem            | 0.00 v6.2.0  | Error (0.006s)        
SYN059+1.p                                                   | Theorem            | 0.00 v2.1.0  | Unsatisfiable (0.109s)
SYN059-1.p                                                   | Satisfiable        | 0.00 v2.2.0  | Timeout (3.009s)      
SYN059^5.p                                                   | Theorem            | 0.08 v9.1.0  | Error (0.007s)        
SYN060+1.p                                                   | Theorem            | 0.00 v5.3.0  | Unsatisfiable (0.009s)
SYN060-1.p                                                   | Unsatisfiable      | 0.00 v2.0.0  | Unsatisfiable (0.008s)
SYN061+1.p                                                   | Theorem            | 0.00 v4.1.0  | Unsatisfiable (0.008s)
SYN061-1.p                                                   | Unsatisfiable      | 0.00 v2.0.0  | Unsatisfiable (0.007s)
SYN062+1.p                                                   | Theorem            | 0.00 v5.3.0  | Unsatisfiable (0.009s)
SYN062-1.p                                                   | Unsatisfiable      | 0.00 v2.0.0  | Unsatisfiable (0.009s)
SYN063+1.p                                                   | Theorem            | 0.00 v5.5.0  | Unsatisfiable (0.014s)
SYN063-1.p                                                   | Unsatisfiable      | 0.00 v2.0.0  | Unsatisfiable (0.011s)
SYN063-2.p                                                   | Unsatisfiable      | 0.00 v2.0.0  | Unsatisfiable (0.007s)
SYN064+1.p                                                   | Theorem            | 0.00 v5.5.0  | Unsatisfiable (0.007s)
SYN064-1.p                                                   | Unsatisfiable      | 0.06 v9.1.0  | Unsatisfiable (0.006s)
SYN064^5.p                                                   | Theorem            | 0.08 v9.1.0  | Error (0.006s)        
SYN065+1.p                                                   | Theorem            | 0.00 v6.3.0  | Unsatisfiable (0.008s)
SYN065-1.p                                                   | Unsatisfiable      | 0.00 v6.1.0  | Unsatisfiable (0.009s)
SYN066+1.p                                                   | Theorem            | 0.05 v9.1.0  | Unsatisfiable (0.009s)
SYN066-1.p                                                   | Unsatisfiable      | 0.00 v7.1.0  | Unsatisfiable (0.009s)
SYN067+1.p                                                   | Theorem            | 0.15 v9.1.0  | Timeout (3.010s)      
SYN067-1.p                                                   | Unsatisfiable      | 0.31 v9.1.0  | Timeout (3.011s)      
SYN067-2.p                                                   | Unsatisfiable      | 0.31 v9.1.0  | Timeout (3.012s)      
SYN067-3.p                                                   | Unsatisfiable      | 0.15 v9.1.0  | Timeout (3.011s)      
SYN068+1.p                                                   | Theorem            | 0.00 v5.3.0  | Unsatisfiable (0.010s)
SYN068-1.p                                                   | Unsatisfiable      | 0.00 v5.4.0  | Unsatisfiable (0.009s)
SYN069+1.p                                                   | ContradictoryAxioms | 0.00 v6.3.0  | Unsatisfiable (0.019s)
SYN069-1.p                                                   | Unsatisfiable      | 0.00 v2.0.0  | Unsatisfiable (0.153s)
SYN070+1.p                                                   | Theorem            | 0.00 v5.3.0  | Unsatisfiable (0.051s)
SYN070-1.p                                                   | Unsatisfiable      | 0.00 v6.3.0  | Unsatisfiable (0.167s)
SYN071+1.p                                                   | Theorem            | 0.00 v5.3.0  | Unsatisfiable (0.012s)
SYN071-1.p                                                   | Unsatisfiable      | 0.00 v6.1.0  | Unsatisfiable (0.015s)
SYN072+1.p                                                   | Theorem            | 0.00 v5.3.0  | Unsatisfiable (0.014s)
SYN072-1.p                                                   | Unsatisfiable      | 0.00 v6.1.0  | Unsatisfiable (0.016s)
SYN073+1.p                                                   | Theorem            | 0.00 v9.1.0  | Unsatisfiable (0.009s)
SYN073-1.p                                                   | Unsatisfiable      | 0.00 v2.0.0  | Unsatisfiable (0.008s)
SYN074+1.p                                                   | Theorem            | 0.18 v9.1.0  | Unsatisfiable (2.554s)
SYN074-1.p                                                   | Unsatisfiable      | 0.05 v9.1.0  | Unsatisfiable (2.164s)
SYN075+1.p                                                   | Theorem            | 0.18 v9.1.0  | Timeout (3.010s)      
SYN075-1.p                                                   | Unsatisfiable      | 0.05 v9.0.0  | Timeout (3.010s)      
SYN076+1.p                                                   | Theorem            | 0.82 v9.1.0  | Unsatisfiable (0.032s)
SYN076-1.p                                                   | Unsatisfiable      | 0.82 v9.1.0  | Unsatisfiable (0.030s)
SYN077+1.p                                                   | Theorem            | 0.18 v9.1.0  | Unsatisfiable (0.025s)
SYN077-1.p                                                   | Unsatisfiable      | 0.09 v9.1.0  | Unsatisfiable (0.025s)
SYN078+1.p                                                   | Theorem            | 0.06 v9.0.0  | Unsatisfiable (0.069s)
SYN078-1.p                                                   | Satisfiable        | 0.12 v9.1.0  | Timeout (3.011s)      
SYN079+1.p                                                   | Theorem            | 0.00 v5.3.0  | Unsatisfiable (0.010s)
SYN079-1.p                                                   | Unsatisfiable      | 0.00 v5.3.0  | Unsatisfiable (0.009s)
SYN080+1.p                                                   | Theorem            | 0.00 v6.3.0  | Unsatisfiable (0.008s)
SYN080-1.p                                                   | Unsatisfiable      | 0.04 v9.1.0  | Unsatisfiable (0.007s)
SYN081+1.p                                                   | Theorem            | 0.00 v9.1.0  | Unsatisfiable (0.008s)
SYN081-1.p                                                   | Unsatisfiable      | 0.00 v6.3.0  | Unsatisfiable (0.008s)
SYN082+1.p                                                   | Theorem            | 0.00 v9.1.0  | Unsatisfiable (0.014s)
SYN082-1.p                                                   | Unsatisfiable      | 0.00 v7.1.0  | Unsatisfiable (0.013s)
SYN083+1.p                                                   | Theorem            | 0.09 v9.1.0  | Unsatisfiable (0.008s)
SYN083-1.p                                                   | Unsatisfiable      | 0.04 v9.1.0  | Unsatisfiable (0.007s)
SYN084+1.p                                                   | Theorem            | 0.00 v9.1.0  | Unsatisfiable (0.171s)
SYN084-1.p                                                   | Satisfiable        | 0.00 v5.4.0  | Timeout (3.010s)      
SYN084-2.p                                                   | Unsatisfiable      | 0.00 v2.0.0  | Unsatisfiable (0.043s)
SYN085-1.010.p                                               | Unsatisfiable      | 0.33 v5.5.0  | Unsatisfiable (0.019s)
SYN086-1.003.p                                               | Satisfiable        | 0.00 v2.1.0  | GaveUp (0.068s)       
SYN087-1.003.p                                               | Satisfiable        | 0.00 v2.1.0  | GaveUp (0.223s)       
SYN088-1.010.p                                               | Unsatisfiable      | 0.00 v2.1.0  | Unsatisfiable (0.051s)
SYN089-1.002.p                                               | Unsatisfiable      | 0.33 v5.5.0  | Unsatisfiable (0.008s)
SYN090-1.008.p                                               | Unsatisfiable      | 0.33 v5.5.0  | Unsatisfiable (0.179s)
SYN091-1.003.p                                               | Satisfiable        | 0.00 v2.1.0  | GaveUp (0.136s)       
SYN092-1.003.p                                               | Satisfiable        | 0.00 v2.1.0  | GaveUp (0.612s)       
SYN093-1.002.p                                               | Unsatisfiable      | 0.33 v5.5.0  | Unsatisfiable (0.021s)
SYN094-1.005.p                                               | Unsatisfiable      | 0.33 v5.5.0  | Unsatisfiable (0.771s)
SYN095-1.002.p                                               | Unsatisfiable      | 0.00 v2.1.0  | Unsatisfiable (0.011s)
SYN096-1.008.p                                               | Unsatisfiable      | 0.00 v2.1.0  | Unsatisfiable (0.612s)
SYN097-1.002.p                                               | Unsatisfiable      | 0.33 v5.5.0  | Unsatisfiable (0.039s)
SYN098-1.002.p                                               | Unsatisfiable      | 0.33 v5.5.0  | Unsatisfiable (0.090s)
SYN099-1.003.p                                               | Unsatisfiable      | 0.00 v2.1.0  | Unsatisfiable (0.042s)
SYN100-1.005.p                                               | Unsatisfiable      | 0.00 v2.1.0  | Unsatisfiable (0.207s)
SYN101-1.002.002.p                                           | Unsatisfiable      | 0.00 v2.1.0  | Unsatisfiable (0.014s)
SYN102-1.007.007.p                                           | Unsatisfiable      | 0.00 v2.3.0  | Timeout (3.010s)      
SYN103-1.p                                                   | Unsatisfiable      | 0.00 v7.3.0  | Unsatisfiable (0.021s)
SYN104-1.p                                                   | Unsatisfiable      | 0.00 v7.3.0  | Unsatisfiable (0.018s)
SYN105-1.p                                                   | Unsatisfiable      | 0.00 v7.3.0  | Unsatisfiable (0.021s)
SYN106-1.p                                                   | Unsatisfiable      | 0.00 v7.3.0  | Unsatisfiable (0.020s)
SYN107-1.p                                                   | Unsatisfiable      | 0.00 v7.3.0  | Unsatisfiable (0.582s)
SYN108-1.p                                                   | Unsatisfiable      | 0.00 v7.3.0  | Unsatisfiable (0.609s)
SYN109-1.p                                                   | Unsatisfiable      | 0.00 v7.3.0  | Timeout (3.014s)      
SYN110-1.p                                                   | Unsatisfiable      | 0.00 v7.3.0  | Timeout (3.014s)      
SYN111-1.p                                                   | Unsatisfiable      | 0.00 v7.3.0  | Timeout (3.014s)      
SYN112-1.p                                                   | Unsatisfiable      | 0.00 v7.3.0  | Unsatisfiable (0.171s)
SYN113-1.p                                                   | Unsatisfiable      | 0.00 v7.3.0  | Timeout (3.012s)      
SYN114-1.p                                                   | Unsatisfiable      | 0.00 v7.3.0  | Unsatisfiable (0.332s)
SYN115-1.p                                                   | Unsatisfiable      | 0.00 v7.3.0  | Timeout (3.013s)      
SYN116-1.p                                                   | Unsatisfiable      | 0.00 v7.3.0  | Timeout (3.013s)      
SYN116-10.p                                                  | Unsatisfiable      | 0.09 v9.1.0  | Error (0.048s)        
SYN117-1.p                                                   | Unsatisfiable      | 0.00 v7.3.0  | Timeout (3.013s)      
SYN118-1.p                                                   | Unsatisfiable      | 0.00 v7.3.0  | Unsatisfiable (0.015s)
SYN119-1.p                                                   | Unsatisfiable      | 0.00 v7.3.0  | Unsatisfiable (0.015s)
SYN120-1.p                                                   | Unsatisfiable      | 0.00 v7.3.0  | Unsatisfiable (0.030s)
SYN121-1.p                                                   | Unsatisfiable      | 0.00 v7.3.0  | Timeout (3.012s)      
SYN122-1.p                                                   | Unsatisfiable      | 0.00 v7.3.0  | Timeout (3.013s)      
SYN123-1.p                                                   | Unsatisfiable      | 0.00 v7.3.0  | Timeout (3.013s)      
SYN124-1.p                                                   | Unsatisfiable      | 0.00 v7.3.0  | Unsatisfiable (1.612s)
SYN125-1.p                                                   | Unsatisfiable      | 0.00 v7.3.0  | Timeout (3.015s)      
SYN126-1.p                                                   | Unsatisfiable      | 0.00 v7.3.0  | Unsatisfiable (0.979s)
SYN127-1.p                                                   | Unsatisfiable      | 0.00 v7.3.0  | Unsatisfiable (0.960s)
SYN128-1.p                                                   | Unsatisfiable      | 0.00 v7.3.0  | Timeout (3.015s)      
SYN129-1.p                                                   | Unsatisfiable      | 0.00 v7.3.0  | Timeout (3.016s)      
SYN130-1.p                                                   | Unsatisfiable      | 0.00 v7.3.0  | Unsatisfiable (0.023s)
SYN131-1.p                                                   | Unsatisfiable      | 0.00 v7.3.0  | Unsatisfiable (0.020s)
SYN132-1.p                                                   | Unsatisfiable      | 0.00 v7.3.0  | Unsatisfiable (0.019s)
SYN133-1.p                                                   | Unsatisfiable      | 0.00 v7.3.0  | Unsatisfiable (0.019s)
SYN134-1.p                                                   | Unsatisfiable      | 0.00 v7.3.0  | Unsatisfiable (0.734s)
SYN135-1.p                                                   | Unsatisfiable      | 0.00 v7.3.0  | Unsatisfiable (0.443s)
SYN136-1.p                                                   | Unsatisfiable      | 0.00 v7.3.0  | Unsatisfiable (0.483s)
SYN137-1.p                                                   | Unsatisfiable      | 0.00 v7.3.0  | Timeout (3.015s)      
SYN138-1.p                                                   | Unsatisfiable      | 0.00 v7.3.0  | Timeout (3.014s)      
SYN139-1.p                                                   | Unsatisfiable      | 0.00 v7.3.0  | Timeout (3.016s)      
SYN140-1.p                                                   | Unsatisfiable      | 0.00 v7.3.0  | Timeout (3.014s)      
SYN141-1.p                                                   | Unsatisfiable      | 0.00 v7.3.0  | Timeout (3.015s)      
SYN142-1.p                                                   | Unsatisfiable      | 0.00 v7.3.0  | Timeout (3.015s)      
SYN143-1.p                                                   | Unsatisfiable      | 0.00 v7.3.0  | Timeout (3.015s)      
SYN143-10.p                                                  | Unsatisfiable      | 0.13 v9.1.0  | Error (0.043s)        
SYN144-1.p                                                   | Unsatisfiable      | 0.00 v7.3.0  | Timeout (3.014s)      
SYN145-1.p                                                   | Unsatisfiable      | 0.00 v7.3.0  | Unsatisfiable (0.019s)
SYN146-1.p                                                   | Unsatisfiable      | 0.00 v7.3.0  | Unsatisfiable (0.070s)
SYN147-1.p                                                   | Unsatisfiable      | 0.00 v7.3.0  | Unsatisfiable (0.085s)
SYN148-1.p                                                   | Unsatisfiable      | 0.00 v7.3.0  | Timeout (3.018s)      
SYN149-1.p                                                   | Unsatisfiable      | 0.00 v7.3.0  | Unsatisfiable (0.090s)
SYN150-1.p                                                   | Unsatisfiable      | 0.00 v7.3.0  | Unsatisfiable (0.179s)
SYN151-1.p                                                   | Unsatisfiable      | 0.00 v7.3.0  | Unsatisfiable (0.176s)
SYN152-1.p                                                   | Unsatisfiable      | 0.00 v7.3.0  | Unsatisfiable (0.176s)
SYN153-1.p                                                   | Unsatisfiable      | 0.00 v7.3.0  | Unsatisfiable (0.493s)
SYN154-1.p                                                   | Unsatisfiable      | 0.00 v7.3.0  | Unsatisfiable (0.535s)
SYN155-1.p                                                   | Unsatisfiable      | 0.00 v7.3.0  | Timeout (3.016s)      
SYN156-1.p                                                   | Unsatisfiable      | 0.00 v7.3.0  | Timeout (3.017s)      
SYN157-1.p                                                   | Unsatisfiable      | 0.00 v7.3.0  | Timeout (3.015s)      
SYN158-1.p                                                   | Unsatisfiable      | 0.00 v7.3.0  | Timeout (3.013s)      
SYN159-1.p                                                   | Unsatisfiable      | 0.00 v7.3.0  | Timeout (3.015s)      
SYN160-1.p                                                   | Unsatisfiable      | 0.00 v7.3.0  | Timeout (3.015s)      
SYN161-1.p                                                   | Unsatisfiable      | 0.00 v7.3.0  | Timeout (3.014s)      
SYN162-1.p                                                   | Unsatisfiable      | 0.00 v7.3.0  | Timeout (3.013s)      
SYN163-1.p                                                   | Unsatisfiable      | 0.00 v7.3.0  | Timeout (3.014s)      
SYN164-1.p                                                   | Unsatisfiable      | 0.00 v7.3.0  | Unsatisfiable (0.016s)
SYN165-1.p                                                   | Unsatisfiable      | 0.00 v7.3.0  | Unsatisfiable (0.141s)
SYN166-1.p                                                   | Unsatisfiable      | 0.00 v7.3.0  | Timeout (3.017s)      
SYN167-1.p                                                   | Unsatisfiable      | 0.00 v7.3.0  | Unsatisfiable (0.168s)
SYN168-1.p                                                   | Unsatisfiable      | 0.00 v7.3.0  | Unsatisfiable (0.929s)
SYN169-1.p                                                   | Unsatisfiable      | 0.00 v7.3.0  | Unsatisfiable (0.917s)
SYN170-1.p                                                   | Unsatisfiable      | 0.00 v7.3.0  | Unsatisfiable (2.869s)
SYN170-10.p                                                  | Unsatisfiable      | 0.09 v8.2.0  | Error (0.050s)        
SYN171-1.p                                                   | Unsatisfiable      | 0.00 v7.3.0  | Timeout (3.015s)      
SYN172-1.p                                                   | Unsatisfiable      | 0.00 v7.3.0  | Unsatisfiable (0.017s)
SYN173-1.p                                                   | Unsatisfiable      | 0.00 v7.3.0  | Timeout (3.013s)      
SYN174-1.p                                                   | Unsatisfiable      | 0.00 v7.3.0  | Timeout (3.015s)      
SYN175-1.p                                                   | Unsatisfiable      | 0.00 v7.3.0  | Unsatisfiable (1.192s)
SYN176-1.p                                                   | Unsatisfiable      | 0.00 v7.3.0  | Timeout (3.015s)      
SYN177-1.p                                                   | Unsatisfiable      | 0.00 v7.3.0  | Timeout (3.015s)      
SYN178-1.p                                                   | Unsatisfiable      | 0.00 v7.3.0  | Timeout (3.015s)      
SYN179-1.p                                                   | Unsatisfiable      | 0.00 v7.3.0  | Timeout (3.014s)      
SYN180-1.p                                                   | Unsatisfiable      | 0.00 v7.3.0  | Timeout (3.014s)      
SYN181-1.p                                                   | Unsatisfiable      | 0.00 v7.3.0  | Timeout (3.013s)      
SYN182-1.p                                                   | Unsatisfiable      | 0.00 v7.3.0  | Unsatisfiable (0.926s)
SYN183-1.p                                                   | Unsatisfiable      | 0.00 v7.3.0  | Unsatisfiable (0.937s)
SYN184-1.p                                                   | Unsatisfiable      | 0.00 v7.3.0  | Unsatisfiable (0.016s)
SYN185-1.p                                                   | Unsatisfiable      | 0.00 v7.3.0  | Unsatisfiable (0.013s)
SYN186-1.p                                                   | Unsatisfiable      | 0.00 v7.3.0  | Timeout (3.013s)      
SYN187-1.p                                                   | Unsatisfiable      | 0.00 v7.3.0  | Timeout (3.015s)      
SYN188-1.p                                                   | Unsatisfiable      | 0.00 v7.3.0  | Timeout (3.016s)      
SYN189-1.p                                                   | Unsatisfiable      | 0.00 v7.3.0  | Timeout (3.014s)      
SYN190-1.p                                                   | Unsatisfiable      | 0.00 v7.3.0  | Timeout (3.014s)      
SYN191-1.p                                                   | Unsatisfiable      | 0.00 v7.3.0  | Timeout (3.014s)      
SYN192-1.p                                                   | Unsatisfiable      | 0.00 v7.3.0  | Timeout (3.015s)      
SYN193-1.p                                                   | Unsatisfiable      | 0.00 v7.3.0  | Timeout (3.014s)      
SYN193-10.p                                                  | Unsatisfiable      | 0.09 v9.1.0  | Timeout (1.303s)      
SYN194-1.p                                                   | Unsatisfiable      | 0.00 v7.3.0  | Timeout (3.015s)      
SYN195-1.p                                                   | Unsatisfiable      | 0.00 v7.3.0  | Timeout (3.014s)      
SYN196-1.p                                                   | Unsatisfiable      | 0.00 v7.3.0  | Unsatisfiable (0.642s)
SYN197-1.p                                                   | Unsatisfiable      | 0.00 v7.3.0  | Unsatisfiable (0.058s)
SYN198-1.p                                                   | Unsatisfiable      | 0.00 v7.3.0  | Unsatisfiable (0.671s)
SYN199-1.p                                                   | Unsatisfiable      | 0.00 v7.3.0  | Unsatisfiable (0.590s)
SYN200-1.p                                                   | Unsatisfiable      | 0.00 v7.3.0  | Unsatisfiable (0.675s)
SYN201-1.p                                                   | Unsatisfiable      | 0.00 v7.3.0  | Unsatisfiable (1.333s)
SYN202-1.p                                                   | Unsatisfiable      | 0.00 v7.3.0  | Timeout (3.012s)      
SYN203-1.p                                                   | Unsatisfiable      | 0.00 v7.3.0  | Timeout (3.014s)      
SYN204-1.p                                                   | Unsatisfiable      | 0.00 v7.3.0  | Timeout (3.018s)      
SYN205-1.p                                                   | Unsatisfiable      | 0.00 v7.3.0  | Timeout (3.014s)      
SYN206-1.p                                                   | Unsatisfiable      | 0.00 v7.3.0  | Timeout (3.016s)      
SYN207-1.p                                                   | Unsatisfiable      | 0.00 v7.3.0  | Timeout (3.013s)      
SYN208-1.p                                                   | Unsatisfiable      | 0.00 v7.3.0  | Timeout (3.014s)      
SYN209-1.p                                                   | Unsatisfiable      | 0.00 v7.3.0  | Timeout (3.015s)      
SYN210-1.p                                                   | Unsatisfiable      | 0.00 v7.3.0  | Timeout (3.013s)      
SYN211-1.p                                                   | Unsatisfiable      | 0.00 v7.3.0  | Timeout (3.012s)      
SYN212-1.p                                                   | Unsatisfiable      | 0.00 v7.3.0  | Timeout (3.014s)      
SYN213-1.p                                                   | Unsatisfiable      | 0.00 v7.3.0  | Timeout (3.014s)      
SYN214-1.p                                                   | Unsatisfiable      | 0.00 v7.3.0  | Timeout (3.013s)      
SYN214-10.p                                                  | Unsatisfiable      | 0.09 v9.1.0  | Timeout (1.203s)      
SYN215-1.p                                                   | Unsatisfiable      | 0.00 v7.3.0  | Timeout (3.014s)      
SYN216-1.p                                                   | Unsatisfiable      | 0.00 v7.3.0  | Timeout (3.014s)      
SYN217-1.p                                                   | Unsatisfiable      | 0.00 v7.3.0  | Timeout (3.015s)      
SYN218-1.p                                                   | Unsatisfiable      | 0.00 v7.3.0  | Timeout (3.014s)      
SYN219-1.p                                                   | Unsatisfiable      | 0.00 v7.3.0  | Timeout (3.013s)      
SYN220-1.p                                                   | Unsatisfiable      | 0.00 v7.3.0  | Unsatisfiable (1.503s)
SYN221-1.p                                                   | Unsatisfiable      | 0.00 v7.3.0  | Unsatisfiable (1.519s)
SYN222-1.p                                                   | Unsatisfiable      | 0.00 v7.3.0  | Unsatisfiable (1.646s)
SYN223-1.p                                                   | Unsatisfiable      | 0.00 v7.3.0  | Unsatisfiable (1.499s)
SYN224-1.p                                                   | Unsatisfiable      | 0.00 v7.3.0  | Unsatisfiable (1.567s)
SYN225-1.p                                                   | Unsatisfiable      | 0.00 v7.3.0  | Timeout (3.014s)      
SYN226-1.p                                                   | Unsatisfiable      | 0.00 v7.3.0  | Unsatisfiable (1.489s)
SYN227-1.p                                                   | Unsatisfiable      | 0.00 v7.3.0  | Timeout (3.014s)      
SYN228-1.p                                                   | Unsatisfiable      | 0.00 v7.3.0  | Unsatisfiable (1.628s)
SYN229-1.p                                                   | Unsatisfiable      | 0.00 v7.3.0  | Unsatisfiable (1.659s)
SYN230-1.p                                                   | Unsatisfiable      | 0.00 v7.3.0  | Unsatisfiable (1.563s)
SYN231-1.p                                                   | Unsatisfiable      | 0.00 v7.3.0  | Unsatisfiable (1.521s)
SYN232-1.p                                                   | Unsatisfiable      | 0.00 v7.3.0  | Unsatisfiable (1.538s)
SYN233-1.p                                                   | Unsatisfiable      | 0.00 v7.3.0  | Unsatisfiable (1.519s)
SYN234-1.p                                                   | Unsatisfiable      | 0.00 v7.3.0  | Timeout (3.014s)      
SYN235-1.p                                                   | Unsatisfiable      | 0.00 v7.3.0  | Unsatisfiable (2.102s)
SYN236-1.p                                                   | Unsatisfiable      | 0.00 v7.3.0  | Unsatisfiable (1.480s)
SYN237-1.p                                                   | Unsatisfiable      | 0.00 v7.3.0  | Unsatisfiable (0.039s)
SYN238-1.p                                                   | Unsatisfiable      | 0.00 v7.3.0  | Unsatisfiable (0.042s)
SYN239-1.p                                                   | Unsatisfiable      | 0.00 v7.3.0  | Unsatisfiable (0.040s)
SYN240-1.p                                                   | Unsatisfiable      | 0.00 v7.3.0  | Unsatisfiable (0.040s)
SYN241-1.p                                                   | Unsatisfiable      | 0.00 v7.3.0  | Unsatisfiable (0.040s)
SYN242-1.p                                                   | Unsatisfiable      | 0.00 v7.3.0  | Unsatisfiable (0.041s)
SYN243-1.p                                                   | Unsatisfiable      | 0.00 v7.3.0  | Timeout (3.014s)      
SYN244-1.p                                                   | Unsatisfiable      | 0.00 v7.3.0  | Unsatisfiable (0.042s)
SYN245-1.p                                                   | Unsatisfiable      | 0.00 v7.3.0  | Unsatisfiable (0.041s)
SYN246-1.p                                                   | Unsatisfiable      | 0.00 v7.3.0  | Unsatisfiable (0.061s)
SYN247-1.p                                                   | Unsatisfiable      | 0.00 v7.3.0  | Unsatisfiable (0.041s)
SYN248-1.p                                                   | Unsatisfiable      | 0.00 v7.3.0  | Timeout (3.013s)      
SYN249-1.p                                                   | Unsatisfiable      | 0.00 v7.3.0  | Timeout (3.014s)      
SYN250-1.p                                                   | Unsatisfiable      | 0.00 v7.3.0  | Timeout (3.014s)      
SYN251-1.p                                                   | Unsatisfiable      | 0.00 v7.3.0  | Timeout (3.014s)      
SYN252-1.p                                                   | Unsatisfiable      | 0.00 v7.3.0  | Timeout (3.015s)      
SYN253-1.p                                                   | Unsatisfiable      | 0.00 v7.3.0  | Timeout (3.014s)      
SYN254-1.p                                                   | Unsatisfiable      | 0.00 v7.3.0  | Timeout (3.015s)      
SYN255-1.p                                                   | Unsatisfiable      | 0.00 v7.3.0  | Unsatisfiable (0.176s)
SYN256-1.p                                                   | Unsatisfiable      | 0.00 v7.3.0  | Unsatisfiable (0.185s)
SYN257-1.p                                                   | Unsatisfiable      | 0.00 v7.3.0  | Unsatisfiable (0.018s)
SYN258-1.p                                                   | Unsatisfiable      | 0.00 v7.3.0  | Unsatisfiable (0.185s)
SYN259-1.p                                                   | Unsatisfiable      | 0.00 v7.3.0  | Unsatisfiable (0.178s)
SYN260-1.p                                                   | Unsatisfiable      | 0.00 v7.3.0  | Unsatisfiable (0.169s)
SYN261-1.p                                                   | Unsatisfiable      | 0.00 v7.3.0  | Unsatisfiable (0.105s)
SYN262-1.p                                                   | Unsatisfiable      | 0.00 v7.3.0  | Timeout (3.013s)      
SYN263-1.p                                                   | Unsatisfiable      | 0.00 v7.3.0  | Timeout (3.016s)      
SYN264-1.p                                                   | Unsatisfiable      | 0.00 v7.3.0  | Timeout (3.015s)      
SYN265-1.p                                                   | Unsatisfiable      | 0.00 v7.3.0  | Unsatisfiable (0.877s)
SYN266-1.p                                                   | Unsatisfiable      | 0.00 v7.3.0  | Timeout (3.016s)      
SYN267-1.p                                                   | Unsatisfiable      | 0.00 v7.3.0  | Unsatisfiable (2.562s)
SYN268-1.p                                                   | Unsatisfiable      | 0.00 v7.3.0  | Unsatisfiable (2.761s)
SYN269-1.p                                                   | Unsatisfiable      | 0.00 v7.3.0  | Timeout (3.016s)      
SYN270-1.p                                                   | Unsatisfiable      | 0.00 v7.3.0  | Timeout (3.014s)      
SYN271-1.p                                                   | Unsatisfiable      | 0.00 v7.3.0  | Timeout (3.016s)      
SYN272-1.p                                                   | Unsatisfiable      | 0.00 v7.3.0  | Timeout (3.013s)      
SYN273-1.p                                                   | Unsatisfiable      | 0.00 v7.3.0  | Timeout (3.018s)      
SYN274-1.p                                                   | Unsatisfiable      | 0.00 v7.3.0  | Unsatisfiable (0.017s)
SYN275-1.p                                                   | Unsatisfiable      | 0.00 v7.3.0  | Unsatisfiable (0.016s)
SYN276-1.p                                                   | Unsatisfiable      | 0.00 v7.3.0  | Unsatisfiable (0.017s)
SYN277-1.p                                                   | Unsatisfiable      | 0.00 v7.3.0  | Unsatisfiable (0.114s)
SYN278-1.p                                                   | Unsatisfiable      | 0.00 v7.3.0  | Unsatisfiable (0.141s)
SYN279-1.p                                                   | Unsatisfiable      | 0.00 v7.3.0  | Timeout (3.015s)      
SYN280-1.p                                                   | Unsatisfiable      | 0.00 v7.3.0  | Unsatisfiable (0.129s)
SYN281-1.p                                                   | Unsatisfiable      | 0.00 v7.3.0  | Unsatisfiable (0.308s)
SYN282-1.p                                                   | Unsatisfiable      | 0.00 v7.3.0  | Unsatisfiable (0.121s)
SYN283-1.p                                                   | Unsatisfiable      | 0.00 v7.3.0  | Timeout (3.013s)      
SYN284-1.p                                                   | Unsatisfiable      | 0.00 v7.3.0  | Timeout (3.014s)      
SYN285-1.p                                                   | Unsatisfiable      | 0.00 v7.3.0  | Timeout (3.013s)      
SYN286-1.p                                                   | Unsatisfiable      | 0.00 v7.3.0  | Timeout (3.015s)      
SYN287-1.p                                                   | Unsatisfiable      | 0.00 v7.3.0  | Unsatisfiable (0.141s)
SYN288-1.p                                                   | Unsatisfiable      | 0.00 v7.3.0  | Unsatisfiable (0.133s)
SYN289-1.p                                                   | Unsatisfiable      | 0.00 v7.3.0  | Timeout (3.016s)      
SYN290-1.p                                                   | Unsatisfiable      | 0.00 v7.3.0  | Unsatisfiable (0.316s)
SYN291-1.p                                                   | Unsatisfiable      | 0.00 v7.3.0  | Unsatisfiable (0.128s)
SYN292-1.p                                                   | Unsatisfiable      | 0.00 v7.3.0  | Unsatisfiable (0.312s)
SYN293-1.p                                                   | Unsatisfiable      | 0.00 v7.3.0  | Timeout (3.013s)      
SYN294-1.p                                                   | Unsatisfiable      | 0.00 v7.3.0  | Timeout (3.014s)      
SYN295-1.p                                                   | Unsatisfiable      | 0.00 v7.3.0  | Unsatisfiable (0.131s)
SYN296-1.p                                                   | Unsatisfiable      | 0.00 v7.3.0  | Timeout (3.014s)      
SYN297-1.p                                                   | Unsatisfiable      | 0.00 v7.3.0  | Unsatisfiable (0.151s)
SYN298-1.p                                                   | Unsatisfiable      | 0.00 v7.3.0  | Timeout (3.015s)      
SYN299-1.p                                                   | Unsatisfiable      | 0.00 v7.3.0  | Timeout (3.014s)      
SYN300-1.p                                                   | Unsatisfiable      | 0.00 v7.3.0  | Timeout (3.014s)      
SYN301-1.p                                                   | Unsatisfiable      | 0.00 v7.3.0  | Timeout (3.017s)      
SYN302-1.003.p                                               | Satisfiable        | 0.00 v2.1.0  | Timeout (3.010s)      
SYN303-1.p                                                   | Satisfiable        | 0.00 v8.2.0  | Timeout (3.010s)      
SYN303-10.p                                                  | Satisfiable        | 0.60 v9.1.0  | GaveUp (0.009s)       
SYN304-1.p                                                   | Satisfiable        | 0.00 v3.1.0  | GaveUp (0.009s)       
SYN305-1.p                                                   | Satisfiable        | 0.60 v9.1.0  | GaveUp (0.007s)       
SYN306-1.p                                                   | Satisfiable        | 0.00 v5.4.0  | Timeout (3.013s)      
SYN307-1.p                                                   | Satisfiable        | 0.00 v7.3.0  | Timeout (3.010s)      
SYN308-1.p                                                   | Satisfiable        | 0.00 v3.1.0  | GaveUp (0.010s)       
SYN309-1.p                                                   | Satisfiable        | 0.00 v3.1.0  | GaveUp (0.008s)       
SYN310-1.p                                                   | Unsatisfiable      | 0.00 v5.5.0  | Unsatisfiable (2.681s)
SYN311-1.p                                                   | Unsatisfiable      | 0.06 v9.1.0  | Timeout (3.011s)      
SYN312-1.p                                                   | Unsatisfiable      | 0.12 v9.1.0  | Timeout (3.011s)      
SYN313-1.001.002.p                                           | Unsatisfiable      | 0.08 v9.1.0  | Unsatisfiable (1.401s)
SYN314-1.002.001.p                                           | Unsatisfiable      | 0.85 v9.1.0  | Timeout (3.011s)      
SYN315+1.p                                                   | Theorem            | 0.00 v5.3.0  | Unsatisfiable (0.011s)
SYN315-1.p                                                   | Unsatisfiable      | 0.00 v2.0.0  | Unsatisfiable (0.009s)
SYN316+1.p                                                   | CounterSatisfiable | 0.00 v5.4.0  | Timeout (3.009s)      
SYN316-1.p                                                   | Satisfiable        | 0.00 v5.4.0  | Timeout (3.010s)      
SYN317+1.p                                                   | Theorem            | 0.00 v4.1.0  | Unsatisfiable (0.012s)
SYN317-1.p                                                   | Satisfiable        | 0.00 v2.0.0  | GaveUp (0.008s)       
SYN318+1.p                                                   | Theorem            | 0.05 v9.1.0  | Unsatisfiable (0.007s)
SYN318-1.p                                                   | Unsatisfiable      | 0.00 v2.0.0  | Unsatisfiable (0.007s)
SYN319+1.p                                                   | Theorem            | 0.05 v9.1.0  | Unsatisfiable (0.008s)
SYN319-1.p                                                   | Unsatisfiable      | 0.00 v7.1.0  | Unsatisfiable (0.009s)
SYN320+1.p                                                   | CounterSatisfiable | 0.00 v5.4.0  | GaveUp (0.008s)       
SYN320-1.p                                                   | Satisfiable        | 0.00 v3.1.0  | GaveUp (0.008s)       
SYN321+1.p                                                   | Theorem            | 0.10 v9.1.0  | Unsatisfiable (0.009s)
SYN321-1.p                                                   | Unsatisfiable      | 0.00 v5.5.0  | Unsatisfiable (0.009s)
SYN322+1.p                                                   | CounterSatisfiable | 0.00 v4.1.0  | GaveUp (0.008s)       
SYN322-1.p                                                   | Satisfiable        | 0.00 v2.0.0  | GaveUp (0.008s)       
SYN323+1.p                                                   | Theorem            | 0.00 v5.5.0  | Unsatisfiable (0.009s)
SYN323-1.p                                                   | Unsatisfiable      | 0.00 v2.0.0  | Unsatisfiable (0.008s)
SYN324+1.p                                                   | CounterSatisfiable | 0.00 v5.4.0  | Timeout (3.008s)      
SYN324-1.p                                                   | Satisfiable        | 0.00 v5.4.0  | Timeout (3.010s)      
SYN325+1.p                                                   | Theorem            | 0.05 v9.1.0  | Unsatisfiable (0.010s)
SYN325-1.p                                                   | Unsatisfiable      | 0.00 v7.1.0  | Unsatisfiable (0.008s)
SYN326+1.p                                                   | Theorem            | 0.00 v9.1.0  | Unsatisfiable (0.009s)
SYN326-1.p                                                   | Unsatisfiable      | 0.00 v2.0.0  | Unsatisfiable (0.008s)
SYN327+1.p                                                   | Theorem            | 0.00 v3.7.0  | Unsatisfiable (0.009s)
SYN327-1.p                                                   | Unsatisfiable      | 0.00 v7.1.0  | Unsatisfiable (0.011s)
SYN328+1.p                                                   | Theorem            | 0.00 v9.1.0  | Unsatisfiable (0.059s)
SYN328-1.p                                                   | Unsatisfiable      | 0.23 v9.1.0  | Unsatisfiable (0.131s)
SYN329+1.p                                                   | CounterSatisfiable | 0.00 v5.4.0  | GaveUp (0.009s)       
SYN329-1.p                                                   | Satisfiable        | 0.00 v5.5.0  | GaveUp (0.008s)       
SYN329-10.p                                                  | Satisfiable        | 0.00 v8.2.0  | GaveUp (0.008s)       
SYN330+1.p                                                   | CounterSatisfiable | 0.00 v9.1.0  | Timeout (3.009s)      
SYN330-1.p                                                   | Satisfiable        | 0.00 v5.4.0  | Timeout (3.010s)      
SYN331+1.p                                                   | Theorem            | 0.00 v9.1.0  | Unsatisfiable (0.011s)
SYN331-1.p                                                   | Unsatisfiable      | 0.00 v2.0.0  | Unsatisfiable (0.010s)
SYN332+1.p                                                   | Theorem            | 0.00 v9.1.0  | Unsatisfiable (0.296s)
SYN332-1.p                                                   | Unsatisfiable      | 0.00 v6.3.0  | Unsatisfiable (0.282s)
SYN333+1.p                                                   | Theorem            | 0.00 v7.0.0  | Unsatisfiable (0.011s)
SYN333-1.p                                                   | Unsatisfiable      | 0.06 v9.1.0  | Unsatisfiable (0.011s)
SYN334+1.p                                                   | Theorem            | 0.05 v9.1.0  | Unsatisfiable (0.055s)
SYN334-1.p                                                   | Unsatisfiable      | 0.08 v9.1.0  | Unsatisfiable (0.069s)
SYN335+1.p                                                   | CounterSatisfiable | 0.67 v9.1.0  | Timeout (3.010s)      
SYN335-1.p                                                   | Satisfiable        | 0.00 v6.3.0  | Timeout (3.011s)      
SYN336+1.p                                                   | Theorem            | 0.00 v9.1.0  | Unsatisfiable (0.008s)
SYN336-1.p                                                   | Unsatisfiable      | 0.00 v5.3.0  | Unsatisfiable (0.008s)
SYN337+1.p                                                   | CounterSatisfiable | 0.00 v4.1.0  | GaveUp (0.007s)       
SYN337-1.p                                                   | Satisfiable        | 0.00 v2.5.0  | GaveUp (0.007s)       
SYN337-10.p                                                  | Satisfiable        | 0.00 v7.3.0  | GaveUp (0.008s)       
SYN338+1.p                                                   | Theorem            | 0.00 v7.0.0  | Unsatisfiable (0.007s)
SYN338-1.p                                                   | Unsatisfiable      | 0.06 v9.1.0  | Unsatisfiable (0.007s)
SYN339+1.p                                                   | Theorem            | 0.00 v9.1.0  | Unsatisfiable (0.007s)
SYN339-1.p                                                   | Unsatisfiable      | 0.00 v5.3.0  | Unsatisfiable (0.007s)
SYN340+1.p                                                   | Theorem            | 0.05 v9.1.0  | Unsatisfiable (0.006s)
SYN340-1.p                                                   | Unsatisfiable      | 0.00 v5.3.0  | Unsatisfiable (0.007s)
SYN341+1.p                                                   | Theorem            | 0.00 v9.1.0  | Unsatisfiable (0.007s)
SYN341-1.p                                                   | Unsatisfiable      | 0.00 v5.3.0  | Unsatisfiable (0.007s)
SYN342+1.p                                                   | CounterSatisfiable | 0.00 v4.1.0  | GaveUp (0.008s)       
SYN342-1.p                                                   | Satisfiable        | 0.00 v2.5.0  | GaveUp (0.007s)       
SYN342-10.p                                                  | Satisfiable        | 0.00 v7.5.0  | GaveUp (0.007s)       
SYN343+1.p                                                   | Theorem            | 0.05 v9.1.0  | Unsatisfiable (0.007s)
SYN343-1.p                                                   | Unsatisfiable      | 0.00 v2.0.0  | Unsatisfiable (0.007s)
SYN344+1.p                                                   | CounterSatisfiable | 0.00 v5.4.0  | GaveUp (0.008s)       
SYN344-1.p                                                   | Satisfiable        | 0.00 v5.5.0  | GaveUp (0.010s)       
SYN345+1.p                                                   | Theorem            | 0.00 v9.1.0  | Unsatisfiable (0.013s)
SYN345-1.p                                                   | Unsatisfiable      | 0.08 v9.1.0  | Unsatisfiable (0.018s)
SYN346+1.p                                                   | Theorem            | 0.00 v5.3.0  | Unsatisfiable (0.008s)
SYN346-1.p                                                   | Unsatisfiable      | 0.00 v5.3.0  | Unsatisfiable (0.007s)
SYN347+1.p                                                   | Theorem            | 0.00 v9.1.0  | Unsatisfiable (0.031s)
SYN347-1.p                                                   | Unsatisfiable      | 0.00 v2.0.0  | Unsatisfiable (0.032s)
SYN348+1.p                                                   | CounterSatisfiable | 0.00 v6.2.0  | GaveUp (0.147s)       
SYN348-1.p                                                   | Satisfiable        | 0.00 v3.1.0  | GaveUp (0.049s)       
SYN349+1.p                                                   | Theorem            | 0.00 v9.1.0  | Unsatisfiable (0.018s)
SYN349-1.p                                                   | Unsatisfiable      | 0.08 v9.1.0  | Unsatisfiable (0.016s)
SYN350+1.p                                                   | Theorem            | 0.00 v9.1.0  | Unsatisfiable (0.009s)
SYN350-1.p                                                   | Unsatisfiable      | 0.00 v2.0.0  | Unsatisfiable (0.014s)
SYN351+1.p                                                   | Theorem            | 0.05 v9.1.0  | Unsatisfiable (0.012s)
SYN351-1.p                                                   | Satisfiable        | 0.00 v5.4.0  | Timeout (3.010s)      
SYN352+1.p                                                   | Theorem            | 0.00 v9.1.0  | Unsatisfiable (0.020s)
SYN352-1.p                                                   | Unsatisfiable      | 0.00 v7.1.0  | Unsatisfiable (0.032s)
SYN353+1.p                                                   | Theorem            | 0.45 v9.1.0  | Timeout (3.011s)      
SYN353-1.p                                                   | Unsatisfiable      | 0.38 v9.1.0  | Timeout (3.011s)      
SYN354+1.p                                                   | Theorem            | 0.05 v9.1.0  | Unsatisfiable (0.014s)
SYN354-1.p                                                   | Unsatisfiable      | 0.00 v7.1.0  | Unsatisfiable (0.011s)
SYN355+1.p                                                   | Theorem            | 0.00 v5.3.0  | Unsatisfiable (0.008s)
SYN355^5.p                                                   | Theorem            | 0.08 v9.1.0  | Error (0.007s)        
SYN356+1.p                                                   | Theorem            | 0.00 v5.3.0  | Unsatisfiable (0.009s)
SYN356^5.p                                                   | Theorem            | 0.08 v9.1.0  | Error (0.007s)        
SYN357+1.p                                                   | Theorem            | 0.00 v3.2.0  | Unsatisfiable (0.007s)
SYN357^5.p                                                   | Theorem            | 0.00 v6.2.0  | Error (0.007s)        
SYN357^7.p                                                   | Theorem            | 0.11 v9.1.0  | Error (0.008s)        
SYN358+1.p                                                   | Theorem            | 0.00 v6.0.0  | Unsatisfiable (0.009s)
SYN358^5.p                                                   | Theorem            | 0.00 v6.2.0  | Error (0.007s)        
SYN359+1.p                                                   | Theorem            | 0.00 v5.3.0  | Unsatisfiable (0.008s)
SYN360+1.p                                                   | Theorem            | 0.00 v9.1.0  | Unsatisfiable (0.007s)
SYN360^5.p                                                   | Theorem            | 0.00 v6.2.0  | Error (0.007s)        
SYN361+1.p                                                   | Theorem            | 0.00 v6.4.0  | Unsatisfiable (0.009s)
SYN361^5.p                                                   | Theorem            | 0.08 v9.1.0  | Error (0.007s)        
SYN362+1.p                                                   | Theorem            | 0.00 v6.3.0  | Unsatisfiable (0.007s)
SYN363+1.p                                                   | Theorem            | 0.00 v6.3.0  | Unsatisfiable (0.006s)
SYN364+1.p                                                   | Theorem            | 0.00 v9.1.0  | Unsatisfiable (0.012s)
SYN364^5.p                                                   | Theorem            | 0.17 v9.1.0  | Error (0.008s)        
SYN365+1.p                                                   | Theorem            | 0.00 v9.1.0  | Unsatisfiable (0.024s)
SYN365^5.p                                                   | Theorem            | 0.08 v9.1.0  | Error (0.007s)        
SYN366+1.p                                                   | Theorem            | 0.00 v5.3.0  | Unsatisfiable (0.008s)
SYN367+1.p                                                   | Theorem            | 0.00 v5.3.0  | Unsatisfiable (0.007s)
SYN367^7.p                                                   | Theorem            | 0.11 v9.1.0  | Error (0.007s)        
SYN368+1.p                                                   | Theorem            | 0.00 v4.1.0  | Unsatisfiable (0.007s)
SYN369+1.p                                                   | Theorem            | 0.00 v9.1.0  | Unsatisfiable (0.008s)
SYN370+1.p                                                   | Theorem            | 0.00 v9.1.0  | Unsatisfiable (0.007s)
SYN371+1.p                                                   | Theorem            | 0.00 v9.1.0  | Unsatisfiable (0.007s)
SYN372+1.p                                                   | Theorem            | 0.00 v5.3.0  | Unsatisfiable (0.007s)
SYN373+1.p                                                   | Theorem            | 0.00 v5.3.0  | Unsatisfiable (0.009s)
SYN374+1.p                                                   | Theorem            | 0.00 v9.1.0  | Unsatisfiable (0.164s)
SYN374^5.p                                                   | Theorem            | 0.08 v9.1.0  | Error (0.008s)        
SYN375+1.p                                                   | Theorem            | 0.00 v9.1.0  | Unsatisfiable (0.252s)
SYN375^5.p                                                   | Theorem            | 0.00 v6.2.0  | Error (0.008s)        
SYN376+1.p                                                   | Theorem            | 0.00 v5.4.0  | Unsatisfiable (0.007s)
SYN377+1.p                                                   | Theorem            | 0.05 v9.1.0  | Unsatisfiable (0.388s)
SYN377^5.p                                                   | Theorem            | 0.08 v9.1.0  | Error (0.008s)        
SYN377^7.p                                                   | Theorem            | 0.67 v9.1.0  | Error (0.008s)        
SYN378+1.p                                                   | Theorem            | 0.00 v5.3.0  | Unsatisfiable (0.007s)
SYN379+1.p                                                   | Theorem            | 0.00 v5.4.0  | Unsatisfiable (0.007s)
SYN380+1.p                                                   | Theorem            | 0.00 v9.1.0  | Unsatisfiable (0.007s)
SYN381+1.p                                                   | Theorem            | 0.00 v6.3.0  | Unsatisfiable (0.008s)
SYN381^5.p                                                   | Theorem            | 0.17 v9.1.0  | Error (0.007s)        
SYN382+1.p                                                   | Theorem            | 0.00 v5.3.0  | Unsatisfiable (0.007s)
SYN382^5.p                                                   | Theorem            | 0.00 v6.2.0  | Error (0.007s)        
SYN383+1.p                                                   | Theorem            | 0.00 v9.1.0  | Unsatisfiable (0.006s)
SYN384+1.p                                                   | Theorem            | 0.00 v9.1.0  | Unsatisfiable (0.007s)
SYN385+1.p                                                   | Theorem            | 0.00 v5.3.0  | Unsatisfiable (0.007s)
SYN386+1.p                                                   | Theorem            | 0.10 v9.1.0  | Unsatisfiable (0.028s)
SYN386^5.p                                                   | Theorem            | 0.25 v9.0.0  | Error (0.007s)        
SYN387+1.p                                                   | Theorem            | 0.00 v2.1.0  | Unsatisfiable (0.007s)
SYN387^4.p                                                   | CounterSatisfiable | 0.33 v9.0.0  | Error (0.006s)        
SYN387^7.p                                                   | CounterSatisfiable | 0.33 v9.0.0  | Error (0.006s)        
SYN388+1.p                                                   | Theorem            | 0.00 v2.1.0  | Unsatisfiable (0.006s)
SYN388^4.p                                                   | CounterSatisfiable | 0.67 v9.0.0  | Error (0.006s)        
SYN389+1.p                                                   | Theorem            | 0.00 v4.1.0  | Unsatisfiable (0.007s)
SYN389^4.p                                                   | CounterSatisfiable | 0.67 v9.0.0  | Error (0.007s)        
SYN390+1.p                                                   | Theorem            | 0.00 v2.1.0  | Unsatisfiable (0.007s)
SYN390^4.p                                                   | Theorem            | 0.00 v8.2.0  | Error (0.006s)        
SYN391+1.p                                                   | Theorem            | 0.00 v2.1.0  | Unsatisfiable (0.008s)
SYN391^4.p                                                   | Theorem            | 0.11 v9.1.0  | Error (0.006s)        
SYN392+1.p                                                   | Theorem            | 0.00 v4.0.0  | Unsatisfiable (0.008s)
SYN392^4.p                                                   | CounterSatisfiable | 0.67 v9.0.0  | Error (0.007s)        
SYN393+1.003.p                                               | Theorem            | 0.00 v4.0.0  | Unsatisfiable (0.011s)
SYN393^4.002.p                                               | Theorem            | 0.22 v9.1.0  | Error (0.007s)        
SYN393^4.003.p                                               | CounterSatisfiable | 0.67 v9.0.0  | Error (0.007s)        
SYN393^4.004.p                                               | Theorem            | 0.67 v9.1.0  | Error (0.006s)        
SYN394+1.p                                                   | Theorem            | 0.00 v5.3.0  | Unsatisfiable (0.007s)
SYN395+1.p                                                   | Theorem            | 0.00 v5.3.0  | Unsatisfiable (0.006s)
SYN396+1.p                                                   | Theorem            | 0.00 v5.3.0  | Unsatisfiable (0.007s)
SYN397+1.p                                                   | Theorem            | 0.00 v6.1.0  | Unsatisfiable (0.008s)
SYN397^7.p                                                   | Theorem            | 0.11 v9.1.0  | Error (0.008s)        
SYN398+1.p                                                   | Theorem            | 0.00 v5.3.0  | Unsatisfiable (0.008s)
SYN399+1.p                                                   | Theorem            | 0.00 v5.4.0  | Unsatisfiable (0.008s)
SYN400+1.p                                                   | Theorem            | 0.00 v4.0.1  | Unsatisfiable (0.007s)
SYN401+1.p                                                   | Theorem            | 0.00 v5.3.0  | Unsatisfiable (0.006s)
SYN402+1.p                                                   | Theorem            | 0.00 v5.3.0  | Unsatisfiable (0.007s)
SYN403+1.p                                                   | Theorem            | 0.00 v5.3.0  | Unsatisfiable (0.008s)
SYN404+1.p                                                   | Theorem            | 0.00 v5.5.0  | Unsatisfiable (0.007s)
SYN405+1.p                                                   | Theorem            | 0.00 v5.3.0  | Unsatisfiable (0.007s)
SYN406+1.p                                                   | Theorem            | 0.00 v5.3.0  | Unsatisfiable (0.007s)
SYN407+1.p                                                   | Theorem            | 0.00 v5.3.0  | Unsatisfiable (0.008s)
SYN407^7.p                                                   | CounterSatisfiable | 0.67 v9.0.0  | Error (0.008s)        
SYN408+1.p                                                   | Theorem            | 0.00 v5.3.0  | Unsatisfiable (0.008s)
SYN409+1.p                                                   | Theorem            | 0.00 v5.3.0  | Unsatisfiable (0.008s)
SYN410+1.p                                                   | Theorem            | 0.00 v4.1.0  | Unsatisfiable (0.007s)
SYN411+1.p                                                   | Theorem            | 0.00 v5.3.0  | Unsatisfiable (0.007s)
SYN412+1.p                                                   | Theorem            | 0.00 v5.3.0  | Unsatisfiable (0.007s)
SYN413+1.p                                                   | Theorem            | 0.05 v9.1.0  | Unsatisfiable (0.011s)
SYN414+1.p                                                   | CounterSatisfiable | 0.00 v5.3.0  | Timeout (3.010s)      
SYN415+1.p                                                   | Theorem            | 0.12 v9.1.0  | Unsatisfiable (0.944s)
SYN416+1.p                                                   | Theorem            | 0.00 v4.1.0  | Unsatisfiable (0.008s)
SYN416^4.p                                                   | CounterSatisfiable | 0.33 v9.0.0  | Error (0.007s)        
SYN416^7.p                                                   | CounterSatisfiable | 0.33 v9.0.0  | Error (0.006s)        
SYN417+1.p                                                   | Theorem            | 0.09 v9.1.0  | Timeout (3.009s)      
SYN418+1.p                                                   | CounterSatisfiable | 0.00 v5.5.0  | Timeout (3.027s)      
SYN418-1.p                                                   | Satisfiable        | 0.00 v7.3.0  | Timeout (3.014s)      
SYN419+1.p                                                   | CounterSatisfiable | 0.00 v5.5.0  | Timeout (3.025s)      
SYN419-1.p                                                   | Satisfiable        | 0.00 v7.3.0  | Timeout (3.015s)      
SYN420+1.p                                                   | CounterSatisfiable | 0.00 v6.1.0  | Timeout (3.033s)      
SYN420-1.p                                                   | Satisfiable        | 0.00 v7.3.0  | Timeout (3.017s)      
SYN421+1.p                                                   | CounterSatisfiable | 0.00 v5.5.0  | Timeout (3.029s)      
SYN421-1.p                                                   | Satisfiable        | 0.00 v7.3.0  | Timeout (3.017s)      
SYN422+1.p                                                   | CounterSatisfiable | 0.00 v5.5.0  | Timeout (3.025s)      
SYN422-1.p                                                   | Satisfiable        | 0.00 v7.3.0  | Timeout (3.016s)      
SYN423+1.p                                                   | CounterSatisfiable | 0.00 v5.5.0  | Timeout (3.022s)      
SYN423-1.p                                                   | Satisfiable        | 0.00 v7.3.0  | Timeout (3.016s)      
SYN424+1.p                                                   | CounterSatisfiable | 0.00 v6.2.0  | Timeout (3.050s)      
SYN424-1.p                                                   | Satisfiable        | 0.00 v7.3.0  | Timeout (3.016s)      
SYN425+1.p                                                   | CounterSatisfiable | 0.00 v5.5.0  | Timeout (3.028s)      
SYN425-1.p                                                   | Satisfiable        | 0.00 v7.3.0  | Timeout (3.019s)      
SYN426+1.p                                                   | CounterSatisfiable | 0.00 v6.2.0  | Timeout (3.032s)      
SYN426-1.p                                                   | Satisfiable        | 0.00 v7.3.0  | Timeout (3.015s)      
SYN427+1.p                                                   | CounterSatisfiable | 0.00 v6.2.0  | Timeout (3.060s)      
SYN427-1.p                                                   | Satisfiable        | 0.00 v7.3.0  | Timeout (3.016s)      
SYN428+1.p                                                   | CounterSatisfiable | 0.00 v5.5.0  | Timeout (3.037s)      
SYN428-1.p                                                   | Satisfiable        | 0.00 v7.3.0  | Timeout (3.016s)      
SYN429+1.p                                                   | CounterSatisfiable | 0.00 v5.5.0  | Timeout (3.028s)      
SYN429-1.p                                                   | Satisfiable        | 0.00 v7.3.0  | Timeout (3.017s)      
SYN430+1.p                                                   | CounterSatisfiable | 0.00 v4.1.0  | Timeout (3.011s)      
SYN430-1.p                                                   | Satisfiable        | 0.00 v2.2.1  | Timeout (3.012s)      
SYN431+1.p                                                   | CounterSatisfiable | 0.00 v4.1.0  | Timeout (3.011s)      
SYN431-1.p                                                   | Satisfiable        | 0.00 v6.2.0  | Timeout (3.012s)      
SYN432+1.p                                                   | CounterSatisfiable | 0.00 v4.1.0  | Timeout (3.011s)      
SYN432-1.p                                                   | Satisfiable        | 0.00 v2.2.1  | Timeout (3.012s)      
SYN433+1.p                                                   | CounterSatisfiable | 0.00 v4.1.0  | Timeout (3.012s)      
SYN433-1.p                                                   | Satisfiable        | 0.00 v2.2.1  | Timeout (3.012s)      
SYN434+1.p                                                   | CounterSatisfiable | 0.00 v5.5.0  | Timeout (3.012s)      
SYN434-1.p                                                   | Satisfiable        | 0.00 v7.3.0  | Timeout (3.012s)      
SYN435+1.p                                                   | CounterSatisfiable | 0.00 v5.5.0  | Timeout (3.012s)      
SYN435-1.p                                                   | Satisfiable        | 0.00 v7.3.0  | Timeout (3.012s)      
SYN436+1.p                                                   | Theorem            | 0.00 v6.1.0  | Timeout (3.011s)      
SYN436-1.p                                                   | Unsatisfiable      | 0.00 v7.0.0  | Timeout (3.012s)      
SYN437+1.p                                                   | CounterSatisfiable | 0.00 v5.5.0  | Timeout (3.012s)      
SYN437-1.p                                                   | Satisfiable        | 0.00 v7.3.0  | Timeout (3.013s)      
SYN438+1.p                                                   | CounterSatisfiable | 0.00 v5.5.0  | Timeout (3.011s)      
SYN438-1.p                                                   | Satisfiable        | 0.00 v7.3.0  | Timeout (3.012s)      
SYN439+1.p                                                   | Theorem            | 0.00 v7.0.0  | Timeout (3.012s)      
SYN439-1.p                                                   | Unsatisfiable      | 0.00 v7.3.0  | Timeout (3.012s)      
SYN440+1.p                                                   | Theorem            | 0.00 v7.0.0  | Timeout (3.014s)      
SYN440-1.p                                                   | Unsatisfiable      | 0.00 v7.3.0  | Timeout (3.012s)      
SYN441+1.p                                                   | CounterSatisfiable | 0.00 v5.5.0  | Timeout (3.012s)      
SYN441-1.p                                                   | Satisfiable        | 0.00 v7.3.0  | Timeout (3.013s)      
SYN442+1.p                                                   | Theorem            | 0.00 v6.1.0  | Timeout (3.012s)      
SYN442-1.p                                                   | Unsatisfiable      | 0.00 v7.0.0  | Timeout (3.012s)      
SYN443+1.p                                                   | Theorem            | 0.00 v5.5.0  | Timeout (3.012s)      
SYN443-1.p                                                   | Unsatisfiable      | 0.00 v7.0.0  | Timeout (3.013s)      
SYN444+1.p                                                   | Theorem            | 0.00 v6.1.0  | Timeout (3.012s)      
SYN444-1.p                                                   | Unsatisfiable      | 0.00 v7.0.0  | Timeout (3.011s)      
SYN445+1.p                                                   | Theorem            | 0.00 v6.1.0  | Timeout (3.013s)      
SYN445-1.p                                                   | Unsatisfiable      | 0.00 v7.0.0  | Timeout (3.012s)      
SYN446+1.p                                                   | CounterSatisfiable | 0.00 v5.5.0  | Timeout (3.012s)      
SYN446-1.p                                                   | Satisfiable        | 0.00 v7.3.0  | Timeout (3.012s)      
SYN447+1.p                                                   | Theorem            | 0.00 v6.1.0  | Timeout (3.012s)      
SYN447-1.p                                                   | Unsatisfiable      | 0.00 v7.0.0  | Timeout (3.012s)      
SYN448+1.p                                                   | Theorem            | 0.00 v6.1.0  | Timeout (3.012s)      
SYN448-1.p                                                   | Unsatisfiable      | 0.00 v7.0.0  | Timeout (3.012s)      
SYN449+1.p                                                   | CounterSatisfiable | 0.00 v6.1.0  | Timeout (3.013s)      
SYN449-1.p                                                   | Satisfiable        | 0.00 v7.3.0  | Timeout (3.011s)      
SYN450+1.p                                                   | Theorem            | 0.00 v5.5.0  | Timeout (3.011s)      
SYN450-1.p                                                   | Unsatisfiable      | 0.00 v7.0.0  | Timeout (3.011s)      
SYN451+1.p                                                   | Theorem            | 0.00 v6.1.0  | Timeout (3.012s)      
SYN451-1.p                                                   | Unsatisfiable      | 0.00 v7.0.0  | Timeout (3.012s)      
SYN452+1.p                                                   | Theorem            | 0.00 v6.1.0  | Timeout (3.013s)      
SYN452-1.p                                                   | Unsatisfiable      | 0.00 v7.0.0  | Timeout (3.012s)      
SYN453+1.p                                                   | CounterSatisfiable | 0.00 v5.5.0  | Timeout (3.012s)      
SYN453-1.p                                                   | Satisfiable        | 0.00 v7.3.0  | Timeout (3.012s)      
SYN454+1.p                                                   | Theorem            | 0.00 v6.1.0  | Timeout (3.011s)      
SYN454-1.p                                                   | Unsatisfiable      | 0.00 v7.0.0  | Timeout (3.012s)      
SYN455+1.p                                                   | Theorem            | 0.00 v6.1.0  | Timeout (3.012s)      
SYN455-1.p                                                   | Unsatisfiable      | 0.00 v7.0.0  | Timeout (3.012s)      
SYN456+1.p                                                   | CounterSatisfiable | 0.00 v5.5.0  | Timeout (3.012s)      
SYN456-1.p                                                   | Satisfiable        | 0.00 v7.3.0  | Timeout (3.011s)      
SYN457+1.p                                                   | Theorem            | 0.33 v9.1.0  | Timeout (3.013s)      
SYN457-1.p                                                   | Unsatisfiable      | 0.00 v7.3.0  | Timeout (3.014s)      
SYN458+1.p                                                   | Theorem            | 0.00 v6.1.0  | Timeout (3.011s)      
SYN458-1.p                                                   | Unsatisfiable      | 0.00 v7.0.0  | Timeout (3.012s)      
SYN459+1.p                                                   | Theorem            | 0.00 v6.1.0  | Timeout (3.012s)      
SYN459-1.p                                                   | Unsatisfiable      | 0.00 v7.0.0  | Timeout (3.013s)      
SYN460+1.p                                                   | Theorem            | 0.00 v6.1.0  | Timeout (3.013s)      
SYN460-1.p                                                   | Unsatisfiable      | 0.00 v7.0.0  | Timeout (3.013s)      
SYN461+1.p                                                   | Theorem            | 0.00 v6.1.0  | Timeout (3.013s)      
SYN461-1.p                                                   | Unsatisfiable      | 0.00 v7.0.0  | Timeout (3.013s)      
SYN462+1.p                                                   | Theorem            | 0.00 v6.1.0  | Timeout (3.013s)      
SYN462-1.p                                                   | Unsatisfiable      | 0.00 v7.0.0  | Timeout (3.011s)      
SYN463+1.p                                                   | CounterSatisfiable | 0.00 v5.5.0  | Timeout (3.013s)      
SYN463-1.p                                                   | Satisfiable        | 0.00 v7.3.0  | Timeout (3.012s)      
SYN464+1.p                                                   | CounterSatisfiable | 0.00 v5.5.0  | Timeout (3.012s)      
SYN464-1.p                                                   | Satisfiable        | 0.00 v7.3.0  | Timeout (3.013s)      
SYN465+1.p                                                   | Theorem            | 0.00 v5.5.0  | Timeout (3.012s)      
SYN465-1.p                                                   | Unsatisfiable      | 0.00 v7.0.0  | Timeout (3.012s)      
SYN466+1.p                                                   | Theorem            | 0.00 v6.1.0  | Timeout (3.012s)      
SYN466-1.p                                                   | Unsatisfiable      | 0.00 v7.0.0  | Timeout (3.012s)      
SYN467+1.p                                                   | Theorem            | 0.00 v5.5.0  | Timeout (3.012s)      
SYN467-1.p                                                   | Unsatisfiable      | 0.00 v7.0.0  | Timeout (3.012s)      
SYN468+1.p                                                   | Theorem            | 0.00 v6.1.0  | Timeout (3.012s)      
SYN468-1.p                                                   | Unsatisfiable      | 0.00 v7.0.0  | Timeout (3.011s)      
SYN469+1.p                                                   | Theorem            | 0.00 v5.5.0  | Timeout (3.012s)      
SYN469-1.p                                                   | Unsatisfiable      | 0.00 v7.0.0  | Timeout (3.011s)      
SYN470+1.p                                                   | Theorem            | 0.00 v6.1.0  | Timeout (3.013s)      
SYN470-1.p                                                   | Unsatisfiable      | 0.00 v7.0.0  | Timeout (3.011s)      
SYN471+1.p                                                   | Theorem            | 0.00 v5.5.0  | Timeout (3.013s)      
SYN471-1.p                                                   | Unsatisfiable      | 0.00 v7.0.0  | Timeout (3.011s)      
SYN472+1.p                                                   | Theorem            | 0.00 v5.5.0  | Timeout (3.013s)      
SYN472-1.p                                                   | Unsatisfiable      | 0.00 v7.0.0  | Timeout (3.012s)      
SYN473+1.p                                                   | Theorem            | 0.00 v5.5.0  | Timeout (3.012s)      
SYN473-1.p                                                   | Unsatisfiable      | 0.00 v7.0.0  | Timeout (3.012s)      
SYN474+1.p                                                   | Theorem            | 0.00 v6.1.0  | Timeout (3.012s)      
SYN474-1.p                                                   | Unsatisfiable      | 0.00 v7.0.0  | Timeout (3.012s)      
SYN475+1.p                                                   | Theorem            | 0.00 v5.5.0  | Timeout (3.013s)      
SYN475-1.p                                                   | Unsatisfiable      | 0.00 v7.0.0  | Timeout (3.013s)      
SYN476+1.p                                                   | Theorem            | 0.00 v6.1.0  | Timeout (3.014s)      
SYN476-1.p                                                   | Unsatisfiable      | 0.00 v7.0.0  | Timeout (3.012s)      
SYN477+1.p                                                   | Theorem            | 0.00 v6.1.0  | Timeout (3.011s)      
SYN477-1.p                                                   | Unsatisfiable      | 0.00 v7.0.0  | Timeout (3.012s)      
SYN478+1.p                                                   | Theorem            | 0.00 v6.1.0  | Timeout (3.012s)      
SYN478-1.p                                                   | Unsatisfiable      | 0.00 v7.0.0  | Timeout (3.013s)      
SYN479+1.p                                                   | Theorem            | 0.00 v6.1.0  | Timeout (3.012s)      
SYN479-1.p                                                   | Unsatisfiable      | 0.00 v7.0.0  | Timeout (3.012s)      
SYN480+1.p                                                   | Theorem            | 0.00 v5.5.0  | Timeout (3.013s)      
SYN480-1.p                                                   | Unsatisfiable      | 0.00 v7.0.0  | Timeout (3.013s)      
SYN481+1.p                                                   | Theorem            | 0.00 v6.1.0  | Timeout (3.013s)      
SYN481-1.p                                                   | Unsatisfiable      | 0.00 v7.0.0  | Timeout (3.012s)      
SYN482+1.p                                                   | Theorem            | 0.00 v5.5.0  | Timeout (3.011s)      
SYN482-1.p                                                   | Unsatisfiable      | 0.00 v7.0.0  | Timeout (3.013s)      
SYN483+1.p                                                   | Theorem            | 0.00 v6.1.0  | Timeout (3.012s)      
SYN483-1.p                                                   | Unsatisfiable      | 0.00 v7.0.0  | Timeout (3.011s)      
SYN484+1.p                                                   | Theorem            | 0.00 v5.5.0  | Timeout (3.013s)      
SYN484-1.p                                                   | Unsatisfiable      | 0.00 v7.0.0  | Timeout (3.013s)      
SYN485+1.p                                                   | Theorem            | 0.00 v5.5.0  | Timeout (3.012s)      
SYN485-1.p                                                   | Unsatisfiable      | 0.00 v7.0.0  | Timeout (3.012s)      
SYN486+1.p                                                   | Theorem            | 0.00 v6.1.0  | Timeout (3.013s)      
SYN486-1.p                                                   | Unsatisfiable      | 0.00 v7.0.0  | Timeout (3.013s)      
SYN487+1.p                                                   | Theorem            | 0.00 v6.1.0  | Timeout (3.012s)      
SYN487-1.p                                                   | Unsatisfiable      | 0.00 v7.0.0  | Timeout (3.012s)      
SYN488+1.p                                                   | Theorem            | 0.00 v6.1.0  | Timeout (3.012s)      
SYN488-1.p                                                   | Unsatisfiable      | 0.00 v7.0.0  | Timeout (3.012s)      
SYN489+1.p                                                   | Theorem            | 0.00 v5.5.0  | Timeout (3.012s)      
SYN489-1.p                                                   | Unsatisfiable      | 0.00 v7.0.0  | Timeout (3.012s)      
SYN490+1.p                                                   | CounterSatisfiable | 0.00 v4.1.0  | Timeout (3.011s)      
SYN490-1.p                                                   | Satisfiable        | 0.00 v2.2.0  | Timeout (3.010s)      
SYN491+1.p                                                   | CounterSatisfiable | 0.00 v5.5.0  | Timeout (3.010s)      
SYN491-1.p                                                   | Satisfiable        | 0.00 v2.2.0  | Timeout (3.010s)      
SYN492+1.p                                                   | CounterSatisfiable | 0.00 v5.4.0  | Timeout (3.013s)      
SYN492-1.p                                                   | Satisfiable        | 0.00 v2.2.0  | Timeout (3.011s)      
SYN493+1.p                                                   | CounterSatisfiable | 0.00 v4.1.0  | Timeout (3.011s)      
SYN493-1.p                                                   | Satisfiable        | 0.00 v2.2.0  | Timeout (3.011s)      
SYN494+1.p                                                   | CounterSatisfiable | 0.00 v4.1.0  | Timeout (3.011s)      
SYN494-1.p                                                   | Satisfiable        | 0.00 v2.2.0  | Timeout (3.011s)      
SYN495+1.p                                                   | CounterSatisfiable | 0.00 v4.1.0  | Timeout (3.012s)      
SYN495-1.p                                                   | Satisfiable        | 0.00 v2.1.0  | Timeout (3.010s)      
SYN496+1.p                                                   | CounterSatisfiable | 0.00 v6.1.0  | Timeout (3.010s)      
SYN496-1.p                                                   | Satisfiable        | 0.00 v2.2.0  | Timeout (3.011s)      
SYN497+1.p                                                   | CounterSatisfiable | 0.00 v4.1.0  | Timeout (3.011s)      
SYN497-1.p                                                   | Satisfiable        | 0.00 v2.2.0  | Timeout (3.010s)      
SYN498+1.p                                                   | Theorem            | 0.00 v6.1.0  | Timeout (3.014s)      
SYN498-1.p                                                   | Unsatisfiable      | 0.00 v7.0.0  | Timeout (3.011s)      
SYN499+1.p                                                   | Theorem            | 0.00 v6.1.0  | Timeout (3.012s)      
SYN499-1.p                                                   | Unsatisfiable      | 0.00 v7.0.0  | Timeout (3.012s)      
SYN500+1.p                                                   | Theorem            | 0.00 v6.1.0  | Timeout (3.012s)      
SYN500-1.p                                                   | Unsatisfiable      | 0.00 v7.0.0  | Timeout (3.013s)      
SYN501+1.p                                                   | Theorem            | 0.00 v6.1.0  | Timeout (3.013s)      
SYN501-1.p                                                   | Unsatisfiable      | 0.00 v7.0.0  | Timeout (3.011s)      
SYN502+1.p                                                   | Theorem            | 0.00 v6.1.0  | Timeout (3.013s)      
SYN502-1.p                                                   | Unsatisfiable      | 0.00 v7.0.0  | Timeout (3.013s)      
SYN503+1.p                                                   | Theorem            | 0.00 v5.5.0  | Timeout (3.013s)      
SYN503-1.p                                                   | Unsatisfiable      | 0.00 v7.0.0  | Timeout (3.012s)      
SYN504+1.p                                                   | Theorem            | 0.00 v6.1.0  | Timeout (3.013s)      
SYN504-1.p                                                   | Unsatisfiable      | 0.00 v7.0.0  | Timeout (3.014s)      
SYN505+1.p                                                   | Theorem            | 0.00 v5.5.0  | Timeout (3.013s)      
SYN505-1.p                                                   | Unsatisfiable      | 0.00 v7.0.0  | Timeout (3.012s)      
SYN506+1.p                                                   | Theorem            | 0.00 v6.1.0  | Timeout (3.012s)      
SYN506-1.p                                                   | Unsatisfiable      | 0.00 v7.0.0  | Timeout (3.012s)      
SYN507+1.p                                                   | Theorem            | 0.00 v6.1.0  | Timeout (3.013s)      
SYN507-1.p                                                   | Unsatisfiable      | 0.00 v7.0.0  | Timeout (3.011s)      
SYN508+1.p                                                   | Theorem            | 0.00 v6.1.0  | Timeout (3.014s)      
SYN508-1.p                                                   | Unsatisfiable      | 0.00 v7.0.0  | Timeout (3.012s)      
SYN509+1.p                                                   | Theorem            | 0.00 v5.5.0  | Timeout (3.013s)      
SYN509-1.p                                                   | Unsatisfiable      | 0.00 v7.0.0  | Timeout (3.012s)      
SYN510+1.p                                                   | Theorem            | 0.00 v6.1.0  | Timeout (3.011s)      
SYN510-1.p                                                   | Unsatisfiable      | 0.00 v7.0.0  | Timeout (3.012s)      
SYN511+1.p                                                   | Theorem            | 0.00 v6.1.0  | Timeout (3.013s)      
SYN511-1.p                                                   | Unsatisfiable      | 0.00 v7.0.0  | Timeout (3.013s)      
SYN512+1.p                                                   | Theorem            | 0.00 v6.1.0  | Timeout (3.013s)      
SYN512-1.p                                                   | Unsatisfiable      | 0.00 v7.0.0  | Timeout (3.012s)      
SYN513+1.p                                                   | CounterSatisfiable | 0.00 v6.2.0  | Timeout (3.025s)      
SYN513-1.p                                                   | Satisfiable        | 0.00 v7.3.0  | Timeout (3.015s)      
SYN514+1.p                                                   | CounterSatisfiable | 0.00 v5.5.0  | Timeout (3.017s)      
SYN514-1.p                                                   | Satisfiable        | 0.00 v7.3.0  | Timeout (3.015s)      
SYN515+1.p                                                   | CounterSatisfiable | 0.00 v4.1.0  | Timeout (3.016s)      
SYN515-1.p                                                   | Satisfiable        | 0.00 v2.2.1  | Timeout (3.012s)      
SYN516+1.p                                                   | CounterSatisfiable | 0.00 v4.1.0  | Timeout (3.012s)      
SYN516-1.p                                                   | Satisfiable        | 0.00 v2.1.0  | Timeout (3.011s)      
SYN517+1.p                                                   | CounterSatisfiable | 0.00 v5.5.0  | Timeout (3.011s)      
SYN517-1.p                                                   | Satisfiable        | 0.00 v2.2.0  | Timeout (3.015s)      
SYN518+1.p                                                   | CounterSatisfiable | 0.00 v5.5.0  | Timeout (3.040s)      
SYN518-1.p                                                   | Satisfiable        | 0.00 v7.3.0  | Timeout (3.015s)      
SYN519+1.p                                                   | CounterSatisfiable | 0.00 v6.2.0  | Timeout (3.025s)      
SYN519-1.p                                                   | Satisfiable        | 0.00 v7.3.0  | Timeout (3.016s)      
SYN520+1.p                                                   | CounterSatisfiable | 0.00 v6.2.0  | Timeout (3.022s)      
SYN520-1.p                                                   | Satisfiable        | 0.00 v7.3.0  | Timeout (3.014s)      
SYN521+1.p                                                   | CounterSatisfiable | 0.00 v4.1.0  | Timeout (3.014s)      
SYN521-1.p                                                   | Satisfiable        | 0.00 v2.2.1  | Timeout (3.011s)      
SYN522+1.p                                                   | CounterSatisfiable | 0.00 v4.1.0  | Timeout (3.016s)      
SYN522-1.p                                                   | Satisfiable        | 0.00 v5.0.0  | Timeout (3.013s)      
SYN523+1.p                                                   | CounterSatisfiable | 0.00 v4.1.0  | Timeout (3.011s)      
SYN523-1.p                                                   | Satisfiable        | 0.00 v2.1.0  | Timeout (3.011s)      
SYN524+1.p                                                   | CounterSatisfiable | 0.00 v4.1.0  | Timeout (3.013s)      
SYN524-1.p                                                   | Satisfiable        | 0.00 v2.2.1  | Timeout (3.014s)      
SYN525+1.p                                                   | CounterSatisfiable | 0.00 v6.0.0  | Timeout (3.013s)      
SYN525-1.p                                                   | Satisfiable        | 0.00 v2.2.1  | Timeout (3.012s)      
SYN526+1.p                                                   | CounterSatisfiable | 0.00 v4.1.0  | Timeout (3.015s)      
SYN526-1.p                                                   | Satisfiable        | 0.00 v2.2.1  | Timeout (3.012s)      
SYN527+1.p                                                   | CounterSatisfiable | 0.00 v4.1.0  | Timeout (3.011s)      
SYN527-1.p                                                   | Satisfiable        | 0.00 v2.1.0  | Timeout (3.011s)      
SYN528+1.p                                                   | CounterSatisfiable | 0.00 v4.1.0  | Timeout (3.015s)      
SYN528-1.p                                                   | Satisfiable        | 0.00 v2.2.1  | Timeout (3.012s)      
SYN529+1.p                                                   | CounterSatisfiable | 0.00 v4.1.0  | Timeout (3.013s)      
SYN529-1.p                                                   | Satisfiable        | 0.00 v2.2.1  | Timeout (3.014s)      
SYN530+1.p                                                   | CounterSatisfiable | 0.00 v4.1.0  | Timeout (3.012s)      
SYN530-1.p                                                   | Satisfiable        | 0.00 v7.3.0  | Timeout (3.011s)      
SYN531+1.p                                                   | CounterSatisfiable | 0.00 v4.1.0  | Timeout (3.011s)      
SYN531-1.p                                                   | Satisfiable        | 0.00 v2.2.0  | Timeout (3.015s)      
SYN532+1.p                                                   | CounterSatisfiable | 0.00 v5.5.0  | Timeout (3.017s)      
SYN532-1.p                                                   | Satisfiable        | 0.00 v2.2.1  | Timeout (3.013s)      
SYN533+1.p                                                   | CounterSatisfiable | 0.00 v5.5.0  | Timeout (3.012s)      
SYN533-1.p                                                   | Satisfiable        | 0.00 v2.2.1  | Timeout (3.012s)      
SYN534+1.p                                                   | CounterSatisfiable | 0.00 v4.1.0  | Timeout (3.012s)      
SYN534-1.p                                                   | Satisfiable        | 0.00 v2.2.0  | Timeout (3.011s)      
SYN535+1.p                                                   | CounterSatisfiable | 0.00 v4.1.0  | Timeout (3.012s)      
SYN535-1.p                                                   | Satisfiable        | 0.00 v2.2.1  | Timeout (3.012s)      
SYN536+1.p                                                   | CounterSatisfiable | 0.00 v4.1.0  | Timeout (3.013s)      
SYN536-1.p                                                   | Satisfiable        | 0.00 v2.4.0  | Timeout (3.012s)      
SYN537+1.p                                                   | CounterSatisfiable | 0.00 v4.1.0  | Timeout (3.012s)      
SYN537-1.p                                                   | Satisfiable        | 0.00 v2.2.1  | Timeout (3.012s)      
SYN538+1.p                                                   | CounterSatisfiable | 0.00 v4.1.0  | Timeout (3.016s)      
SYN538-1.p                                                   | Satisfiable        | 0.00 v5.0.0  | Timeout (3.011s)      
SYN539+1.p                                                   | CounterSatisfiable | 0.00 v4.1.0  | Timeout (3.014s)      
SYN539-1.p                                                   | Satisfiable        | 0.00 v3.1.0  | Timeout (3.013s)      
SYN540+1.p                                                   | CounterSatisfiable | 0.00 v5.5.0  | Timeout (3.013s)      
SYN540-1.p                                                   | Satisfiable        | 0.00 v6.2.0  | Timeout (3.011s)      
SYN541+1.p                                                   | CounterSatisfiable | 0.00 v4.1.0  | Timeout (3.014s)      
SYN541-1.p                                                   | Satisfiable        | 0.00 v3.2.0  | Timeout (3.012s)      
SYN542+1.p                                                   | CounterSatisfiable | 0.00 v5.5.0  | Timeout (3.013s)      
SYN542-1.p                                                   | Satisfiable        | 0.00 v7.3.0  | Timeout (3.013s)      
SYN543+1.p                                                   | CounterSatisfiable | 0.00 v5.5.0  | Timeout (3.013s)      
SYN543-1.p                                                   | Satisfiable        | 0.00 v7.3.0  | Timeout (3.013s)      
SYN544+1.p                                                   | CounterSatisfiable | 0.00 v6.0.0  | Timeout (3.026s)      
SYN544-1.p                                                   | Satisfiable        | 0.00 v6.2.0  | Timeout (3.015s)      
SYN545+1.p                                                   | CounterSatisfiable | 0.00 v5.5.0  | Timeout (3.025s)      
SYN545-1.p                                                   | Satisfiable        | 0.00 v7.3.0  | Timeout (3.016s)      
SYN546+1.p                                                   | CounterSatisfiable | 0.00 v5.5.0  | Timeout (3.027s)      
SYN546-1.p                                                   | Satisfiable        | 0.00 v7.3.0  | Timeout (3.017s)      
SYN547+1.p                                                   | CounterSatisfiable | 0.00 v5.5.0  | Timeout (3.024s)      
SYN547-1.p                                                   | Satisfiable        | 0.00 v7.3.0  | Timeout (3.015s)      
SYN548+1.p                                                   | Theorem            | 0.25 v9.1.0  | Timeout (3.011s)      
SYN549+1.p                                                   | Theorem            | 0.15 v9.1.0  | Timeout (3.011s)      
SYN550+1.p                                                   | Theorem            | 0.15 v9.1.0  | Timeout (3.010s)      
SYN551+1.p                                                   | Theorem            | 0.09 v9.1.0  | Timeout (3.011s)      
SYN551+2.p                                                   | Theorem            | 0.18 v9.1.0  | Timeout (3.011s)      
SYN551+3.p                                                   | Theorem            | 0.09 v9.1.0  | Timeout (3.011s)      
SYN552-1.p                                                   | Satisfiable        | 0.00 v6.1.0  | GaveUp (0.009s)       
SYN553-1.p                                                   | Unsatisfiable      | 0.06 v9.1.0  | Timeout (3.009s)      
SYN554-1.p                                                   | Unsatisfiable      | 0.00 v2.5.0  | Unsatisfiable (0.156s)
SYN555-1.p                                                   | Unsatisfiable      | 0.00 v5.3.0  | Unsatisfiable (2.010s)
SYN556-1.p                                                   | Unsatisfiable      | 0.29 v9.1.0  | Timeout (3.013s)      
SYN557-1.p                                                   | Unsatisfiable      | 0.06 v9.1.0  | Unsatisfiable (0.335s)
SYN558-1.p                                                   | Unsatisfiable      | 0.06 v9.1.0  | Timeout (3.011s)      
SYN559-1.p                                                   | Unsatisfiable      | 0.06 v9.1.0  | Timeout (3.010s)      
SYN560-1.p                                                   | Unsatisfiable      | 0.00 v9.1.0  | Timeout (3.012s)      
SYN561-1.p                                                   | Unsatisfiable      | 0.06 v9.1.0  | Timeout (3.011s)      
SYN562-1.p                                                   | Unsatisfiable      | 0.06 v9.1.0  | Timeout (3.011s)      
SYN563-1.p                                                   | Unsatisfiable      | 0.06 v9.1.0  | Timeout (3.011s)      
SYN563-10.p                                                  | Unsatisfiable      | 0.26 v9.1.0  | Timeout (1.225s)      
SYN564-1.p                                                   | Unsatisfiable      | 0.06 v9.1.0  | Timeout (3.010s)      
SYN565-1.p                                                   | Unsatisfiable      | 0.06 v9.1.0  | Timeout (3.011s)      
SYN566-1.p                                                   | Unsatisfiable      | 0.06 v9.1.0  | Timeout (3.011s)      
SYN567-1.p                                                   | Unsatisfiable      | 0.00 v2.5.0  | Timeout (3.012s)      
SYN568-1.p                                                   | Unsatisfiable      | 0.00 v2.6.0  | Timeout (3.010s)      
SYN569-1.p                                                   | Unsatisfiable      | 0.06 v9.1.0  | Timeout (3.011s)      
SYN570-1.p                                                   | Unsatisfiable      | 0.00 v5.4.0  | Unsatisfiable (1.626s)
SYN571-1.p                                                   | Unsatisfiable      | 0.08 v9.1.0  | Timeout (3.011s)      
SYN572-1.p                                                   | Unsatisfiable      | 0.18 v9.1.0  | Timeout (3.011s)      
SYN573-1.p                                                   | Unsatisfiable      | 0.00 v9.1.0  | Timeout (3.011s)      
SYN574-1.p                                                   | Unsatisfiable      | 0.00 v6.3.0  | Timeout (3.010s)      
SYN575-1.p                                                   | Unsatisfiable      | 0.00 v7.1.0  | Timeout (3.011s)      
SYN576-1.p                                                   | Unsatisfiable      | 0.23 v9.1.0  | Timeout (3.011s)      
SYN577-1.p                                                   | Unsatisfiable      | 0.18 v9.1.0  | Timeout (3.011s)      
SYN578-1.p                                                   | Unsatisfiable      | 0.00 v7.1.0  | Timeout (3.011s)      
SYN579-1.p                                                   | Unsatisfiable      | 0.00 v7.1.0  | Timeout (3.012s)      
SYN580-1.p                                                   | Unsatisfiable      | 0.00 v6.3.0  | Timeout (3.011s)      
SYN581-1.p                                                   | Unsatisfiable      | 0.00 v2.5.0  | Timeout (3.011s)      
SYN582-1.p                                                   | Unsatisfiable      | 0.00 v2.5.0  | Timeout (3.011s)      
SYN583-1.p                                                   | Unsatisfiable      | 0.00 v5.0.0  | Timeout (3.011s)      
SYN584-1.p                                                   | Unsatisfiable      | 0.00 v6.1.0  | Timeout (3.011s)      
SYN585-1.p                                                   | Unsatisfiable      | 0.08 v9.1.0  | Timeout (3.011s)      
SYN586-1.p                                                   | Unsatisfiable      | 0.08 v9.1.0  | Timeout (3.011s)      
SYN587-1.p                                                   | Unsatisfiable      | 0.00 v6.0.0  | Timeout (3.011s)      
SYN588-1.p                                                   | Unsatisfiable      | 0.06 v9.1.0  | Timeout (3.012s)      
SYN589-1.p                                                   | Unsatisfiable      | 0.06 v9.1.0  | Timeout (3.012s)      
SYN590-1.p                                                   | Unsatisfiable      | 0.00 v5.3.0  | Timeout (3.011s)      
SYN591-1.p                                                   | Unsatisfiable      | 0.00 v7.1.0  | Timeout (3.013s)      
SYN592-1.p                                                   | Unsatisfiable      | 0.00 v7.1.0  | Timeout (3.011s)      
SYN593-1.p                                                   | Unsatisfiable      | 0.00 v2.5.0  | Timeout (3.011s)      
SYN594-1.p                                                   | Unsatisfiable      | 0.00 v2.5.0  | Timeout (3.012s)      
SYN595-1.p                                                   | Unsatisfiable      | 0.00 v9.1.0  | Timeout (3.012s)      
SYN596-1.p                                                   | Unsatisfiable      | 0.00 v5.3.0  | Timeout (3.010s)      
SYN597-1.p                                                   | Unsatisfiable      | 0.41 v9.1.0  | Timeout (3.011s)      
SYN598-1.p                                                   | Unsatisfiable      | 0.24 v9.1.0  | Timeout (3.011s)      
SYN598-10.p                                                  | Unsatisfiable      | 0.65 v9.1.0  | Timeout (1.185s)      
SYN599-1.p                                                   | Unsatisfiable      | 0.29 v9.1.0  | Timeout (3.011s)      
SYN600-1.p                                                   | Unsatisfiable      | 0.24 v9.1.0  | Timeout (3.011s)      
SYN601-1.p                                                   | Unsatisfiable      | 0.24 v9.1.0  | Timeout (3.011s)      
SYN602-1.p                                                   | Unsatisfiable      | 0.18 v9.1.0  | Timeout (3.013s)      
SYN603-1.p                                                   | Unsatisfiable      | 0.18 v9.1.0  | Timeout (3.012s)      
SYN604-1.p                                                   | Unsatisfiable      | 0.00 v9.1.0  | Timeout (3.010s)      
SYN605-1.p                                                   | Unsatisfiable      | 0.00 v9.1.0  | Timeout (3.010s)      
SYN606-1.p                                                   | Unsatisfiable      | 0.00 v9.1.0  | Timeout (3.012s)      
SYN607-1.p                                                   | Unsatisfiable      | 0.00 v9.1.0  | Timeout (3.010s)      
SYN608-1.p                                                   | Unsatisfiable      | 0.00 v9.1.0  | Timeout (3.011s)      
SYN609-1.p                                                   | Unsatisfiable      | 0.08 v9.1.0  | Timeout (3.011s)      
SYN610-1.p                                                   | Unsatisfiable      | 0.08 v9.1.0  | Timeout (3.011s)      
SYN611-1.p                                                   | Unsatisfiable      | 0.08 v9.1.0  | Timeout (3.013s)      
SYN612-1.p                                                   | Unsatisfiable      | 0.08 v9.1.0  | Timeout (3.011s)      
SYN613-1.p                                                   | Unsatisfiable      | 0.00 v5.0.0  | Timeout (3.010s)      
SYN614-1.p                                                   | Unsatisfiable      | 0.47 v9.0.0  | Timeout (3.011s)      
SYN615-1.p                                                   | Unsatisfiable      | 0.71 v9.1.0  | Timeout (3.012s)      
SYN615-10.p                                                  | Unsatisfiable      | 0.91 v9.0.0  | Timeout (1.193s)      
SYN616-1.p                                                   | Unsatisfiable      | 0.53 v9.1.0  | Timeout (3.011s)      
SYN617-1.p                                                   | Unsatisfiable      | 0.59 v9.1.0  | Timeout (3.012s)      
SYN618-1.p                                                   | Unsatisfiable      | 0.00 v5.3.0  | Timeout (3.011s)      
SYN619-1.p                                                   | Unsatisfiable      | 0.08 v9.1.0  | Timeout (3.012s)      
SYN620-1.p                                                   | Unsatisfiable      | 0.00 v6.3.0  | Timeout (3.011s)      
SYN621-1.p                                                   | Unsatisfiable      | 0.08 v9.1.0  | Timeout (3.012s)      
SYN622-1.p                                                   | Unsatisfiable      | 0.00 v9.1.0  | Timeout (3.011s)      
SYN623-1.p                                                   | Unsatisfiable      | 0.00 v7.0.0  | Timeout (3.011s)      
SYN624-1.p                                                   | Unsatisfiable      | 0.08 v9.1.0  | Timeout (3.011s)      
SYN625-1.p                                                   | Unsatisfiable      | 0.00 v7.1.0  | Timeout (3.011s)      
SYN626-1.p                                                   | Unsatisfiable      | 0.00 v2.5.0  | Timeout (3.011s)      
SYN627-1.p                                                   | Unsatisfiable      | 0.00 v5.0.0  | Timeout (3.010s)      
SYN628-1.p                                                   | Unsatisfiable      | 0.29 v9.1.0  | Timeout (3.011s)      
SYN629-1.p                                                   | Unsatisfiable      | 0.47 v9.1.0  | Timeout (3.011s)      
SYN630-1.p                                                   | Unsatisfiable      | 0.00 v4.0.0  | Timeout (3.012s)      
SYN631-1.p                                                   | Unsatisfiable      | 0.24 v9.1.0  | Timeout (3.011s)      
SYN632-1.p                                                   | Unsatisfiable      | 0.00 v5.3.0  | Timeout (3.010s)      
SYN633-1.p                                                   | Unsatisfiable      | 0.08 v9.1.0  | Timeout (3.011s)      
SYN634-1.p                                                   | Unsatisfiable      | 0.08 v9.1.0  | Timeout (3.011s)      
SYN635-1.p                                                   | Unsatisfiable      | 0.08 v9.1.0  | Timeout (3.011s)      
SYN636-1.p                                                   | Unsatisfiable      | 0.08 v9.1.0  | Timeout (3.011s)      
SYN637-1.p                                                   | Unsatisfiable      | 0.00 v8.1.0  | Timeout (3.011s)      
SYN638-1.p                                                   | Unsatisfiable      | 0.00 v8.1.0  | Timeout (3.011s)      
SYN639-1.p                                                   | Unsatisfiable      | 0.24 v9.1.0  | Timeout (3.011s)      
SYN640-1.p                                                   | Unsatisfiable      | 0.24 v9.1.0  | Timeout (3.012s)      
SYN641-1.p                                                   | Unsatisfiable      | 0.00 v7.1.0  | Timeout (3.011s)      
SYN642-1.p                                                   | Unsatisfiable      | 0.00 v7.1.0  | Timeout (3.011s)      
SYN643-1.p                                                   | Unsatisfiable      | 0.00 v7.1.0  | Timeout (3.010s)      
SYN644-1.p                                                   | Unsatisfiable      | 0.15 v9.1.0  | Timeout (3.011s)      
SYN645-1.p                                                   | Unsatisfiable      | 0.15 v9.1.0  | Timeout (3.012s)      
SYN646-1.p                                                   | Unsatisfiable      | 0.24 v9.1.0  | Timeout (3.011s)      
SYN647-1.p                                                   | Unsatisfiable      | 0.24 v9.1.0  | Timeout (3.011s)      
SYN648-1.p                                                   | Unsatisfiable      | 0.08 v9.1.0  | Timeout (3.011s)      
SYN649-1.p                                                   | Unsatisfiable      | 0.06 v9.1.0  | Timeout (3.011s)      
SYN650-1.p                                                   | Unsatisfiable      | 0.23 v9.1.0  | Timeout (3.012s)      
SYN651-1.p                                                   | Unsatisfiable      | 0.00 v5.4.0  | Timeout (3.011s)      
SYN652-1.p                                                   | Unsatisfiable      | 0.00 v5.4.0  | Unsatisfiable (1.469s)
SYN653-1.p                                                   | Unsatisfiable      | 0.12 v9.1.0  | Timeout (3.012s)      
SYN654-1.p                                                   | Unsatisfiable      | 0.06 v9.1.0  | Timeout (3.011s)      
SYN655-1.p                                                   | Unsatisfiable      | 0.06 v9.1.0  | Timeout (3.012s)      
SYN656-1.p                                                   | Unsatisfiable      | 0.00 v7.1.0  | Timeout (3.011s)      
SYN657-1.p                                                   | Unsatisfiable      | 0.08 v9.1.0  | Timeout (3.011s)      
SYN658-1.p                                                   | Unsatisfiable      | 0.08 v9.1.0  | Timeout (3.011s)      
SYN659-1.p                                                   | Unsatisfiable      | 0.00 v5.5.0  | Timeout (3.011s)      
SYN660-1.p                                                   | Unsatisfiable      | 0.00 v7.1.0  | Timeout (3.010s)      
SYN661-1.p                                                   | Unsatisfiable      | 0.00 v7.4.0  | Timeout (3.011s)      
SYN662-1.p                                                   | Unsatisfiable      | 0.00 v7.1.0  | Timeout (3.012s)      
SYN663-1.p                                                   | Unsatisfiable      | 0.00 v5.0.0  | Timeout (3.011s)      
SYN664-1.p                                                   | Unsatisfiable      | 0.00 v7.1.0  | Timeout (3.011s)      
SYN665-1.p                                                   | Unsatisfiable      | 0.00 v7.1.0  | Timeout (3.011s)      
SYN666-1.p                                                   | Unsatisfiable      | 0.00 v2.5.0  | Unsatisfiable (0.722s)
SYN667-1.p                                                   | Unsatisfiable      | 0.00 v2.5.0  | Unsatisfiable (0.922s)
SYN668-1.p                                                   | Unsatisfiable      | 0.00 v2.5.0  | Unsatisfiable (0.664s)
SYN669-1.p                                                   | Unsatisfiable      | 0.00 v2.5.0  | Unsatisfiable (0.922s)
SYN670-1.p                                                   | Unsatisfiable      | 0.00 v2.5.0  | Unsatisfiable (0.604s)
SYN671-1.p                                                   | Unsatisfiable      | 0.00 v2.5.0  | Unsatisfiable (0.766s)
SYN672-1.p                                                   | Unsatisfiable      | 0.00 v5.2.0  | Timeout (3.010s)      
SYN673-1.p                                                   | Unsatisfiable      | 0.08 v9.1.0  | Timeout (3.011s)      
SYN674-1.p                                                   | Unsatisfiable      | 0.00 v5.0.0  | Timeout (3.011s)      
SYN675-1.p                                                   | Unsatisfiable      | 0.00 v5.0.0  | Timeout (3.011s)      
SYN676-1.p                                                   | Unsatisfiable      | 0.00 v5.0.0  | Timeout (3.011s)      
SYN677-1.p                                                   | Unsatisfiable      | 0.08 v9.1.0  | Timeout (3.012s)      
SYN678-1.p                                                   | Unsatisfiable      | 0.00 v5.0.0  | Timeout (3.011s)      
SYN679-1.p                                                   | Unsatisfiable      | 0.00 v7.0.0  | Timeout (3.011s)      
SYN680-1.p                                                   | Unsatisfiable      | 0.00 v5.0.0  | Timeout (3.011s)      
SYN681-1.p                                                   | Unsatisfiable      | 0.00 v5.0.0  | Timeout (3.011s)      
SYN682-1.p                                                   | Unsatisfiable      | 0.00 v5.0.0  | Timeout (3.012s)      
SYN683-1.p                                                   | Unsatisfiable      | 0.00 v5.0.0  | Timeout (3.011s)      
SYN684-1.p                                                   | Unsatisfiable      | 0.00 v5.0.0  | Timeout (3.011s)      
SYN685-1.p                                                   | Unsatisfiable      | 0.08 v9.1.0  | Timeout (3.011s)      
SYN686-1.p                                                   | Unsatisfiable      | 0.00 v5.4.0  | Timeout (3.011s)      
SYN687-1.p                                                   | Unsatisfiable      | 0.08 v9.1.0  | Timeout (3.011s)      
SYN688-1.p                                                   | Unsatisfiable      | 0.00 v8.1.0  | Timeout (3.012s)      
SYN689-1.p                                                   | Unsatisfiable      | 0.00 v8.1.0  | Timeout (3.012s)      
SYN690-1.p                                                   | Unsatisfiable      | 0.23 v9.1.0  | Timeout (3.010s)      
SYN691-1.p                                                   | Unsatisfiable      | 0.00 v5.4.0  | Timeout (3.010s)      
SYN692-1.p                                                   | Unsatisfiable      | 0.15 v9.1.0  | Timeout (3.011s)      
SYN693-1.p                                                   | Unsatisfiable      | 0.08 v9.1.0  | Timeout (3.013s)      
SYN694-1.p                                                   | Unsatisfiable      | 0.15 v9.1.0  | Timeout (3.011s)      
SYN695-1.p                                                   | Unsatisfiable      | 0.15 v9.1.0  | Timeout (3.012s)      
SYN696-1.p                                                   | Unsatisfiable      | 0.15 v9.1.0  | Timeout (3.011s)      
SYN697-1.p                                                   | Unsatisfiable      | 0.08 v9.1.0  | Timeout (3.012s)      
SYN698-1.p                                                   | Unsatisfiable      | 0.15 v9.1.0  | Timeout (3.013s)      
SYN699-1.p                                                   | Unsatisfiable      | 0.15 v9.1.0  | Timeout (3.012s)      
SYN700-1.p                                                   | Unsatisfiable      | 0.15 v9.1.0  | Timeout (3.011s)      
SYN701-1.p                                                   | Unsatisfiable      | 0.08 v9.1.0  | Timeout (3.012s)      
SYN702-1.p                                                   | Unsatisfiable      | 0.00 v8.1.0  | Timeout (3.012s)      
SYN703-1.p                                                   | Unsatisfiable      | 0.00 v8.1.0  | Timeout (3.011s)      
SYN704-1.p                                                   | Unsatisfiable      | 0.18 v9.1.0  | Timeout (3.012s)      
SYN705-1.p                                                   | Unsatisfiable      | 0.00 v8.1.0  | Timeout (3.011s)      
SYN706-1.p                                                   | Unsatisfiable      | 0.00 v8.1.0  | Timeout (3.012s)      
SYN707-1.p                                                   | Unsatisfiable      | 0.24 v9.1.0  | Timeout (3.012s)      
SYN708-1.p                                                   | Unsatisfiable      | 0.24 v9.1.0  | Timeout (3.013s)      
SYN708-10.p                                                  | Unsatisfiable      | 0.74 v9.1.0  | Error (0.040s)        
SYN709-1.p                                                   | Unsatisfiable      | 0.00 v8.1.0  | Timeout (3.010s)      
SYN710-1.p                                                   | Unsatisfiable      | 0.00 v6.3.0  | Timeout (3.011s)      
SYN711-1.p                                                   | Unsatisfiable      | 0.29 v9.1.0  | Timeout (3.012s)      
SYN712-1.p                                                   | Unsatisfiable      | 0.00 v8.1.0  | Timeout (3.011s)      
SYN713-1.p                                                   | Unsatisfiable      | 0.00 v7.1.0  | Timeout (3.011s)      
SYN714-1.p                                                   | Unsatisfiable      | 0.00 v5.5.0  | Timeout (3.012s)      
SYN715-1.p                                                   | Unsatisfiable      | 0.00 v5.4.0  | Timeout (3.014s)      
SYN716-1.p                                                   | Unsatisfiable      | 0.00 v8.1.0  | Timeout (3.011s)      
SYN717-1.p                                                   | Unsatisfiable      | 0.00 v7.4.0  | Timeout (3.011s)      
SYN718-1.p                                                   | Unsatisfiable      | 0.31 v9.1.0  | Timeout (3.012s)      
SYN719-1.p                                                   | Unsatisfiable      | 0.06 v9.1.0  | Timeout (3.011s)      
SYN720-1.p                                                   | Satisfiable        | 0.00 v3.2.0  | Timeout (3.016s)      
SYN721+1.p                                                   | Theorem            | 0.00 v2.5.0  | Unsatisfiable (0.009s)
SYN721-1.p                                                   | Unsatisfiable      | 0.00 v2.5.0  | Unsatisfiable (0.008s)
SYN722+1.p                                                   | Theorem            | 0.00 v5.5.0  | Unsatisfiable (0.014s)
SYN723+1.p                                                   | Theorem            | 0.20 v9.0.0  | Error (5.095s)        
SYN724+1.p                                                   | Theorem            | 0.00 v4.0.1  | Unsatisfiable (0.012s)
SYN724-1.p                                                   | Unsatisfiable      | 0.00 v2.5.0  | Unsatisfiable (0.012s)
SYN725+1.p                                                   | CounterSatisfiable | 0.00 v4.1.0  | GaveUp (0.007s)       
SYN726+1.p                                                   | Theorem            | 0.00 v5.3.0  | Unsatisfiable (1.208s)
SYN726-1.p                                                   | Unsatisfiable      | 0.00 v2.5.0  | Unsatisfiable (1.224s)
SYN727+1.p                                                   | Theorem            | 0.00 v6.3.0  | Unsatisfiable (0.008s)
SYN727-1.p                                                   | Unsatisfiable      | 0.00 v5.4.0  | Unsatisfiable (0.006s)
SYN728+1.p                                                   | Theorem            | 0.00 v9.1.0  | Unsatisfiable (0.014s)
SYN728-1.p                                                   | Unsatisfiable      | 0.00 v7.1.0  | Unsatisfiable (0.015s)
SYN729+1.p                                                   | Theorem            | 0.00 v9.1.0  | Unsatisfiable (0.024s)
SYN729-1.p                                                   | Unsatisfiable      | 0.00 v5.3.0  | Unsatisfiable (0.028s)
SYN730+1.p                                                   | Theorem            | 0.00 v9.1.0  | Unsatisfiable (0.008s)
SYN731+1.p                                                   | Theorem            | 0.00 v9.1.0  | Unsatisfiable (0.006s)
SYN731-1.p                                                   | Unsatisfiable      | 0.00 v5.3.0  | Unsatisfiable (0.006s)
SYN731^5.p                                                   | Theorem            | 0.08 v9.1.0  | Error (0.006s)        
SYN732+1.p                                                   | Theorem            | 0.00 v9.1.0  | Unsatisfiable (0.007s)
SYN732^5.p                                                   | Theorem            | 0.08 v9.1.0  | Error (0.006s)        
SYN733+1.p                                                   | Theorem            | 0.05 v9.1.0  | Unsatisfiable (0.007s)
SYN734-1.p                                                   | Satisfiable        | 0.00 v5.4.0  | Timeout (3.010s)      
SYN735-1.p                                                   | Satisfiable        | 0.00 v3.1.0  | Timeout (3.011s)      
SYN736-1.p                                                   | Satisfiable        | 0.00 v5.5.0  | Timeout (3.011s)      
SYN737-1.p                                                   | Satisfiable        | 0.00 v5.5.0  | Timeout (3.012s)      
SYN738-1.p                                                   | Satisfiable        | 0.00 v3.1.0  | Timeout (3.011s)      
SYN739-1.p                                                   | Satisfiable        | 0.00 v5.4.0  | Timeout (3.011s)      
SYN740-1.p                                                   | Satisfiable        | 0.00 v3.1.0  | Timeout (3.011s)      
SYN741-1.p                                                   | Satisfiable        | 0.00 v5.4.0  | Timeout (3.012s)      
SYN741^7.p                                                   | ContradictoryAxioms | 0.33 v9.1.0  | Error (0.008s)        
SYN742-1.p                                                   | Satisfiable        | 0.00 v5.4.0  | Timeout (3.011s)      
SYN743-1.p                                                   | Satisfiable        | 0.00 v3.5.0  | Timeout (3.011s)      
SYN744-1.p                                                   | Satisfiable        | 0.00 v3.1.0  | Timeout (3.012s)      
SYN745-1.p                                                   | Satisfiable        | 0.00 v5.5.0  | Timeout (3.011s)      
SYN746-1.p                                                   | Satisfiable        | 0.00 v5.5.0  | Timeout (3.012s)      
SYN747-1.p                                                   | Satisfiable        | 0.00 v5.5.0  | Timeout (3.012s)      
SYN748-1.p                                                   | Satisfiable        | 0.00 v5.4.0  | Timeout (3.012s)      
SYN749-1.p                                                   | Satisfiable        | 0.00 v5.4.0  | Timeout (3.011s)      
SYN750-1.p                                                   | Satisfiable        | 0.00 v5.5.0  | Timeout (3.012s)      
SYN751-1.p                                                   | Satisfiable        | 0.00 v5.5.0  | Timeout (3.012s)      
SYN752-1.p                                                   | Satisfiable        | 0.00 v5.4.0  | Timeout (3.012s)      
SYN753-1.p                                                   | Satisfiable        | 0.00 v5.5.0  | Timeout (3.012s)      
SYN754-1.p                                                   | Satisfiable        | 0.00 v5.5.0  | Timeout (3.012s)      
SYN755-1.p                                                   | Unsatisfiable      | 0.15 v9.1.0  | Timeout (3.011s)      
SYN756-1.p                                                   | Satisfiable        | 0.00 v3.1.0  | Timeout (3.012s)      
SYN757-1.p                                                   | Satisfiable        | 0.00 v5.4.0  | Timeout (3.011s)      
SYN758-1.p                                                   | Unsatisfiable      | 0.31 v9.1.0  | Timeout (3.014s)      
SYN759-1.p                                                   | Unsatisfiable      | 0.23 v9.1.0  | Timeout (3.012s)      
SYN760-1.p                                                   | Satisfiable        | 0.00 v5.4.0  | Timeout (3.012s)      
SYN761-1.p                                                   | Satisfiable        | 0.00 v5.5.0  | Timeout (3.012s)      
SYN762-1.p                                                   | Unsatisfiable      | 0.31 v9.1.0  | Timeout (3.011s)      
SYN763-1.p                                                   | Satisfiable        | 0.00 v5.4.0  | Timeout (3.012s)      
SYN764-1.p                                                   | Satisfiable        | 0.00 v5.5.0  | Timeout (3.011s)      
SYN765-1.p                                                   | Satisfiable        | 0.00 v5.5.0  | Timeout (3.012s)      
SYN766-1.p                                                   | Satisfiable        | 0.00 v5.5.0  | Timeout (3.012s)      
SYN767-1.p                                                   | Satisfiable        | 0.00 v5.5.0  | Timeout (3.012s)      
SYN768-1.p                                                   | Satisfiable        | 0.00 v5.5.0  | Timeout (3.011s)      
SYN769-1.p                                                   | Satisfiable        | 0.00 v5.4.0  | Timeout (3.012s)      
SYN770-1.p                                                   | Satisfiable        | 0.00 v5.5.0  | Timeout (3.012s)      
SYN771-1.p                                                   | Satisfiable        | 0.00 v5.5.0  | Timeout (3.012s)      
SYN772-1.p                                                   | Satisfiable        | 0.00 v3.1.0  | Timeout (3.011s)      
SYN773-1.p                                                   | Satisfiable        | 0.00 v5.4.0  | Timeout (3.011s)      
SYN774-1.p                                                   | Satisfiable        | 0.00 v5.4.0  | Timeout (3.012s)      
SYN775-1.p                                                   | Satisfiable        | 0.00 v5.5.0  | Timeout (3.012s)      
SYN776-1.p                                                   | Satisfiable        | 0.00 v5.5.0  | Timeout (3.011s)      
SYN777-1.p                                                   | Satisfiable        | 0.00 v5.5.0  | Timeout (3.011s)      
SYN778-1.p                                                   | Satisfiable        | 0.00 v5.5.0  | Timeout (3.012s)      
SYN779-1.p                                                   | Satisfiable        | 0.00 v5.5.0  | Timeout (3.010s)      
SYN780-1.p                                                   | Satisfiable        | 0.00 v5.4.0  | Timeout (3.012s)      
SYN781-1.p                                                   | Satisfiable        | 0.00 v5.4.0  | Timeout (3.012s)      
SYN782-1.p                                                   | Satisfiable        | 0.00 v5.5.0  | Timeout (3.012s)      
SYN783-1.p                                                   | Satisfiable        | 0.00 v5.5.0  | Timeout (3.012s)      
SYN784-1.p                                                   | Unsatisfiable      | 0.15 v9.1.0  | Timeout (3.012s)      
SYN785-1.p                                                   | Satisfiable        | 0.00 v5.4.0  | Timeout (3.012s)      
SYN786-1.p                                                   | Satisfiable        | 0.00 v5.4.0  | Timeout (3.012s)      
SYN787-1.p                                                   | Satisfiable        | 0.00 v5.5.0  | Timeout (3.013s)      
SYN788-1.p                                                   | Satisfiable        | 0.00 v8.1.0  | Timeout (3.012s)      
SYN789-1.p                                                   | Satisfiable        | 0.00 v8.1.0  | Timeout (3.012s)      
SYN790-1.p                                                   | Satisfiable        | 0.00 v5.5.0  | Timeout (3.012s)      
SYN791-1.p                                                   | Satisfiable        | 0.00 v5.5.0  | Timeout (3.011s)      
SYN792-1.p                                                   | Satisfiable        | 0.00 v5.5.0  | Timeout (3.012s)      
SYN793-1.p                                                   | Satisfiable        | 0.00 v5.5.0  | Timeout (3.012s)      
SYN794-1.p                                                   | Satisfiable        | 0.00 v5.4.0  | Timeout (3.012s)      
SYN795-1.p                                                   | Satisfiable        | 0.00 v5.5.0  | Timeout (3.012s)      
SYN796-1.p                                                   | Unsatisfiable      | 0.15 v9.1.0  | Timeout (3.012s)      
SYN797-1.p                                                   | Satisfiable        | 0.00 v5.5.0  | Timeout (3.011s)      
SYN798-1.p                                                   | Satisfiable        | 0.00 v5.4.0  | Timeout (3.012s)      
SYN799-1.p                                                   | Satisfiable        | 0.00 v5.5.0  | Timeout (3.012s)      
SYN800-1.p                                                   | Satisfiable        | 0.00 v5.5.0  | Timeout (3.012s)      
SYN801-1.p                                                   | Satisfiable        | 0.00 v5.5.0  | Timeout (3.011s)      
SYN802-1.p                                                   | Unsatisfiable      | 0.46 v9.1.0  | Timeout (3.012s)      
SYN803-1.p                                                   | Satisfiable        | 0.00 v5.5.0  | Timeout (3.012s)      
SYN804-1.p                                                   | Satisfiable        | 0.00 v5.5.0  | Timeout (3.012s)      
SYN805-1.p                                                   | Satisfiable        | 0.00 v5.5.0  | Timeout (3.011s)      
SYN806-1.p                                                   | Satisfiable        | 0.00 v5.5.0  | Timeout (3.012s)      
SYN807-1.p                                                   | Satisfiable        | 0.00 v5.5.0  | Timeout (3.012s)      
SYN808-1.p                                                   | Satisfiable        | 0.00 v5.5.0  | Timeout (3.011s)      
SYN809-1.p                                                   | Satisfiable        | 0.00 v5.5.0  | Timeout (3.012s)      
SYN810-1.p                                                   | Satisfiable        | 0.00 v5.5.0  | Timeout (3.012s)      
SYN811-1.p                                                   | Satisfiable        | 0.00 v7.3.0  | Timeout (3.125s)      
SYN812-1.p                                                   | Satisfiable        | 0.00 v7.3.0  | Timeout (4.040s)      
SYN813-1.p                                                   | Unsatisfiable      | 0.12 v9.1.0  | Timeout (3.062s)      
SYN814-1.p                                                   | Satisfiable        | 0.00 v7.3.0  | Timeout (3.150s)      
SYN815-1.p                                                   | Satisfiable        | 0.00 v7.3.0  | Timeout (3.413s)      
SYN816-1.p                                                   | Satisfiable        | 0.00 v7.3.0  | Timeout (3.424s)      
SYN817-1.p                                                   | Satisfiable        | 0.00 v7.3.0  | Timeout (3.458s)      
SYN818-1.p                                                   | Satisfiable        | 0.00 v7.3.0  | Timeout (4.388s)      
SYN819-1.p                                                   | Unsatisfiable      | 0.12 v9.1.0  | Timeout (3.063s)      
SYN820-1.p                                                   | Unsatisfiable      | 0.12 v9.1.0  | Timeout (3.061s)      
SYN821-1.p                                                   | Satisfiable        | 0.00 v7.3.0  | Timeout (3.470s)      
SYN822-1.p                                                   | Satisfiable        | 0.00 v7.3.0  | Timeout (3.499s)      
SYN823-1.p                                                   | Satisfiable        | 0.00 v7.3.0  | Timeout (3.046s)      
SYN824-1.p                                                   | Satisfiable        | 0.00 v7.3.0  | Timeout (3.288s)      
SYN825-1.p                                                   | Satisfiable        | 0.00 v7.3.0  | Timeout (3.912s)      
SYN826-1.p                                                   | Satisfiable        | 0.00 v7.3.0  | Timeout (3.996s)      
SYN827-1.p                                                   | Satisfiable        | 0.00 v7.3.0  | Timeout (3.048s)      
SYN828-1.p                                                   | Satisfiable        | 0.00 v7.3.0  | Timeout (3.404s)      
SYN829-1.p                                                   | Satisfiable        | 0.00 v7.3.0  | Timeout (4.291s)      
SYN830-1.p                                                   | Satisfiable        | 0.00 v7.3.0  | Timeout (4.406s)      
SYN831-1.p                                                   | Satisfiable        | 0.00 v7.3.0  | Timeout (4.312s)      
SYN832-1.p                                                   | Satisfiable        | 0.00 v7.3.0  | Timeout (4.164s)      
SYN833-1.p                                                   | Unsatisfiable      | 0.12 v9.1.0  | Timeout (3.060s)      
SYN834-1.p                                                   | Unsatisfiable      | 0.12 v9.1.0  | Timeout (3.060s)      
SYN835-1.p                                                   | Satisfiable        | 0.00 v7.3.0  | Timeout (3.050s)      
SYN836-1.p                                                   | Unsatisfiable      | 0.12 v9.1.0  | Timeout (3.063s)      
SYN837-1.p                                                   | Unsatisfiable      | 0.25 v9.1.0  | Timeout (3.144s)      
SYN838-1.p                                                   | Satisfiable        | 0.00 v7.3.0  | Timeout (3.474s)      
SYN839-1.p                                                   | Satisfiable        | 0.00 v7.3.0  | Timeout (4.514s)      
SYN840-1.p                                                   | Satisfiable        | 0.00 v7.3.0  | Timeout (4.504s)      
SYN841-1.p                                                   | Satisfiable        | 0.00 v7.3.0  | Timeout (4.509s)      
SYN842-1.p                                                   | Satisfiable        | 0.00 v7.3.0  | Timeout (4.673s)      
SYN843-1.p                                                   | Unsatisfiable      | 0.12 v9.1.0  | Timeout (3.064s)      
SYN844-1.p                                                   | Unsatisfiable      | 0.12 v9.1.0  | Timeout (3.052s)      
SYN845-1.p                                                   | Unsatisfiable      | 0.12 v9.1.0  | Timeout (3.052s)      
SYN846-1.p                                                   | Unsatisfiable      | 0.25 v9.1.0  | Timeout (3.159s)      
SYN847-1.p                                                   | Unsatisfiable      | 0.12 v9.1.0  | Timeout (3.156s)      
SYN848-1.p                                                   | Unsatisfiable      | 0.12 v9.1.0  | Timeout (3.152s)      
SYN849-1.p                                                   | Unsatisfiable      | 0.12 v9.1.0  | Timeout (3.146s)      
SYN850-1.p                                                   | Unsatisfiable      | 0.25 v9.1.0  | Timeout (3.495s)      
SYN851-1.p                                                   | Satisfiable        | 0.00 v7.3.0  | Timeout (3.485s)      
SYN852-1.p                                                   | Satisfiable        | 0.00 v7.3.0  | Timeout (4.705s)      
SYN853-1.p                                                   | Satisfiable        | 0.00 v7.3.0  | Timeout (4.700s)      
SYN854-1.p                                                   | Satisfiable        | 0.00 v7.3.0  | Timeout (4.696s)      
SYN855-1.p                                                   | Satisfiable        | 0.00 v7.3.0  | Timeout (4.636s)      
SYN856-1.p                                                   | Unsatisfiable      | 0.12 v9.1.0  | Timeout (3.067s)      
SYN857-1.p                                                   | Unsatisfiable      | 0.12 v9.1.0  | Timeout (3.058s)      
SYN858-1.p                                                   | Unsatisfiable      | 0.12 v9.1.0  | Timeout (3.160s)      
SYN859-1.p                                                   | Unsatisfiable      | 0.12 v9.1.0  | Timeout (3.142s)      
SYN860-1.p                                                   | Unsatisfiable      | 0.12 v9.1.0  | Timeout (3.161s)      
SYN861-1.p                                                   | Unsatisfiable      | 0.25 v9.1.0  | Timeout (3.492s)      
SYN862-1.p                                                   | Unsatisfiable      | 0.25 v9.1.0  | Timeout (3.521s)      
SYN863-1.p                                                   | Satisfiable        | 0.00 v7.3.0  | Timeout (3.484s)      
SYN864-1.p                                                   | Satisfiable        | 0.00 v7.3.0  | Timeout (3.505s)      
SYN865-1.p                                                   | Unsatisfiable      | 0.25 v9.1.0  | Timeout (3.513s)      
SYN866-1.p                                                   | Unsatisfiable      | 0.25 v9.1.0  | Timeout (3.494s)      
SYN867-1.p                                                   | Satisfiable        | 0.00 v7.3.0  | Timeout (3.017s)      
SYN868-1.p                                                   | Satisfiable        | 0.00 v7.3.0  | Timeout (3.015s)      
SYN869-1.p                                                   | Unsatisfiable      | 0.12 v9.1.0  | Timeout (3.015s)      
SYN870-1.p                                                   | Satisfiable        | 0.00 v7.3.0  | Timeout (3.015s)      
SYN871-1.p                                                   | Unsatisfiable      | 0.12 v9.1.0  | Timeout (3.017s)      
SYN872-1.p                                                   | Satisfiable        | 0.00 v7.3.0  | Timeout (3.070s)      
SYN873-1.p                                                   | Unsatisfiable      | 0.12 v9.1.0  | Timeout (3.017s)      
SYN874-1.p                                                   | Unsatisfiable      | 0.12 v9.1.0  | Timeout (3.015s)      
SYN875-1.p                                                   | Unsatisfiable      | 0.12 v9.1.0  | Timeout (3.015s)      
SYN876-1.p                                                   | Unsatisfiable      | 0.12 v9.1.0  | Timeout (3.024s)      
SYN877-1.p                                                   | Unsatisfiable      | 0.12 v9.1.0  | Timeout (3.018s)      
SYN878-1.p                                                   | Unsatisfiable      | 0.12 v9.1.0  | Timeout (3.018s)      
SYN879-1.p                                                   | Unsatisfiable      | 0.12 v9.1.0  | Timeout (3.019s)      
SYN880-1.p                                                   | Unsatisfiable      | 0.12 v9.1.0  | Timeout (3.022s)      
SYN881-1.p                                                   | Unsatisfiable      | 0.12 v9.1.0  | Timeout (3.024s)      
SYN882-1.p                                                   | Unsatisfiable      | 0.12 v9.1.0  | Timeout (3.025s)      
SYN883-1.p                                                   | Unsatisfiable      | 0.12 v9.1.0  | Timeout (3.022s)      
SYN884-1.p                                                   | Unsatisfiable      | 0.12 v9.1.0  | Timeout (3.042s)      
SYN885-1.p                                                   | Unsatisfiable      | 0.25 v9.1.0  | Timeout (3.044s)      
SYN886-1.p                                                   | Unsatisfiable      | 0.12 v9.1.0  | Timeout (3.036s)      
SYN887-1.p                                                   | Unsatisfiable      | 0.12 v9.1.0  | Timeout (3.037s)      
SYN888-1.p                                                   | Satisfiable        | 0.00 v7.3.0  | Timeout (3.073s)      
SYN889-1.p                                                   | Unsatisfiable      | 0.12 v9.1.0  | Timeout (3.021s)      
SYN890-1.p                                                   | Unsatisfiable      | 0.12 v9.1.0  | Timeout (3.021s)      
SYN891-1.p                                                   | Unsatisfiable      | 0.12 v9.1.0  | Timeout (3.020s)      
SYN892-1.p                                                   | Unsatisfiable      | 0.12 v9.1.0  | Timeout (3.020s)      
SYN893-1.p                                                   | Unsatisfiable      | 0.12 v9.1.0  | Timeout (3.023s)      
SYN894-1.p                                                   | Unsatisfiable      | 0.12 v9.1.0  | Timeout (3.028s)      
SYN895-1.p                                                   | Unsatisfiable      | 0.12 v9.1.0  | Timeout (3.028s)      
SYN896-1.p                                                   | Unsatisfiable      | 0.12 v9.1.0  | Timeout (3.028s)      
SYN897-1.p                                                   | Unsatisfiable      | 0.25 v9.1.0  | Timeout (3.041s)      
SYN898-1.p                                                   | Unsatisfiable      | 0.12 v9.1.0  | Timeout (3.047s)      
SYN899-1.p                                                   | Unsatisfiable      | 0.12 v9.1.0  | Timeout (3.041s)      
SYN900-1.p                                                   | Unsatisfiable      | 0.12 v9.1.0  | Timeout (3.041s)      
SYN901-1.p                                                   | Unsatisfiable      | 0.25 v9.1.0  | Timeout (3.087s)      
SYN902-1.p                                                   | Satisfiable        | 0.00 v7.3.0  | Timeout (3.081s)      
SYN903-1.p                                                   | Satisfiable        | 0.00 v5.5.0  | Timeout (3.016s)      
SYN904-1.p                                                   | Satisfiable        | 0.00 v5.4.0  | Timeout (3.016s)      
SYN905-1.p                                                   | Satisfiable        | 0.00 v5.4.0  | Timeout (3.020s)      
SYN906-1.p                                                   | Satisfiable        | 0.00 v6.3.0  | Timeout (3.015s)      
SYN907-1.p                                                   | Satisfiable        | 0.00 v6.3.0  | Timeout (3.017s)      
SYN908-1.p                                                   | Satisfiable        | 0.00 v6.3.0  | Timeout (3.020s)      
SYN909-1.p                                                   | Satisfiable        | 0.00 v5.4.0  | Timeout (3.020s)      
SYN910-1.p                                                   | Satisfiable        | 0.00 v5.5.0  | Timeout (3.023s)      
SYN911-1.p                                                   | Satisfiable        | 0.00 v6.3.0  | Timeout (3.023s)      
SYN912-1.p                                                   | Satisfiable        | 0.00 v5.4.0  | Timeout (3.026s)      
SYN913-1.p                                                   | Satisfiable        | 0.00 v6.3.0  | Timeout (3.020s)      
SYN914-1.p                                                   | Unsatisfiable      | 0.85 v9.1.0  | Timeout (3.010s)      
SYN915+1.p                                                   | Theorem            | 0.00 v4.1.0  | Unsatisfiable (0.009s)
SYN915-1.p                                                   | Unsatisfiable      | 0.00 v3.3.0  | Unsatisfiable (0.007s)
SYN915^4.p                                                   | Theorem            | 0.00 v8.2.0  | Error (0.006s)        
SYN916+1.p                                                   | CounterSatisfiable | 0.00 v4.1.0  | GaveUp (0.006s)       
SYN916-1.p                                                   | Satisfiable        | 0.33 v5.4.0  | GaveUp (0.006s)       
SYN916^4.p                                                   | CounterSatisfiable | 0.00 v8.2.0  | Error (0.006s)        
SYN917+1.p                                                   | Theorem            | 0.15 v9.1.0  | Error (5.069s)        
SYN918+1.p                                                   | Theorem            | 0.00 v9.1.0  | Unsatisfiable (0.021s)
SYN919+1.p                                                   | Theorem            | 0.00 v5.3.0  | Unsatisfiable (0.009s)
SYN920+1.p                                                   | Theorem            | 0.00 v5.3.0  | Unsatisfiable (0.016s)
SYN921+1.p                                                   | Theorem            | 0.00 v5.3.0  | Unsatisfiable (0.007s)
SYN922+1.p                                                   | Theorem            | 0.00 v5.3.0  | Unsatisfiable (0.009s)
SYN923+1.p                                                   | Theorem            | 0.00 v5.3.0  | Unsatisfiable (0.006s)
SYN924+1.p                                                   | Theorem            | 0.00 v5.3.0  | Unsatisfiable (0.009s)
SYN925+1.p                                                   | Theorem            | 0.00 v5.3.0  | Unsatisfiable (0.007s)
SYN926+1.p                                                   | Theorem            | 0.00 v5.3.0  | Unsatisfiable (0.007s)
SYN927+1.p                                                   | Theorem            | 0.00 v5.3.0  | Unsatisfiable (0.007s)
SYN928+1.p                                                   | Theorem            | 0.00 v5.5.0  | Unsatisfiable (0.007s)
SYN929+1.p                                                   | Theorem            | 0.00 v5.3.0  | Unsatisfiable (0.006s)
SYN930+1.p                                                   | Theorem            | 0.00 v5.3.0  | Unsatisfiable (0.007s)
SYN931+1.p                                                   | Theorem            | 0.00 v5.5.0  | Unsatisfiable (0.008s)
SYN932+1.p                                                   | Theorem            | 0.00 v4.0.1  | Unsatisfiable (0.007s)
SYN933+1.p                                                   | Theorem            | 0.00 v4.0.1  | Unsatisfiable (0.007s)
SYN934+1.p                                                   | Theorem            | 0.00 v5.3.0  | Unsatisfiable (0.008s)
SYN935+1.p                                                   | Theorem            | 0.00 v5.3.0  | Unsatisfiable (0.007s)
SYN936+1.p                                                   | Theorem            | 0.00 v5.3.0  | Unsatisfiable (0.007s)
SYN937+1.p                                                   | Theorem            | 0.00 v5.3.0  | Unsatisfiable (0.008s)
SYN938+1.p                                                   | Theorem            | 0.30 v9.1.0  | Error (5.081s)        
SYN939+1.p                                                   | Theorem            | 0.00 v9.1.0  | Unsatisfiable (0.032s)
SYN940+1.p                                                   | Theorem            | 0.00 v9.1.0  | Unsatisfiable (0.010s)
SYN941+1.p                                                   | Theorem            | 0.05 v9.1.0  | Unsatisfiable (0.011s)
SYN942+1.p                                                   | Theorem            | 0.00 v5.3.0  | Unsatisfiable (0.007s)
SYN943+1.p                                                   | Theorem            | 0.00 v9.1.0  | Unsatisfiable (0.010s)
SYN944+1.p                                                   | Theorem            | 0.00 v5.3.0  | Unsatisfiable (0.007s)
SYN945+1.p                                                   | Theorem            | 0.00 v5.3.0  | Unsatisfiable (0.007s)
SYN946+1.p                                                   | Theorem            | 0.00 v5.3.0  | Unsatisfiable (0.007s)
SYN947+1.p                                                   | Theorem            | 0.05 v9.1.0  | Unsatisfiable (0.007s)
SYN948+1.p                                                   | Theorem            | 0.00 v9.1.0  | Unsatisfiable (0.006s)
SYN949+1.p                                                   | Theorem            | 0.00 v5.3.0  | Unsatisfiable (0.008s)
SYN950+1.p                                                   | Theorem            | 0.00 v5.4.0  | Unsatisfiable (0.007s)
SYN951+1.p                                                   | Theorem            | 0.00 v5.3.0  | Unsatisfiable (0.009s)
SYN952+1.p                                                   | Theorem            | 0.00 v5.3.0  | Unsatisfiable (0.007s)
SYN953+1.p                                                   | Theorem            | 0.00 v5.3.0  | Unsatisfiable (0.007s)
SYN954+1.p                                                   | Theorem            | 0.00 v5.3.0  | Unsatisfiable (0.007s)
SYN955+1.p                                                   | Theorem            | 0.00 v5.3.0  | Unsatisfiable (0.006s)
SYN956+1.p                                                   | Theorem            | 0.00 v5.3.0  | Unsatisfiable (0.007s)
SYN957+1.p                                                   | Theorem            | 0.00 v5.3.0  | Unsatisfiable (0.007s)
SYN958+1.p                                                   | Theorem            | 0.00 v5.3.0  | Unsatisfiable (0.007s)
SYN959+1.p                                                   | Theorem            | 0.00 v5.3.0  | Unsatisfiable (0.007s)
SYN960+1.p                                                   | Theorem            | 0.00 v5.3.0  | Unsatisfiable (0.007s)
SYN961+1.p                                                   | Theorem            | 0.00 v5.3.0  | Unsatisfiable (0.007s)
SYN962+1.p                                                   | Theorem            | 0.00 v5.3.0  | Unsatisfiable (0.006s)
SYN963+1.p                                                   | Theorem            | 0.00 v5.3.0  | Unsatisfiable (0.007s)
SYN964+1.p                                                   | Theorem            | 0.00 v5.3.0  | Unsatisfiable (0.007s)
SYN965+1.p                                                   | Theorem            | 0.05 v9.1.0  | Unsatisfiable (0.011s)
SYN966+1.p                                                   | Theorem            | 0.00 v9.1.0  | Unsatisfiable (0.071s)
SYN967+1.p                                                   | Theorem            | 0.00 v5.3.0  | Unsatisfiable (0.008s)
SYN968+1.p                                                   | Theorem            | 0.00 v5.3.0  | Unsatisfiable (0.007s)
SYN969+1.p                                                   | Theorem            | 0.00 v5.3.0  | Unsatisfiable (0.007s)
SYN970+1.p                                                   | Theorem            | 0.00 v5.3.0  | Unsatisfiable (0.007s)
SYN971+1.p                                                   | Theorem            | 0.00 v9.1.0  | Unsatisfiable (0.007s)
SYN972+1.p                                                   | Theorem            | 0.00 v5.4.0  | Unsatisfiable (0.007s)
SYN973+1.p                                                   | Theorem            | 0.00 v5.3.0  | Unsatisfiable (0.008s)
SYN974+1.p                                                   | Theorem            | 0.00 v5.3.0  | Unsatisfiable (0.007s)
SYN975+1.p                                                   | Theorem            | 0.00 v5.3.0  | Unsatisfiable (0.006s)
SYN976+1.p                                                   | Theorem            | 0.00 v5.3.0  | Unsatisfiable (0.007s)
SYN977+1.p                                                   | Theorem            | 0.00 v4.1.0  | Unsatisfiable (0.007s)
SYN977^4.p                                                   | CounterSatisfiable | 0.33 v9.0.0  | Error (0.006s)        
SYN978+1.p                                                   | Theorem            | 0.00 v3.1.0  | Unsatisfiable (0.007s)
SYN978^4.p                                                   | Theorem            | 0.11 v9.1.0  | Error (0.007s)        
SYN979+1.p                                                   | Theorem            | 0.00 v5.3.0  | Unsatisfiable (0.008s)
SYN980+1.p                                                   | Theorem            | 0.00 v9.1.0  | Unsatisfiable (0.008s)
SYN981+1.p                                                   | Theorem            | 0.00 v5.3.0  | Unsatisfiable (0.007s)
SYN982-1.p                                                   | Unsatisfiable      | 0.41 v9.1.0  | Timeout (3.008s)      
SYN983^1.p                                                   | Theorem            | 0.08 v9.1.0  | Error (0.008s)        
SYN983_8.p                                                   | Theorem            | 0.00 v8.1.0  | Error (0.007s)        
SYN984^1.p                                                   | Theorem            | 0.08 v9.1.0  | Error (0.007s)        
SYN985^1.p                                                   | CounterSatisfiable | 0.33 v4.1.0  | Error (0.006s)        
SYN986+1.000.p                                               | Theorem            | 0.00 v9.1.0  | Unsatisfiable (0.007s)
SYN986+1.001.p                                               | Theorem            | 0.00 v9.1.0  | Unsatisfiable (0.007s)
SYN986+1.002.p                                               | Theorem            | 0.10 v9.1.0  | Unsatisfiable (0.039s)
SYN986+1.003.p                                               | Theorem            | 0.10 v9.1.0  | Timeout (3.009s)      
SYN986+1.004.p                                               | Theorem            | 0.85 v9.1.0  | Timeout (3.009s)      
SYN986+1.005.p                                               | Theorem            | 1.00 v4.0.0  | Timeout (3.010s)      
SYN986+1.006.p                                               | Theorem            | 1.00 v4.0.0  | Timeout (3.011s)      
SYN986-10.005.p                                              | Unsatisfiable      | 1.00 v7.3.0  | Error (0.062s)        
SYN986-10.006.p                                              | Unsatisfiable      | 1.00 v7.3.0  | Error (0.058s)        
SYN987^1.p                                                   | CounterSatisfiable | 0.00 v3.7.0  | Error (0.008s)        
SYN987^2.p                                                   | Unsatisfiable      | 0.00 v3.7.0  | Error (0.006s)        
SYN987_8.p                                                   | Unsatisfiable      | 0.00 v8.1.0  | Error (0.006s)        
SYN988^1.p                                                   | CounterSatisfiable | 0.00 v3.7.0  | Error (0.006s)        
SYN988^2.p                                                   | Unsatisfiable      | 0.00 v3.7.0  | Error (0.006s)        
SYN988_8.p                                                   | Unsatisfiable      | 0.00 v8.1.0  | Error (0.006s)        
SYN989^1.p                                                   | Theorem            | 0.08 v9.1.0  | Error (0.007s)        
SYN989^2.p                                                   | Satisfiable        | 0.00 v3.7.0  | Error (0.007s)        
SYN989^3.p                                                   | Theorem            | 0.08 v9.1.0  | Error (0.006s)        
SYN989_8.p                                                   | Satisfiable        | 0.00 v8.1.0  | Error (0.006s)        
SYN990^1.p                                                   | Satisfiable        | 0.33 v9.0.0  | Error (0.006s)        
SYN991^1.p                                                   | Unsatisfiable      | 0.00 v3.7.0  | Error (0.006s)        
SYN992^1.p                                                   | Theorem            | 0.11 v9.1.0  | Error (0.006s)        
SYN993^1.p                                                   | CounterSatisfiable | 0.33 v9.0.0  | Error (0.007s)        
SYN994^1.p                                                   | CounterSatisfiable | 0.33 v9.0.0  | Error (0.007s)        
SYN995^1.p                                                   | CounterSatisfiable | 0.33 v9.0.0  | Error (0.006s)        
SYN996^1.p                                                   | Theorem            | 0.25 v9.0.0  | Error (0.006s)        
SYN997^1.p                                                   | Theorem            | 0.17 v9.1.0  | Error (0.006s)        
SYN998^1.p                                                   | Theorem            | 0.00 v8.2.0  | Error (0.006s)        
SYN999^1.p                                                   | Theorem            | 0.11 v9.1.0  | Error (0.006s)        

CSV written to: bench_logs_syn_final/bench_2026-05-29_15-49-39.csv
HTML written to: bench_logs_syn_final/bench_2026-05-29_15-49-39.html
