# bench_date,"2026-05-14_00-45-18"
# problem_dir,"/home/delahayed/problems/TPTP-v9.2.1/Problems/SYN"
# time_limit_seconds,3
# robust_time_limit,false
# size_limit_gb,
# max_clauses,
# mode,"ordered-fallback"
# casc,
# only_ip,false
# version_ip,"05f1a9a"
# version_vampire,"Vampire 5.0.1 (Release build, commit 9eeba91d1 on 2026-05-09 07:13:19 +0100)"
# version_e,"E 3.3.2 Countess Grey (37fde70d516b57cb64294f8fe39bc16ece8198f8)"
# version_zenon,"zenon version 0.8.5 [a270] 2020-10-23"

section,problem,expected_status,rating,ip,ip_time_s,vampire,vampire_time_s,e,e_time_s,zenon,zenon_time_s
result,"/home/delahayed/problems/TPTP-v9.2.1/Problems/SYN/SYN000+1.p","Theorem","0.18 v9.1.0","Unsatisfiable",0.018245,"Theorem",0.297456,"Theorem",0.074360,"Unsatisfiable",0.031972
result,"/home/delahayed/problems/TPTP-v9.2.1/Problems/SYN/SYN000-1.p","Unsatisfiable","0.18 v9.1.0","Unsatisfiable",0.007084,"Unsatisfiable",0.026223,"Unsatisfiable",0.006173,"Unsatisfiable",0.014619
result,"/home/delahayed/problems/TPTP-v9.2.1/Problems/SYN/SYN001+1.p","Theorem","0.00 v2.1.0","Unsatisfiable",0.005484,"Theorem",0.010424,"Theorem",0.005708,"Unsatisfiable",0.014423
result,"/home/delahayed/problems/TPTP-v9.2.1/Problems/SYN/SYN006-1.p","Unsatisfiable","0.00 v6.3.0","Unsatisfiable",0.006325,"Unsatisfiable",0.011427,"Unsatisfiable",0.006696,"Unsatisfiable",0.019231
result,"/home/delahayed/problems/TPTP-v9.2.1/Problems/SYN/SYN008-1.p","Unsatisfiable","0.00 v2.0.0","Unsatisfiable",0.005710,"Unsatisfiable",0.010181,"Unsatisfiable",0.004998,"Unsatisfiable",0.014057
result,"/home/delahayed/problems/TPTP-v9.2.1/Problems/SYN/SYN009-1.p","Unsatisfiable","0.00 v2.0.0","Unsatisfiable",0.006344,"Unsatisfiable",0.010442,"Unsatisfiable",0.008573,"Unsatisfiable",0.023600
result,"/home/delahayed/problems/TPTP-v9.2.1/Problems/SYN/SYN011-1.p","Unsatisfiable","0.00 v2.0.0","Unsatisfiable",0.008896,"Unsatisfiable",0.010933,"Unsatisfiable",0.004848,"Unsatisfiable",0.013992
result,"/home/delahayed/problems/TPTP-v9.2.1/Problems/SYN/SYN012-1.p","Unsatisfiable","0.08 v9.1.0","Timeout",3.013197,"Unsatisfiable",0.034475,"Unsatisfiable",0.005253,"Timeout",3.222579
result,"/home/delahayed/problems/TPTP-v9.2.1/Problems/SYN/SYN013-1.p","Unsatisfiable","0.05 v9.0.0","Timeout",3.006993,"Unsatisfiable",0.071915,"Unsatisfiable",0.005662,"Unsatisfiable",1.611267
result,"/home/delahayed/problems/TPTP-v9.2.1/Problems/SYN/SYN014-1.p","Unsatisfiable","0.09 v9.1.0","Timeout",3.008221,"Unsatisfiable",0.054847,"Unsatisfiable",0.012099,"Timeout",3.050628
result,"/home/delahayed/problems/TPTP-v9.2.1/Problems/SYN/SYN015-1.p","Unsatisfiable","0.09 v9.1.0","Timeout",3.006704,"Unsatisfiable",0.051527,"Unsatisfiable",0.006639,"Timeout",3.509386
result,"/home/delahayed/problems/TPTP-v9.2.1/Problems/SYN/SYN028-1.p","Unsatisfiable","0.00 v2.0.0","Unsatisfiable",0.005816,"Unsatisfiable",0.032009,"Unsatisfiable",0.003935,"Unsatisfiable",0.012991
result,"/home/delahayed/problems/TPTP-v9.2.1/Problems/SYN/SYN029-1.p","Unsatisfiable","0.00 v2.0.0","Unsatisfiable",0.005597,"Unsatisfiable",0.009140,"Unsatisfiable",0.003997,"Unsatisfiable",0.013671
result,"/home/delahayed/problems/TPTP-v9.2.1/Problems/SYN/SYN030-1.p","Unsatisfiable","0.00 v2.0.0","Unsatisfiable",0.007281,"Unsatisfiable",0.009307,"Unsatisfiable",0.004127,"Unsatisfiable",0.013158
result,"/home/delahayed/problems/TPTP-v9.2.1/Problems/SYN/SYN031-1.p","Unsatisfiable","0.00 v2.0.0","Unsatisfiable",0.005373,"Unsatisfiable",0.009535,"Unsatisfiable",0.004250,"Unsatisfiable",0.013720
result,"/home/delahayed/problems/TPTP-v9.2.1/Problems/SYN/SYN032-1.p","Unsatisfiable","0.00 v2.0.0","Unsatisfiable",0.006347,"Unsatisfiable",0.009748,"Unsatisfiable",0.004243,"Unsatisfiable",0.013373
result,"/home/delahayed/problems/TPTP-v9.2.1/Problems/SYN/SYN033-1.p","Unsatisfiable","0.00 v2.0.0","Unsatisfiable",0.007051,"Unsatisfiable",0.009813,"Unsatisfiable",0.011188,"Timeout",3.123829
result,"/home/delahayed/problems/TPTP-v9.2.1/Problems/SYN/SYN034-1.p","Unsatisfiable","0.00 v2.0.0","Unsatisfiable",0.006525,"Unsatisfiable",0.029974,"Unsatisfiable",0.005624,"Unsatisfiable",0.014692
result,"/home/delahayed/problems/TPTP-v9.2.1/Problems/SYN/SYN035-1.p","Unsatisfiable","0.06 v9.1.0","Unsatisfiable",0.008436,"Unsatisfiable",0.011143,"Unsatisfiable",0.004850,"Unsatisfiable",0.017179
result,"/home/delahayed/problems/TPTP-v9.2.1/Problems/SYN/SYN036+1.p","Theorem","0.05 v9.1.0","Timeout",3.018116,"Theorem",0.035961,"Theorem",0.523162,"Unsatisfiable",0.015684
result,"/home/delahayed/problems/TPTP-v9.2.1/Problems/SYN/SYN036-1.p","Unsatisfiable","0.23 v9.1.0","Timeout",3.009491,"Unsatisfiable",0.030180,"Unsatisfiable",0.564865,"Timeout",3.427837
result,"/home/delahayed/problems/TPTP-v9.2.1/Problems/SYN/SYN037-1.p","Unsatisfiable","0.08 v9.1.0","Timeout",3.007077,"Unsatisfiable",0.035955,"Unsatisfiable",0.007280,"Unsatisfiable",0.020850
result,"/home/delahayed/problems/TPTP-v9.2.1/Problems/SYN/SYN038-1.p","Unsatisfiable","0.08 v9.1.0","Timeout",3.016704,"Unsatisfiable",0.034713,"Unsatisfiable",0.004331,"Timeout",4.002342
result,"/home/delahayed/problems/TPTP-v9.2.1/Problems/SYN/SYN039-1.p","Unsatisfiable","0.08 v9.1.0","Timeout",3.007999,"Unsatisfiable",0.036835,"Unsatisfiable",0.578232,"Timeout",3.877226
result,"/home/delahayed/problems/TPTP-v9.2.1/Problems/SYN/SYN040+1.p","Theorem","0.00 v2.1.0","Unsatisfiable",0.085215,"Theorem",0.044922,"Theorem",0.010958,"Unsatisfiable",0.014642
result,"/home/delahayed/problems/TPTP-v9.2.1/Problems/SYN/SYN040-1.p","Unsatisfiable","0.00 v2.0.0","Unsatisfiable",0.025212,"Unsatisfiable",0.017882,"Unsatisfiable",0.011554,"Unsatisfiable",0.018077
result,"/home/delahayed/problems/TPTP-v9.2.1/Problems/SYN/SYN041+1.p","Theorem","0.00 v2.3.0","Unsatisfiable",0.018189,"Theorem",0.014788,"Theorem",0.011114,"Unsatisfiable",0.016948
result,"/home/delahayed/problems/TPTP-v9.2.1/Problems/SYN/SYN041-1.p","Unsatisfiable","0.00 v2.0.0","Unsatisfiable",0.010371,"Unsatisfiable",0.014461,"Unsatisfiable",0.011035,"Unsatisfiable",0.013736
result,"/home/delahayed/problems/TPTP-v9.2.1/Problems/SYN/SYN044+1.p","Theorem","0.00 v2.1.0","Unsatisfiable",0.022352,"Theorem",0.014556,"Theorem",0.008927,"Unsatisfiable",0.013732
result,"/home/delahayed/problems/TPTP-v9.2.1/Problems/SYN/SYN044-1.p","Unsatisfiable","0.00 v2.0.0","Unsatisfiable",0.011290,"Unsatisfiable",0.011403,"Unsatisfiable",0.005002,"Unsatisfiable",0.013974
result,"/home/delahayed/problems/TPTP-v9.2.1/Problems/SYN/SYN045+1.p","Theorem","0.00 v2.1.0","Unsatisfiable",0.009538,"Theorem",0.014538,"Theorem",0.008464,"Unsatisfiable",0.015343
result,"/home/delahayed/problems/TPTP-v9.2.1/Problems/SYN/SYN045-1.p","Unsatisfiable","0.00 v2.0.0","Unsatisfiable",0.009614,"Unsatisfiable",0.011358,"Unsatisfiable",0.004516,"Unsatisfiable",0.014108
result,"/home/delahayed/problems/TPTP-v9.2.1/Problems/SYN/SYN046+1.p","Theorem","0.00 v2.1.0","Unsatisfiable",0.016140,"Theorem",0.020592,"Theorem",0.013105,"Unsatisfiable",0.013810
result,"/home/delahayed/problems/TPTP-v9.2.1/Problems/SYN/SYN046-1.p","Unsatisfiable","0.00 v2.0.0","Unsatisfiable",0.005617,"Unsatisfiable",0.010856,"Unsatisfiable",0.005181,"Unsatisfiable",0.013271
result,"/home/delahayed/problems/TPTP-v9.2.1/Problems/SYN/SYN047+1.p","Theorem","0.00 v4.1.0","Unsatisfiable",0.012547,"Theorem",0.010419,"Theorem",0.004348,"Unsatisfiable",0.013283
result,"/home/delahayed/problems/TPTP-v9.2.1/Problems/SYN/SYN047-1.p","Unsatisfiable","0.00 v2.0.0","Unsatisfiable",0.006502,"Unsatisfiable",0.010257,"Unsatisfiable",0.004779,"Unsatisfiable",0.013024
result,"/home/delahayed/problems/TPTP-v9.2.1/Problems/SYN/SYN048+1.p","Theorem","0.00 v5.3.0","Unsatisfiable",0.010125,"Theorem",0.010640,"Theorem",0.004585,"Unsatisfiable",0.013528
result,"/home/delahayed/problems/TPTP-v9.2.1/Problems/SYN/SYN048-1.p","Unsatisfiable","0.06 v9.1.0","Unsatisfiable",0.005905,"Unsatisfiable",0.009837,"Unsatisfiable",0.004874,"Unsatisfiable",0.014066
result,"/home/delahayed/problems/TPTP-v9.2.1/Problems/SYN/SYN049+1.p","Theorem","0.00 v9.1.0","Unsatisfiable",0.010034,"Theorem",0.013992,"Theorem",0.005932,"Unsatisfiable",0.013526
result,"/home/delahayed/problems/TPTP-v9.2.1/Problems/SYN/SYN049-1.p","Unsatisfiable","0.00 v5.3.0","Unsatisfiable",0.004924,"Unsatisfiable",0.009897,"Unsatisfiable",0.004579,"Unsatisfiable",0.013796
result,"/home/delahayed/problems/TPTP-v9.2.1/Problems/SYN/SYN050+1.p","Theorem","0.00 v9.1.0","Unsatisfiable",0.005730,"Theorem",0.010314,"Theorem",0.004387,"Unsatisfiable",0.013812
result,"/home/delahayed/problems/TPTP-v9.2.1/Problems/SYN/SYN050-1.p","Unsatisfiable","0.06 v9.1.0","Unsatisfiable",0.005583,"Unsatisfiable",0.010046,"Unsatisfiable",0.004222,"Unsatisfiable",0.013424
result,"/home/delahayed/problems/TPTP-v9.2.1/Problems/SYN/SYN051+1.p","Theorem","0.00 v5.4.0","Unsatisfiable",0.005399,"Theorem",0.010195,"Theorem",0.005128,"Unsatisfiable",0.013683
result,"/home/delahayed/problems/TPTP-v9.2.1/Problems/SYN/SYN051-1.p","Unsatisfiable","0.00 v2.0.0","Unsatisfiable",0.005753,"Unsatisfiable",0.010438,"Unsatisfiable",0.004416,"Unsatisfiable",0.013775
result,"/home/delahayed/problems/TPTP-v9.2.1/Problems/SYN/SYN052+1.p","Theorem","0.00 v5.3.0","Unsatisfiable",0.008730,"Theorem",0.010134,"Theorem",0.004517,"Unsatisfiable",0.013613
result,"/home/delahayed/problems/TPTP-v9.2.1/Problems/SYN/SYN052-1.p","Unsatisfiable","0.00 v2.0.0","Unsatisfiable",0.005576,"Unsatisfiable",0.011037,"Unsatisfiable",0.004567,"Unsatisfiable",0.014118
result,"/home/delahayed/problems/TPTP-v9.2.1/Problems/SYN/SYN053+1.p","Theorem","0.00 v5.3.0","Unsatisfiable",0.006437,"Theorem",0.010463,"Theorem",0.004563,"Unsatisfiable",0.014613
result,"/home/delahayed/problems/TPTP-v9.2.1/Problems/SYN/SYN053-1.p","Unsatisfiable","0.00 v2.1.0","Unsatisfiable",0.006408,"Unsatisfiable",0.010453,"Unsatisfiable",0.004614,"Unsatisfiable",0.013908
result,"/home/delahayed/problems/TPTP-v9.2.1/Problems/SYN/SYN054+1.p","Theorem","0.00 v5.3.0","Unsatisfiable",0.007094,"Theorem",0.010583,"Theorem",0.005043,"Unsatisfiable",0.015332
result,"/home/delahayed/problems/TPTP-v9.2.1/Problems/SYN/SYN054-1.p","Unsatisfiable","0.00 v2.0.0","Unsatisfiable",0.010190,"Unsatisfiable",0.010857,"Unsatisfiable",0.005232,"Unsatisfiable",0.014689
result,"/home/delahayed/problems/TPTP-v9.2.1/Problems/SYN/SYN055+1.p","ContradictoryAxioms","0.00 v8.1.0","Unsatisfiable",0.010559,"Theorem",0.012535,"ContradictoryAxioms",0.005489,"Unsatisfiable",0.015757
result,"/home/delahayed/problems/TPTP-v9.2.1/Problems/SYN/SYN055-1.p","Unsatisfiable","0.00 v2.0.0","Unsatisfiable",0.008248,"Unsatisfiable",0.011007,"Unsatisfiable",0.006597,"Unsatisfiable",0.014331
result,"/home/delahayed/problems/TPTP-v9.2.1/Problems/SYN/SYN056+1.p","Theorem","0.00 v5.3.0","Unsatisfiable",0.031443,"Theorem",0.025720,"Theorem",0.004923,"Unsatisfiable",0.015258
result,"/home/delahayed/problems/TPTP-v9.2.1/Problems/SYN/SYN056-1.p","Satisfiable","0.00 v2.1.0","Timeout",3.006146,"Satisfiable",0.060317,"Satisfiable",0.005364,"Timeout",4.205653
result,"/home/delahayed/problems/TPTP-v9.2.1/Problems/SYN/SYN057+1.p","Theorem","0.00 v5.3.0","Unsatisfiable",0.007236,"Theorem",0.041938,"Theorem",0.005026,"Unsatisfiable",0.013759
result,"/home/delahayed/problems/TPTP-v9.2.1/Problems/SYN/SYN057-1.p","Unsatisfiable","0.00 v2.0.0","Unsatisfiable",0.006764,"Unsatisfiable",0.009890,"Unsatisfiable",0.004360,"Unsatisfiable",0.013859
result,"/home/delahayed/problems/TPTP-v9.2.1/Problems/SYN/SYN058+1.p","Theorem","0.00 v5.3.0","Unsatisfiable",0.006449,"Theorem",0.010378,"Theorem",0.005042,"Unsatisfiable",0.013994
result,"/home/delahayed/problems/TPTP-v9.2.1/Problems/SYN/SYN058-1.p","Unsatisfiable","0.00 v2.0.0","Unsatisfiable",0.006055,"Unsatisfiable",0.009937,"Unsatisfiable",0.005233,"Unsatisfiable",0.013952
result,"/home/delahayed/problems/TPTP-v9.2.1/Problems/SYN/SYN059+1.p","Theorem","0.00 v2.1.0","Unsatisfiable",0.771550,"Theorem",0.012845,"Theorem",0.006037,"Unsatisfiable",0.014717
result,"/home/delahayed/problems/TPTP-v9.2.1/Problems/SYN/SYN059-1.p","Satisfiable","0.00 v2.2.0","Timeout",3.006316,"Satisfiable",0.052035,"Satisfiable",0.007254,"Satisfiable",0.016199
result,"/home/delahayed/problems/TPTP-v9.2.1/Problems/SYN/SYN060+1.p","Theorem","0.00 v5.3.0","Unsatisfiable",0.005955,"Theorem",0.010073,"Theorem",0.004380,"Unsatisfiable",0.013721
result,"/home/delahayed/problems/TPTP-v9.2.1/Problems/SYN/SYN060-1.p","Unsatisfiable","0.00 v2.0.0","Unsatisfiable",0.006065,"Unsatisfiable",0.009816,"Unsatisfiable",0.004140,"Unsatisfiable",0.013901
result,"/home/delahayed/problems/TPTP-v9.2.1/Problems/SYN/SYN061+1.p","Theorem","0.00 v4.1.0","Unsatisfiable",0.006037,"Theorem",0.010374,"Theorem",0.004881,"Unsatisfiable",0.013711
result,"/home/delahayed/problems/TPTP-v9.2.1/Problems/SYN/SYN061-1.p","Unsatisfiable","0.00 v2.0.0","Unsatisfiable",0.005738,"Unsatisfiable",0.010627,"Unsatisfiable",0.004588,"Unsatisfiable",0.014055
result,"/home/delahayed/problems/TPTP-v9.2.1/Problems/SYN/SYN062+1.p","Theorem","0.00 v5.3.0","Unsatisfiable",0.006405,"Theorem",0.010995,"Theorem",0.005174,"Unsatisfiable",0.014028
result,"/home/delahayed/problems/TPTP-v9.2.1/Problems/SYN/SYN062-1.p","Unsatisfiable","0.00 v2.0.0","Unsatisfiable",0.007289,"Unsatisfiable",0.011626,"Unsatisfiable",0.004849,"Unsatisfiable",0.014317
result,"/home/delahayed/problems/TPTP-v9.2.1/Problems/SYN/SYN063+1.p","Theorem","0.00 v5.5.0","Unsatisfiable",0.008241,"Theorem",0.010907,"Theorem",0.004656,"Unsatisfiable",0.013655
result,"/home/delahayed/problems/TPTP-v9.2.1/Problems/SYN/SYN063-1.p","Unsatisfiable","0.00 v2.0.0","Unsatisfiable",0.007049,"Unsatisfiable",0.009962,"Unsatisfiable",0.004254,"Unsatisfiable",0.013725
result,"/home/delahayed/problems/TPTP-v9.2.1/Problems/SYN/SYN064+1.p","Theorem","0.00 v5.5.0","Unsatisfiable",0.007645,"Theorem",0.010156,"Theorem",0.004401,"Unsatisfiable",0.013495
result,"/home/delahayed/problems/TPTP-v9.2.1/Problems/SYN/SYN064-1.p","Unsatisfiable","0.06 v9.1.0","Unsatisfiable",0.005579,"Unsatisfiable",0.009377,"Unsatisfiable",0.003882,"Unsatisfiable",0.013302
result,"/home/delahayed/problems/TPTP-v9.2.1/Problems/SYN/SYN065+1.p","Theorem","0.00 v6.3.0","Unsatisfiable",0.005287,"Theorem",0.009374,"Theorem",0.004345,"Unsatisfiable",0.014213
result,"/home/delahayed/problems/TPTP-v9.2.1/Problems/SYN/SYN065-1.p","Unsatisfiable","0.00 v6.1.0","Unsatisfiable",0.005382,"Unsatisfiable",0.013041,"Unsatisfiable",0.004798,"Unsatisfiable",0.014858
result,"/home/delahayed/problems/TPTP-v9.2.1/Problems/SYN/SYN066+1.p","Theorem","0.05 v9.1.0","Unsatisfiable",0.005217,"Theorem",0.010222,"Theorem",0.004632,"Unsatisfiable",0.014727
result,"/home/delahayed/problems/TPTP-v9.2.1/Problems/SYN/SYN066-1.p","Unsatisfiable","0.00 v7.1.0","Unsatisfiable",0.005771,"Unsatisfiable",0.012224,"Unsatisfiable",0.004156,"Unsatisfiable",0.028264
result,"/home/delahayed/problems/TPTP-v9.2.1/Problems/SYN/SYN067+1.p","Theorem","0.15 v9.1.0","Timeout",3.007881,"Theorem",0.036594,"Theorem",0.102354,"Unsatisfiable",0.015705
result,"/home/delahayed/problems/TPTP-v9.2.1/Problems/SYN/SYN067-1.p","Unsatisfiable","0.31 v9.1.0","Timeout",3.007180,"Unsatisfiable",0.035133,"Unsatisfiable",0.087084,"Timeout",3.665370
result,"/home/delahayed/problems/TPTP-v9.2.1/Problems/SYN/SYN068+1.p","Theorem","0.00 v5.3.0","Unsatisfiable",0.006958,"Theorem",0.033432,"Theorem",0.010337,"Unsatisfiable",0.013942
result,"/home/delahayed/problems/TPTP-v9.2.1/Problems/SYN/SYN068-1.p","Unsatisfiable","0.00 v5.4.0","Unsatisfiable",0.006399,"Unsatisfiable",0.012280,"Unsatisfiable",0.004598,"Unsatisfiable",0.013497
result,"/home/delahayed/problems/TPTP-v9.2.1/Problems/SYN/SYN069+1.p","ContradictoryAxioms","0.00 v6.3.0","Unsatisfiable",0.013101,"ContradictoryAxioms",0.010231,"Theorem",0.005441,"Unsatisfiable",0.014913
result,"/home/delahayed/problems/TPTP-v9.2.1/Problems/SYN/SYN069-1.p","Unsatisfiable","0.00 v2.0.0","Unsatisfiable",0.012951,"Unsatisfiable",0.012683,"Unsatisfiable",0.004530,"Unsatisfiable",0.014585
result,"/home/delahayed/problems/TPTP-v9.2.1/Problems/SYN/SYN070+1.p","Theorem","0.00 v5.3.0","Unsatisfiable",0.013294,"Theorem",0.024990,"Theorem",0.004712,"Unsatisfiable",0.023687
result,"/home/delahayed/problems/TPTP-v9.2.1/Problems/SYN/SYN070-1.p","Unsatisfiable","0.00 v6.3.0","Unsatisfiable",0.030048,"Unsatisfiable",0.010287,"Unsatisfiable",0.004557,"Unsatisfiable",0.014907
result,"/home/delahayed/problems/TPTP-v9.2.1/Problems/SYN/SYN071+1.p","Theorem","0.00 v5.3.0","Unsatisfiable",0.006686,"Theorem",0.013781,"Theorem",0.006303,"Satisfiable",0.013436
result,"/home/delahayed/problems/TPTP-v9.2.1/Problems/SYN/SYN071-1.p","Unsatisfiable","0.00 v6.1.0","Unsatisfiable",0.009216,"Unsatisfiable",0.010439,"Unsatisfiable",0.004289,"Satisfiable",0.013498
result,"/home/delahayed/problems/TPTP-v9.2.1/Problems/SYN/SYN072+1.p","Theorem","0.00 v5.3.0","Unsatisfiable",0.076960,"Theorem",0.028371,"Theorem",0.005773,"Satisfiable",0.014682
result,"/home/delahayed/problems/TPTP-v9.2.1/Problems/SYN/SYN072-1.p","Unsatisfiable","0.00 v6.1.0","Unsatisfiable",0.076319,"Unsatisfiable",0.026946,"Unsatisfiable",0.004729,"Satisfiable",0.013474
result,"/home/delahayed/problems/TPTP-v9.2.1/Problems/SYN/SYN073+1.p","Theorem","0.00 v9.1.0","Unsatisfiable",0.005202,"Theorem",0.009669,"Theorem",0.004286,"Unsatisfiable",0.013236
result,"/home/delahayed/problems/TPTP-v9.2.1/Problems/SYN/SYN073-1.p","Unsatisfiable","0.00 v2.0.0","Unsatisfiable",0.005379,"Unsatisfiable",0.009576,"Unsatisfiable",0.004129,"Unsatisfiable",0.013365
result,"/home/delahayed/problems/TPTP-v9.2.1/Problems/SYN/SYN074+1.p","Theorem","0.18 v9.1.0","Timeout",3.007271,"Theorem",0.029413,"Theorem",0.005717,"Satisfiable",0.014816
result,"/home/delahayed/problems/TPTP-v9.2.1/Problems/SYN/SYN074-1.p","Unsatisfiable","0.05 v9.1.0","Unsatisfiable",1.137467,"Unsatisfiable",0.033556,"Unsatisfiable",0.005287,"Timeout",3.499540
result,"/home/delahayed/problems/TPTP-v9.2.1/Problems/SYN/SYN075+1.p","Theorem","0.18 v9.1.0","Timeout",3.007533,"Theorem",0.036016,"Theorem",0.005947,"Satisfiable",0.121084
result,"/home/delahayed/problems/TPTP-v9.2.1/Problems/SYN/SYN075-1.p","Unsatisfiable","0.05 v9.0.0","Timeout",3.007671,"Unsatisfiable",0.037464,"Unsatisfiable",0.005773,"Timeout",3.710630
result,"/home/delahayed/problems/TPTP-v9.2.1/Problems/SYN/SYN076+1.p","Theorem","0.82 v9.1.0","Timeout",3.009745,"Timeout",2.988273,"Timeout",3.047484,"Satisfiable",0.014979
result,"/home/delahayed/problems/TPTP-v9.2.1/Problems/SYN/SYN076-1.p","Unsatisfiable","0.82 v9.1.0","Unsatisfiable",0.514528,"Timeout",2.956774,"Timeout",3.046345,"Timeout",3.310541
result,"/home/delahayed/problems/TPTP-v9.2.1/Problems/SYN/SYN077+1.p","Theorem","0.18 v9.1.0","Timeout",3.012266,"Theorem",0.043047,"Theorem",0.006180,"Timeout",24.478116
result,"/home/delahayed/problems/TPTP-v9.2.1/Problems/SYN/SYN077-1.p","Unsatisfiable","0.09 v9.1.0","Timeout",3.006082,"Unsatisfiable",0.037015,"Unsatisfiable",0.005790,"Timeout",4.717385
result,"/home/delahayed/problems/TPTP-v9.2.1/Problems/SYN/SYN078+1.p","Theorem","0.06 v9.0.0","Timeout",3.007615,"Theorem",0.032640,"Theorem",0.019522,"Unsatisfiable",0.016574
result,"/home/delahayed/problems/TPTP-v9.2.1/Problems/SYN/SYN078-1.p","Satisfiable","0.12 v9.1.0","Timeout",3.006740,"Satisfiable",0.030248,"Satisfiable",0.005359,"Timeout",26.886140
result,"/home/delahayed/problems/TPTP-v9.2.1/Problems/SYN/SYN079+1.p","Theorem","0.00 v5.3.0","Unsatisfiable",0.005711,"Theorem",0.031693,"Theorem",0.004601,"Unsatisfiable",0.013311
result,"/home/delahayed/problems/TPTP-v9.2.1/Problems/SYN/SYN079-1.p","Unsatisfiable","0.00 v5.3.0","Unsatisfiable",0.005003,"Unsatisfiable",0.009463,"Unsatisfiable",0.004027,"Unsatisfiable",0.012975
result,"/home/delahayed/problems/TPTP-v9.2.1/Problems/SYN/SYN080+1.p","Theorem","0.00 v6.3.0","Unsatisfiable",0.005325,"Theorem",0.009791,"Theorem",0.004064,"Unsatisfiable",0.013361
result,"/home/delahayed/problems/TPTP-v9.2.1/Problems/SYN/SYN080-1.p","Unsatisfiable","0.04 v9.1.0","Unsatisfiable",0.004971,"Unsatisfiable",0.009679,"Unsatisfiable",0.004265,"Unsatisfiable",0.013860
result,"/home/delahayed/problems/TPTP-v9.2.1/Problems/SYN/SYN081+1.p","Theorem","0.00 v9.1.0","Unsatisfiable",0.004908,"Theorem",0.009976,"Theorem",0.004447,"Unsatisfiable",0.013662
result,"/home/delahayed/problems/TPTP-v9.2.1/Problems/SYN/SYN081-1.p","Unsatisfiable","0.00 v6.3.0","Unsatisfiable",0.005126,"Unsatisfiable",0.010115,"Unsatisfiable",0.004121,"Unsatisfiable",0.013816
result,"/home/delahayed/problems/TPTP-v9.2.1/Problems/SYN/SYN082+1.p","Theorem","0.00 v9.1.0","Unsatisfiable",0.008966,"Theorem",0.011081,"Theorem",0.004405,"Unsatisfiable",0.014860
result,"/home/delahayed/problems/TPTP-v9.2.1/Problems/SYN/SYN082-1.p","Unsatisfiable","0.00 v7.1.0","Unsatisfiable",0.009683,"Unsatisfiable",0.011283,"Unsatisfiable",0.004600,"Unsatisfiable",0.014436
result,"/home/delahayed/problems/TPTP-v9.2.1/Problems/SYN/SYN083+1.p","Theorem","0.09 v9.1.0","Unsatisfiable",0.005489,"Theorem",0.011700,"Theorem",0.004615,"Timeout",3.441619
result,"/home/delahayed/problems/TPTP-v9.2.1/Problems/SYN/SYN083-1.p","Unsatisfiable","0.04 v9.1.0","Unsatisfiable",0.005603,"Unsatisfiable",0.030365,"Unsatisfiable",0.004460,"Timeout",3.369588
result,"/home/delahayed/problems/TPTP-v9.2.1/Problems/SYN/SYN084+1.p","Theorem","0.00 v9.1.0","Unsatisfiable",0.234179,"Theorem",0.030044,"Theorem",0.005335,"Unsatisfiable",0.014146
result,"/home/delahayed/problems/TPTP-v9.2.1/Problems/SYN/SYN084-1.p","Satisfiable","0.00 v5.4.0","Timeout",3.008880,"Satisfiable",0.032254,"Satisfiable",0.004707,"Timeout",4.871293
result,"/home/delahayed/problems/TPTP-v9.2.1/Problems/SYN/SYN103-1.p","Unsatisfiable","0.00 v7.3.0","Unsatisfiable",0.105807,"Unsatisfiable",0.032153,"Unsatisfiable",0.011124,"Unsatisfiable",0.021407
result,"/home/delahayed/problems/TPTP-v9.2.1/Problems/SYN/SYN104-1.p","Unsatisfiable","0.00 v7.3.0","Unsatisfiable",0.105909,"Unsatisfiable",0.012809,"Unsatisfiable",0.008971,"Unsatisfiable",0.018935
result,"/home/delahayed/problems/TPTP-v9.2.1/Problems/SYN/SYN105-1.p","Unsatisfiable","0.00 v7.3.0","Unsatisfiable",0.120974,"Unsatisfiable",0.013622,"Unsatisfiable",0.015493,"Unsatisfiable",0.058571
result,"/home/delahayed/problems/TPTP-v9.2.1/Problems/SYN/SYN106-1.p","Unsatisfiable","0.00 v7.3.0","Unsatisfiable",0.113091,"Unsatisfiable",0.012498,"Unsatisfiable",0.014943,"Unsatisfiable",0.101426
result,"/home/delahayed/problems/TPTP-v9.2.1/Problems/SYN/SYN107-1.p","Unsatisfiable","0.00 v7.3.0","Unsatisfiable",0.146360,"Unsatisfiable",0.012750,"Unsatisfiable",0.016176,"Unsatisfiable",0.164436
result,"/home/delahayed/problems/TPTP-v9.2.1/Problems/SYN/SYN108-1.p","Unsatisfiable","0.00 v7.3.0","Unsatisfiable",0.123405,"Unsatisfiable",0.041679,"Unsatisfiable",0.017645,"Unsatisfiable",0.192078
result,"/home/delahayed/problems/TPTP-v9.2.1/Problems/SYN/SYN109-1.p","Unsatisfiable","0.00 v7.3.0","Unsatisfiable",0.269645,"Unsatisfiable",0.038430,"Unsatisfiable",0.025980,"Unsatisfiable",1.491822
result,"/home/delahayed/problems/TPTP-v9.2.1/Problems/SYN/SYN110-1.p","Unsatisfiable","0.00 v7.3.0","Unsatisfiable",0.688475,"Unsatisfiable",0.059967,"Unsatisfiable",0.028718,"Timeout",3.220481
result,"/home/delahayed/problems/TPTP-v9.2.1/Problems/SYN/SYN111-1.p","Unsatisfiable","0.00 v7.3.0","Unsatisfiable",0.300138,"Unsatisfiable",0.058953,"Unsatisfiable",0.020638,"Unsatisfiable",2.697807
result,"/home/delahayed/problems/TPTP-v9.2.1/Problems/SYN/SYN112-1.p","Unsatisfiable","0.00 v7.3.0","Unsatisfiable",0.127108,"Unsatisfiable",0.031020,"Unsatisfiable",0.017081,"Unsatisfiable",0.092122
result,"/home/delahayed/problems/TPTP-v9.2.1/Problems/SYN/SYN113-1.p","Unsatisfiable","0.00 v7.3.0","Unsatisfiable",0.230778,"Unsatisfiable",0.039452,"Unsatisfiable",0.022364,"Unsatisfiable",0.460884
result,"/home/delahayed/problems/TPTP-v9.2.1/Problems/SYN/SYN114-1.p","Unsatisfiable","0.00 v7.3.0","Unsatisfiable",0.190250,"Unsatisfiable",0.035401,"Unsatisfiable",0.016994,"Unsatisfiable",0.067406
result,"/home/delahayed/problems/TPTP-v9.2.1/Problems/SYN/SYN115-1.p","Unsatisfiable","0.00 v7.3.0","Unsatisfiable",0.798486,"Unsatisfiable",0.016584,"Unsatisfiable",0.031328,"Unsatisfiable",3.137059
result,"/home/delahayed/problems/TPTP-v9.2.1/Problems/SYN/SYN116-1.p","Unsatisfiable","0.00 v7.3.0","Unsatisfiable",0.356629,"Unsatisfiable",0.032684,"Unsatisfiable",0.018036,"Unsatisfiable",2.061810
result,"/home/delahayed/problems/TPTP-v9.2.1/Problems/SYN/SYN117-1.p","Unsatisfiable","0.00 v7.3.0","Unsatisfiable",0.484574,"Unsatisfiable",0.038619,"Unsatisfiable",0.020636,"Timeout",3.247345
result,"/home/delahayed/problems/TPTP-v9.2.1/Problems/SYN/SYN118-1.p","Unsatisfiable","0.00 v7.3.0","Unsatisfiable",0.104748,"Unsatisfiable",0.037016,"Unsatisfiable",0.008774,"Unsatisfiable",0.019246
result,"/home/delahayed/problems/TPTP-v9.2.1/Problems/SYN/SYN119-1.p","Unsatisfiable","0.00 v7.3.0","Unsatisfiable",0.109573,"Unsatisfiable",0.015192,"Unsatisfiable",0.009068,"Unsatisfiable",0.019439
result,"/home/delahayed/problems/TPTP-v9.2.1/Problems/SYN/SYN120-1.p","Unsatisfiable","0.00 v7.3.0","Unsatisfiable",0.109231,"Unsatisfiable",0.013082,"Unsatisfiable",0.016025,"Unsatisfiable",0.086958
result,"/home/delahayed/problems/TPTP-v9.2.1/Problems/SYN/SYN121-1.p","Unsatisfiable","0.00 v7.3.0","Unsatisfiable",0.165811,"Unsatisfiable",0.034341,"Unsatisfiable",0.029458,"Timeout",3.475328
result,"/home/delahayed/problems/TPTP-v9.2.1/Problems/SYN/SYN122-1.p","Unsatisfiable","0.00 v7.3.0","Unsatisfiable",0.146049,"Unsatisfiable",0.060811,"Unsatisfiable",0.022475,"Timeout",3.073615
result,"/home/delahayed/problems/TPTP-v9.2.1/Problems/SYN/SYN123-1.p","Unsatisfiable","0.00 v7.3.0","Unsatisfiable",0.130471,"Unsatisfiable",0.031774,"Unsatisfiable",0.022504,"Unsatisfiable",0.290345
result,"/home/delahayed/problems/TPTP-v9.2.1/Problems/SYN/SYN124-1.p","Unsatisfiable","0.00 v7.3.0","Unsatisfiable",0.415003,"Unsatisfiable",0.014336,"Unsatisfiable",0.018301,"Unsatisfiable",0.415896
result,"/home/delahayed/problems/TPTP-v9.2.1/Problems/SYN/SYN125-1.p","Unsatisfiable","0.00 v7.3.0","Unsatisfiable",0.132986,"Unsatisfiable",0.042147,"Unsatisfiable",0.020385,"Unsatisfiable",0.291822
result,"/home/delahayed/problems/TPTP-v9.2.1/Problems/SYN/SYN126-1.p","Unsatisfiable","0.00 v7.3.0","Unsatisfiable",0.134467,"Unsatisfiable",0.014615,"Unsatisfiable",0.016501,"Unsatisfiable",2.547148
result,"/home/delahayed/problems/TPTP-v9.2.1/Problems/SYN/SYN127-1.p","Unsatisfiable","0.00 v7.3.0","Unsatisfiable",0.136221,"Unsatisfiable",0.040011,"Unsatisfiable",0.017099,"Timeout",3.510936
result,"/home/delahayed/problems/TPTP-v9.2.1/Problems/SYN/SYN128-1.p","Unsatisfiable","0.00 v7.3.0","Timeout",3.009903,"Unsatisfiable",0.041963,"Unsatisfiable",0.037643,"Unsatisfiable",3.183545
result,"/home/delahayed/problems/TPTP-v9.2.1/Problems/SYN/SYN129-1.p","Unsatisfiable","0.00 v7.3.0","Timeout",3.008718,"Unsatisfiable",0.045601,"Unsatisfiable",0.036039,"Unsatisfiable",3.085096
result,"/home/delahayed/problems/TPTP-v9.2.1/Problems/SYN/SYN130-1.p","Unsatisfiable","0.00 v7.3.0","Unsatisfiable",0.105055,"Unsatisfiable",0.029034,"Unsatisfiable",0.015393,"Unsatisfiable",0.042421
result,"/home/delahayed/problems/TPTP-v9.2.1/Problems/SYN/SYN131-1.p","Unsatisfiable","0.00 v7.3.0","Unsatisfiable",0.106220,"Unsatisfiable",0.012478,"Unsatisfiable",0.008412,"Unsatisfiable",0.027271
result,"/home/delahayed/problems/TPTP-v9.2.1/Problems/SYN/SYN132-1.p","Unsatisfiable","0.00 v7.3.0","Unsatisfiable",0.109344,"Unsatisfiable",0.012639,"Unsatisfiable",0.016196,"Unsatisfiable",0.027874
result,"/home/delahayed/problems/TPTP-v9.2.1/Problems/SYN/SYN133-1.p","Unsatisfiable","0.00 v7.3.0","Unsatisfiable",0.106252,"Unsatisfiable",0.013077,"Unsatisfiable",0.015532,"Unsatisfiable",0.032336
result,"/home/delahayed/problems/TPTP-v9.2.1/Problems/SYN/SYN134-1.p","Unsatisfiable","0.00 v7.3.0","Unsatisfiable",0.117670,"Unsatisfiable",0.013555,"Unsatisfiable",0.015909,"Unsatisfiable",0.424967
result,"/home/delahayed/problems/TPTP-v9.2.1/Problems/SYN/SYN135-1.p","Unsatisfiable","0.00 v7.3.0","Unsatisfiable",0.178198,"Unsatisfiable",0.038238,"Unsatisfiable",0.023224,"Unsatisfiable",0.104724
result,"/home/delahayed/problems/TPTP-v9.2.1/Problems/SYN/SYN136-1.p","Unsatisfiable","0.00 v7.3.0","Unsatisfiable",0.178163,"Unsatisfiable",0.014097,"Unsatisfiable",0.016814,"Unsatisfiable",1.246981
result,"/home/delahayed/problems/TPTP-v9.2.1/Problems/SYN/SYN137-1.p","Unsatisfiable","0.00 v7.3.0","Unsatisfiable",0.570204,"Unsatisfiable",0.053501,"Unsatisfiable",0.041564,"Timeout",3.568413
result,"/home/delahayed/problems/TPTP-v9.2.1/Problems/SYN/SYN138-1.p","Unsatisfiable","0.00 v7.3.0","Unsatisfiable",0.775219,"Unsatisfiable",0.061147,"Unsatisfiable",0.034565,"Timeout",3.786211
result,"/home/delahayed/problems/TPTP-v9.2.1/Problems/SYN/SYN139-1.p","Unsatisfiable","0.00 v7.3.0","Unsatisfiable",0.634772,"Unsatisfiable",0.071157,"Unsatisfiable",0.044261,"Timeout",3.463557
result,"/home/delahayed/problems/TPTP-v9.2.1/Problems/SYN/SYN140-1.p","Unsatisfiable","0.00 v7.3.0","Unsatisfiable",0.665655,"Unsatisfiable",0.064397,"Unsatisfiable",0.037376,"Timeout",3.400359
result,"/home/delahayed/problems/TPTP-v9.2.1/Problems/SYN/SYN141-1.p","Unsatisfiable","0.00 v7.3.0","Unsatisfiable",1.092554,"Unsatisfiable",0.052227,"Unsatisfiable",0.031660,"Unsatisfiable",2.884969
result,"/home/delahayed/problems/TPTP-v9.2.1/Problems/SYN/SYN142-1.p","Unsatisfiable","0.00 v7.3.0","Unsatisfiable",2.314935,"Unsatisfiable",0.062520,"Unsatisfiable",0.043503,"Timeout",3.591760
result,"/home/delahayed/problems/TPTP-v9.2.1/Problems/SYN/SYN143-1.p","Unsatisfiable","0.00 v7.3.0","Unsatisfiable",2.274354,"Unsatisfiable",0.068744,"Unsatisfiable",0.044481,"Timeout",3.060272
result,"/home/delahayed/problems/TPTP-v9.2.1/Problems/SYN/SYN144-1.p","Unsatisfiable","0.00 v7.3.0","Unsatisfiable",0.292756,"Unsatisfiable",0.060489,"Unsatisfiable",0.022763,"Unsatisfiable",2.688275
result,"/home/delahayed/problems/TPTP-v9.2.1/Problems/SYN/SYN145-1.p","Unsatisfiable","0.00 v7.3.0","Unsatisfiable",0.105030,"Unsatisfiable",0.042395,"Unsatisfiable",0.009527,"Unsatisfiable",0.027762
result,"/home/delahayed/problems/TPTP-v9.2.1/Problems/SYN/SYN146-1.p","Unsatisfiable","0.00 v7.3.0","Unsatisfiable",0.117308,"Unsatisfiable",0.014694,"Unsatisfiable",0.009532,"Unsatisfiable",0.029212
result,"/home/delahayed/problems/TPTP-v9.2.1/Problems/SYN/SYN147-1.p","Unsatisfiable","0.00 v7.3.0","Unsatisfiable",0.116612,"Unsatisfiable",0.013454,"Unsatisfiable",0.008751,"Unsatisfiable",0.027751
result,"/home/delahayed/problems/TPTP-v9.2.1/Problems/SYN/SYN148-1.p","Unsatisfiable","0.00 v7.3.0","Unsatisfiable",0.168030,"Unsatisfiable",0.037584,"Unsatisfiable",0.031592,"Unsatisfiable",0.709478
result,"/home/delahayed/problems/TPTP-v9.2.1/Problems/SYN/SYN149-1.p","Unsatisfiable","0.00 v7.3.0","Unsatisfiable",0.117641,"Unsatisfiable",0.030701,"Unsatisfiable",0.015605,"Unsatisfiable",0.037177
result,"/home/delahayed/problems/TPTP-v9.2.1/Problems/SYN/SYN150-1.p","Unsatisfiable","0.00 v7.3.0","Unsatisfiable",0.119773,"Unsatisfiable",0.012646,"Unsatisfiable",0.016019,"Unsatisfiable",0.295002
result,"/home/delahayed/problems/TPTP-v9.2.1/Problems/SYN/SYN151-1.p","Unsatisfiable","0.00 v7.3.0","Unsatisfiable",0.125305,"Unsatisfiable",0.013944,"Unsatisfiable",0.018063,"Unsatisfiable",0.546980
result,"/home/delahayed/problems/TPTP-v9.2.1/Problems/SYN/SYN152-1.p","Unsatisfiable","0.00 v7.3.0","Unsatisfiable",0.122277,"Unsatisfiable",0.032557,"Unsatisfiable",0.016563,"Unsatisfiable",0.276375
result,"/home/delahayed/problems/TPTP-v9.2.1/Problems/SYN/SYN153-1.p","Unsatisfiable","0.00 v7.3.0","Unsatisfiable",0.164686,"Unsatisfiable",0.013579,"Unsatisfiable",0.017974,"Unsatisfiable",0.472707
result,"/home/delahayed/problems/TPTP-v9.2.1/Problems/SYN/SYN154-1.p","Unsatisfiable","0.00 v7.3.0","Unsatisfiable",0.169672,"Unsatisfiable",0.039318,"Unsatisfiable",0.015534,"Unsatisfiable",0.286523
result,"/home/delahayed/problems/TPTP-v9.2.1/Problems/SYN/SYN155-1.p","Unsatisfiable","0.00 v7.3.0","Unsatisfiable",2.946476,"Unsatisfiable",0.060661,"Unsatisfiable",0.024327,"Unsatisfiable",2.516399
result,"/home/delahayed/problems/TPTP-v9.2.1/Problems/SYN/SYN156-1.p","Unsatisfiable","0.00 v7.3.0","Timeout",3.009785,"Unsatisfiable",0.053759,"Unsatisfiable",0.029933,"Timeout",3.333793
result,"/home/delahayed/problems/TPTP-v9.2.1/Problems/SYN/SYN157-1.p","Unsatisfiable","0.00 v7.3.0","Unsatisfiable",1.057101,"Unsatisfiable",0.039440,"Unsatisfiable",0.025459,"Timeout",3.429226
result,"/home/delahayed/problems/TPTP-v9.2.1/Problems/SYN/SYN158-1.p","Unsatisfiable","0.00 v7.3.0","Unsatisfiable",0.916846,"Unsatisfiable",0.040160,"Unsatisfiable",0.024491,"Timeout",3.287615
result,"/home/delahayed/problems/TPTP-v9.2.1/Problems/SYN/SYN159-1.p","Unsatisfiable","0.00 v7.3.0","Timeout",3.009431,"Unsatisfiable",0.068524,"Unsatisfiable",0.038529,"Timeout",3.184041
result,"/home/delahayed/problems/TPTP-v9.2.1/Problems/SYN/SYN160-1.p","Unsatisfiable","0.00 v7.3.0","Unsatisfiable",0.609692,"Unsatisfiable",0.038470,"Unsatisfiable",0.026267,"Unsatisfiable",2.952255
result,"/home/delahayed/problems/TPTP-v9.2.1/Problems/SYN/SYN161-1.p","Unsatisfiable","0.00 v7.3.0","Unsatisfiable",0.910469,"Unsatisfiable",0.058056,"Unsatisfiable",0.038620,"Timeout",5.165523
result,"/home/delahayed/problems/TPTP-v9.2.1/Problems/SYN/SYN162-1.p","Unsatisfiable","0.00 v7.3.0","Unsatisfiable",0.935568,"Unsatisfiable",0.040144,"Unsatisfiable",0.027276,"Timeout",3.165110
result,"/home/delahayed/problems/TPTP-v9.2.1/Problems/SYN/SYN163-1.p","Unsatisfiable","0.00 v7.3.0","Timeout",3.009546,"Unsatisfiable",0.059325,"Unsatisfiable",0.038302,"Timeout",3.186853
result,"/home/delahayed/problems/TPTP-v9.2.1/Problems/SYN/SYN164-1.p","Unsatisfiable","0.00 v7.3.0","Unsatisfiable",0.106756,"Unsatisfiable",0.029307,"Unsatisfiable",0.008602,"Unsatisfiable",0.019005
result,"/home/delahayed/problems/TPTP-v9.2.1/Problems/SYN/SYN165-1.p","Unsatisfiable","0.00 v7.3.0","Unsatisfiable",0.116527,"Unsatisfiable",0.012671,"Unsatisfiable",0.008627,"Unsatisfiable",0.035330
result,"/home/delahayed/problems/TPTP-v9.2.1/Problems/SYN/SYN166-1.p","Unsatisfiable","0.00 v7.3.0","Unsatisfiable",0.175718,"Unsatisfiable",0.038965,"Unsatisfiable",0.020205,"Timeout",3.660303
result,"/home/delahayed/problems/TPTP-v9.2.1/Problems/SYN/SYN167-1.p","Unsatisfiable","0.00 v7.3.0","Unsatisfiable",0.121731,"Unsatisfiable",0.032590,"Unsatisfiable",0.016621,"Unsatisfiable",0.030708
result,"/home/delahayed/problems/TPTP-v9.2.1/Problems/SYN/SYN168-1.p","Unsatisfiable","0.00 v7.3.0","Unsatisfiable",0.131298,"Unsatisfiable",0.013143,"Unsatisfiable",0.015740,"Unsatisfiable",0.296288
result,"/home/delahayed/problems/TPTP-v9.2.1/Problems/SYN/SYN169-1.p","Unsatisfiable","0.00 v7.3.0","Unsatisfiable",0.136061,"Unsatisfiable",0.013435,"Unsatisfiable",0.016812,"Unsatisfiable",0.244134
result,"/home/delahayed/problems/TPTP-v9.2.1/Problems/SYN/SYN170-1.p","Unsatisfiable","0.00 v7.3.0","Unsatisfiable",0.214825,"Unsatisfiable",0.035042,"Unsatisfiable",0.017343,"Unsatisfiable",0.354673
result,"/home/delahayed/problems/TPTP-v9.2.1/Problems/SYN/SYN171-1.p","Unsatisfiable","0.00 v7.3.0","Timeout",3.008818,"Unsatisfiable",0.067237,"Unsatisfiable",0.046823,"Timeout",3.090530
result,"/home/delahayed/problems/TPTP-v9.2.1/Problems/SYN/SYN172-1.p","Unsatisfiable","0.00 v7.3.0","Unsatisfiable",0.106203,"Unsatisfiable",0.038572,"Unsatisfiable",0.016386,"Unsatisfiable",0.027422
result,"/home/delahayed/problems/TPTP-v9.2.1/Problems/SYN/SYN173-1.p","Unsatisfiable","0.00 v7.3.0","Unsatisfiable",0.113399,"Unsatisfiable",0.017172,"Unsatisfiable",0.029297,"Timeout",3.201692
result,"/home/delahayed/problems/TPTP-v9.2.1/Problems/SYN/SYN174-1.p","Unsatisfiable","0.00 v7.3.0","Unsatisfiable",0.114631,"Unsatisfiable",0.032803,"Unsatisfiable",0.028889,"Timeout",3.273801
result,"/home/delahayed/problems/TPTP-v9.2.1/Problems/SYN/SYN175-1.p","Unsatisfiable","0.00 v7.3.0","Unsatisfiable",0.132471,"Unsatisfiable",0.049810,"Unsatisfiable",0.017091,"Unsatisfiable",0.077029
result,"/home/delahayed/problems/TPTP-v9.2.1/Problems/SYN/SYN176-1.p","Unsatisfiable","0.00 v7.3.0","Unsatisfiable",0.217101,"Unsatisfiable",0.032597,"Unsatisfiable",0.021328,"Unsatisfiable",0.623111
result,"/home/delahayed/problems/TPTP-v9.2.1/Problems/SYN/SYN177-1.p","Unsatisfiable","0.00 v7.3.0","Unsatisfiable",0.183522,"Unsatisfiable",0.037229,"Unsatisfiable",0.028218,"Unsatisfiable",0.618971
result,"/home/delahayed/problems/TPTP-v9.2.1/Problems/SYN/SYN178-1.p","Unsatisfiable","0.00 v7.3.0","Unsatisfiable",0.821749,"Unsatisfiable",0.060335,"Unsatisfiable",0.033100,"Unsatisfiable",2.186414
result,"/home/delahayed/problems/TPTP-v9.2.1/Problems/SYN/SYN179-1.p","Unsatisfiable","0.00 v7.3.0","Timeout",3.021020,"Unsatisfiable",0.066026,"Unsatisfiable",0.031598,"Timeout",3.114532
result,"/home/delahayed/problems/TPTP-v9.2.1/Problems/SYN/SYN180-1.p","Unsatisfiable","0.00 v7.3.0","Timeout",3.009636,"Unsatisfiable",0.058794,"Unsatisfiable",0.037742,"Timeout",3.260942
result,"/home/delahayed/problems/TPTP-v9.2.1/Problems/SYN/SYN181-1.p","Unsatisfiable","0.00 v7.3.0","Timeout",3.010895,"Unsatisfiable",0.033489,"Unsatisfiable",0.036091,"Timeout",3.469965
result,"/home/delahayed/problems/TPTP-v9.2.1/Problems/SYN/SYN182-1.p","Unsatisfiable","0.00 v7.3.0","Unsatisfiable",0.142418,"Unsatisfiable",0.035352,"Unsatisfiable",0.016738,"Timeout",3.274520
result,"/home/delahayed/problems/TPTP-v9.2.1/Problems/SYN/SYN183-1.p","Unsatisfiable","0.00 v7.3.0","Unsatisfiable",0.145276,"Unsatisfiable",0.032976,"Unsatisfiable",0.017367,"Timeout",3.181800
result,"/home/delahayed/problems/TPTP-v9.2.1/Problems/SYN/SYN184-1.p","Unsatisfiable","0.00 v7.3.0","Unsatisfiable",0.111693,"Unsatisfiable",0.035048,"Unsatisfiable",0.008902,"Unsatisfiable",0.018662
result,"/home/delahayed/problems/TPTP-v9.2.1/Problems/SYN/SYN185-1.p","Unsatisfiable","0.00 v7.3.0","Unsatisfiable",0.107675,"Unsatisfiable",0.012799,"Unsatisfiable",0.008550,"Unsatisfiable",0.019782
result,"/home/delahayed/problems/TPTP-v9.2.1/Problems/SYN/SYN186-1.p","Unsatisfiable","0.00 v7.3.0","Unsatisfiable",0.120622,"Unsatisfiable",0.014556,"Unsatisfiable",0.018932,"Unsatisfiable",0.062827
result,"/home/delahayed/problems/TPTP-v9.2.1/Problems/SYN/SYN187-1.p","Unsatisfiable","0.00 v7.3.0","Unsatisfiable",0.121812,"Unsatisfiable",0.013741,"Unsatisfiable",0.016822,"Unsatisfiable",0.061723
result,"/home/delahayed/problems/TPTP-v9.2.1/Problems/SYN/SYN188-1.p","Unsatisfiable","0.00 v7.3.0","Unsatisfiable",0.124188,"Unsatisfiable",0.014460,"Unsatisfiable",0.019090,"Unsatisfiable",0.066900
result,"/home/delahayed/problems/TPTP-v9.2.1/Problems/SYN/SYN189-1.p","Unsatisfiable","0.00 v7.3.0","Unsatisfiable",0.122910,"Unsatisfiable",0.018629,"Unsatisfiable",0.021283,"Unsatisfiable",0.844454
result,"/home/delahayed/problems/TPTP-v9.2.1/Problems/SYN/SYN190-1.p","Unsatisfiable","0.00 v7.3.0","Timeout",3.014582,"Unsatisfiable",0.066581,"Unsatisfiable",0.043213,"Timeout",3.635255
result,"/home/delahayed/problems/TPTP-v9.2.1/Problems/SYN/SYN191-1.p","Unsatisfiable","0.00 v7.3.0","Unsatisfiable",0.244230,"Unsatisfiable",0.064873,"Unsatisfiable",0.025188,"Timeout",3.083089
result,"/home/delahayed/problems/TPTP-v9.2.1/Problems/SYN/SYN192-1.p","Unsatisfiable","0.00 v7.3.0","Unsatisfiable",0.409434,"Unsatisfiable",0.041363,"Unsatisfiable",0.024746,"Unsatisfiable",1.817073
result,"/home/delahayed/problems/TPTP-v9.2.1/Problems/SYN/SYN193-1.p","Unsatisfiable","0.00 v7.3.0","Unsatisfiable",0.417417,"Unsatisfiable",0.036851,"Unsatisfiable",0.026810,"Unsatisfiable",2.017044
result,"/home/delahayed/problems/TPTP-v9.2.1/Problems/SYN/SYN194-1.p","Unsatisfiable","0.00 v7.3.0","Unsatisfiable",0.295835,"Unsatisfiable",0.037016,"Unsatisfiable",0.017928,"Unsatisfiable",2.956593
result,"/home/delahayed/problems/TPTP-v9.2.1/Problems/SYN/SYN195-1.p","Unsatisfiable","0.00 v7.3.0","Unsatisfiable",0.307519,"Unsatisfiable",0.041111,"Unsatisfiable",0.017503,"Timeout",3.580628
result,"/home/delahayed/problems/TPTP-v9.2.1/Problems/SYN/SYN196-1.p","Unsatisfiable","0.00 v7.3.0","Unsatisfiable",0.118769,"Unsatisfiable",0.042387,"Unsatisfiable",0.015642,"Unsatisfiable",0.250779
result,"/home/delahayed/problems/TPTP-v9.2.1/Problems/SYN/SYN197-1.p","Unsatisfiable","0.00 v7.3.0","Unsatisfiable",0.108626,"Unsatisfiable",0.012771,"Unsatisfiable",0.015128,"Unsatisfiable",0.131019
result,"/home/delahayed/problems/TPTP-v9.2.1/Problems/SYN/SYN198-1.p","Unsatisfiable","0.00 v7.3.0","Unsatisfiable",0.116372,"Unsatisfiable",0.019609,"Unsatisfiable",0.015351,"Unsatisfiable",0.216682
result,"/home/delahayed/problems/TPTP-v9.2.1/Problems/SYN/SYN199-1.p","Unsatisfiable","0.00 v7.3.0","Unsatisfiable",0.116408,"Unsatisfiable",0.019487,"Unsatisfiable",0.015543,"Unsatisfiable",0.226887
result,"/home/delahayed/problems/TPTP-v9.2.1/Problems/SYN/SYN200-1.p","Unsatisfiable","0.00 v7.3.0","Unsatisfiable",0.116317,"Unsatisfiable",0.019720,"Unsatisfiable",0.015784,"Unsatisfiable",0.250875
result,"/home/delahayed/problems/TPTP-v9.2.1/Problems/SYN/SYN201-1.p","Unsatisfiable","0.00 v7.3.0","Unsatisfiable",0.153766,"Unsatisfiable",0.013167,"Unsatisfiable",0.015629,"Unsatisfiable",0.149763
result,"/home/delahayed/problems/TPTP-v9.2.1/Problems/SYN/SYN202-1.p","Unsatisfiable","0.00 v7.3.0","Unsatisfiable",0.531879,"Unsatisfiable",0.054545,"Unsatisfiable",0.032678,"Unsatisfiable",2.106078
result,"/home/delahayed/problems/TPTP-v9.2.1/Problems/SYN/SYN203-1.p","Unsatisfiable","0.00 v7.3.0","Unsatisfiable",0.348151,"Unsatisfiable",0.039901,"Unsatisfiable",0.027634,"Unsatisfiable",1.674891
result,"/home/delahayed/problems/TPTP-v9.2.1/Problems/SYN/SYN204-1.p","Unsatisfiable","0.00 v7.3.0","Unsatisfiable",0.561024,"Unsatisfiable",0.060847,"Unsatisfiable",0.045973,"Unsatisfiable",2.940020
result,"/home/delahayed/problems/TPTP-v9.2.1/Problems/SYN/SYN205-1.p","Unsatisfiable","0.00 v7.3.0","Unsatisfiable",0.494363,"Unsatisfiable",0.059819,"Unsatisfiable",0.047926,"Unsatisfiable",2.990538
result,"/home/delahayed/problems/TPTP-v9.2.1/Problems/SYN/SYN206-1.p","Unsatisfiable","0.00 v7.3.0","Unsatisfiable",0.208886,"Unsatisfiable",0.033030,"Unsatisfiable",0.021398,"Unsatisfiable",1.635756
result,"/home/delahayed/problems/TPTP-v9.2.1/Problems/SYN/SYN207-1.p","Unsatisfiable","0.00 v7.3.0","Unsatisfiable",0.447111,"Unsatisfiable",0.065377,"Unsatisfiable",0.032966,"Unsatisfiable",1.777957
result,"/home/delahayed/problems/TPTP-v9.2.1/Problems/SYN/SYN208-1.p","Unsatisfiable","0.00 v7.3.0","Unsatisfiable",0.198420,"Unsatisfiable",0.046201,"Unsatisfiable",0.021838,"Unsatisfiable",3.037626
result,"/home/delahayed/problems/TPTP-v9.2.1/Problems/SYN/SYN209-1.p","Unsatisfiable","0.00 v7.3.0","Unsatisfiable",0.170051,"Unsatisfiable",0.034275,"Unsatisfiable",0.017895,"Unsatisfiable",1.006226
result,"/home/delahayed/problems/TPTP-v9.2.1/Problems/SYN/SYN210-1.p","Unsatisfiable","0.00 v7.3.0","Unsatisfiable",0.172778,"Unsatisfiable",0.040180,"Unsatisfiable",0.017065,"Timeout",3.308502
result,"/home/delahayed/problems/TPTP-v9.2.1/Problems/SYN/SYN211-1.p","Unsatisfiable","0.00 v7.3.0","Unsatisfiable",0.164307,"Unsatisfiable",0.047393,"Unsatisfiable",0.022745,"Unsatisfiable",2.296321
result,"/home/delahayed/problems/TPTP-v9.2.1/Problems/SYN/SYN212-1.p","Unsatisfiable","0.00 v7.3.0","Unsatisfiable",0.166089,"Unsatisfiable",0.033635,"Unsatisfiable",0.017633,"Unsatisfiable",1.778480
result,"/home/delahayed/problems/TPTP-v9.2.1/Problems/SYN/SYN213-1.p","Unsatisfiable","0.00 v7.3.0","Unsatisfiable",2.198875,"Unsatisfiable",0.035667,"Unsatisfiable",0.026910,"Unsatisfiable",3.150676
result,"/home/delahayed/problems/TPTP-v9.2.1/Problems/SYN/SYN214-1.p","Unsatisfiable","0.00 v7.3.0","Unsatisfiable",2.236525,"Unsatisfiable",0.042199,"Unsatisfiable",0.028439,"Timeout",3.542612
result,"/home/delahayed/problems/TPTP-v9.2.1/Problems/SYN/SYN215-1.p","Unsatisfiable","0.00 v7.3.0","Unsatisfiable",2.149689,"Unsatisfiable",0.036099,"Unsatisfiable",0.026226,"Timeout",3.160962
result,"/home/delahayed/problems/TPTP-v9.2.1/Problems/SYN/SYN216-1.p","Unsatisfiable","0.00 v7.3.0","Unsatisfiable",0.131010,"Unsatisfiable",0.038343,"Unsatisfiable",0.020986,"Timeout",3.208093
result,"/home/delahayed/problems/TPTP-v9.2.1/Problems/SYN/SYN217-1.p","Unsatisfiable","0.00 v7.3.0","Unsatisfiable",0.131929,"Unsatisfiable",0.038949,"Unsatisfiable",0.023312,"Unsatisfiable",0.363801
result,"/home/delahayed/problems/TPTP-v9.2.1/Problems/SYN/SYN218-1.p","Unsatisfiable","0.00 v7.3.0","Unsatisfiable",0.139015,"Unsatisfiable",0.033118,"Unsatisfiable",0.020791,"Timeout",3.245893
result,"/home/delahayed/problems/TPTP-v9.2.1/Problems/SYN/SYN219-1.p","Unsatisfiable","0.00 v7.3.0","Unsatisfiable",0.169168,"Unsatisfiable",0.060324,"Unsatisfiable",0.025655,"Timeout",3.284788
result,"/home/delahayed/problems/TPTP-v9.2.1/Problems/SYN/SYN220-1.p","Unsatisfiable","0.00 v7.3.0","Unsatisfiable",0.174588,"Unsatisfiable",0.041455,"Unsatisfiable",0.015783,"Unsatisfiable",0.441786
result,"/home/delahayed/problems/TPTP-v9.2.1/Problems/SYN/SYN221-1.p","Unsatisfiable","0.00 v7.3.0","Unsatisfiable",0.281532,"Unsatisfiable",0.013595,"Unsatisfiable",0.016300,"Unsatisfiable",0.331779
result,"/home/delahayed/problems/TPTP-v9.2.1/Problems/SYN/SYN222-1.p","Unsatisfiable","0.00 v7.3.0","Unsatisfiable",0.565565,"Unsatisfiable",0.039528,"Unsatisfiable",0.018138,"Unsatisfiable",0.325077
result,"/home/delahayed/problems/TPTP-v9.2.1/Problems/SYN/SYN223-1.p","Unsatisfiable","0.00 v7.3.0","Unsatisfiable",0.191790,"Unsatisfiable",0.013095,"Unsatisfiable",0.016822,"Unsatisfiable",0.270790
result,"/home/delahayed/problems/TPTP-v9.2.1/Problems/SYN/SYN224-1.p","Unsatisfiable","0.00 v7.3.0","Unsatisfiable",0.427150,"Unsatisfiable",0.030248,"Unsatisfiable",0.016325,"Unsatisfiable",0.449316
result,"/home/delahayed/problems/TPTP-v9.2.1/Problems/SYN/SYN225-1.p","Unsatisfiable","0.00 v7.3.0","Unsatisfiable",0.127359,"Unsatisfiable",0.016916,"Unsatisfiable",0.019023,"Unsatisfiable",0.922739
result,"/home/delahayed/problems/TPTP-v9.2.1/Problems/SYN/SYN226-1.p","Unsatisfiable","0.00 v7.3.0","Unsatisfiable",0.171896,"Unsatisfiable",0.038386,"Unsatisfiable",0.016502,"Unsatisfiable",0.513700
result,"/home/delahayed/problems/TPTP-v9.2.1/Problems/SYN/SYN227-1.p","Unsatisfiable","0.00 v7.3.0","Unsatisfiable",0.130063,"Unsatisfiable",0.018082,"Unsatisfiable",0.021302,"Unsatisfiable",0.947731
result,"/home/delahayed/problems/TPTP-v9.2.1/Problems/SYN/SYN228-1.p","Unsatisfiable","0.00 v7.3.0","Unsatisfiable",0.120958,"Unsatisfiable",0.043824,"Unsatisfiable",0.017768,"Unsatisfiable",0.850218
result,"/home/delahayed/problems/TPTP-v9.2.1/Problems/SYN/SYN229-1.p","Unsatisfiable","0.00 v7.3.0","Unsatisfiable",0.544702,"Unsatisfiable",0.035921,"Unsatisfiable",0.016653,"Unsatisfiable",0.332053
result,"/home/delahayed/problems/TPTP-v9.2.1/Problems/SYN/SYN230-1.p","Unsatisfiable","0.00 v7.3.0","Unsatisfiable",0.544873,"Unsatisfiable",0.024121,"Unsatisfiable",0.017846,"Unsatisfiable",0.341531
result,"/home/delahayed/problems/TPTP-v9.2.1/Problems/SYN/SYN231-1.p","Unsatisfiable","0.00 v7.3.0","Unsatisfiable",0.563567,"Unsatisfiable",0.040469,"Unsatisfiable",0.017827,"Unsatisfiable",0.696742
result,"/home/delahayed/problems/TPTP-v9.2.1/Problems/SYN/SYN232-1.p","Unsatisfiable","0.00 v7.3.0","Unsatisfiable",0.549146,"Unsatisfiable",0.033925,"Unsatisfiable",0.016545,"Unsatisfiable",0.429990
result,"/home/delahayed/problems/TPTP-v9.2.1/Problems/SYN/SYN233-1.p","Unsatisfiable","0.00 v7.3.0","Unsatisfiable",0.191518,"Unsatisfiable",0.015445,"Unsatisfiable",0.016576,"Unsatisfiable",0.275403
result,"/home/delahayed/problems/TPTP-v9.2.1/Problems/SYN/SYN234-1.p","Unsatisfiable","0.00 v7.3.0","Unsatisfiable",0.133304,"Unsatisfiable",0.041276,"Unsatisfiable",0.020344,"Unsatisfiable",0.308158
result,"/home/delahayed/problems/TPTP-v9.2.1/Problems/SYN/SYN235-1.p","Unsatisfiable","0.00 v7.3.0","Unsatisfiable",0.127601,"Unsatisfiable",0.017233,"Unsatisfiable",0.018812,"Unsatisfiable",0.807619
result,"/home/delahayed/problems/TPTP-v9.2.1/Problems/SYN/SYN236-1.p","Unsatisfiable","0.00 v7.3.0","Unsatisfiable",0.186712,"Unsatisfiable",0.037628,"Unsatisfiable",0.016813,"Unsatisfiable",0.285938
result,"/home/delahayed/problems/TPTP-v9.2.1/Problems/SYN/SYN237-1.p","Unsatisfiable","0.00 v7.3.0","Unsatisfiable",0.115451,"Unsatisfiable",0.012756,"Unsatisfiable",0.008804,"Unsatisfiable",0.028405
result,"/home/delahayed/problems/TPTP-v9.2.1/Problems/SYN/SYN238-1.p","Unsatisfiable","0.00 v7.3.0","Unsatisfiable",0.118268,"Unsatisfiable",0.013446,"Unsatisfiable",0.017453,"Unsatisfiable",0.030544
result,"/home/delahayed/problems/TPTP-v9.2.1/Problems/SYN/SYN239-1.p","Unsatisfiable","0.00 v7.3.0","Unsatisfiable",0.117390,"Unsatisfiable",0.012808,"Unsatisfiable",0.008342,"Unsatisfiable",0.028599
result,"/home/delahayed/problems/TPTP-v9.2.1/Problems/SYN/SYN240-1.p","Unsatisfiable","0.00 v7.3.0","Unsatisfiable",0.117491,"Unsatisfiable",0.014430,"Unsatisfiable",0.009031,"Unsatisfiable",0.029597
result,"/home/delahayed/problems/TPTP-v9.2.1/Problems/SYN/SYN241-1.p","Unsatisfiable","0.00 v7.3.0","Unsatisfiable",0.123377,"Unsatisfiable",0.037865,"Unsatisfiable",0.010129,"Unsatisfiable",0.032451
result,"/home/delahayed/problems/TPTP-v9.2.1/Problems/SYN/SYN242-1.p","Unsatisfiable","0.00 v7.3.0","Unsatisfiable",0.126701,"Unsatisfiable",0.014446,"Unsatisfiable",0.011336,"Unsatisfiable",0.019278
result,"/home/delahayed/problems/TPTP-v9.2.1/Problems/SYN/SYN243-1.p","Unsatisfiable","0.00 v7.3.0","Unsatisfiable",0.129585,"Unsatisfiable",0.015704,"Unsatisfiable",0.016977,"Unsatisfiable",0.460437
result,"/home/delahayed/problems/TPTP-v9.2.1/Problems/SYN/SYN244-1.p","Unsatisfiable","0.00 v7.3.0","Unsatisfiable",0.120468,"Unsatisfiable",0.025811,"Unsatisfiable",0.010465,"Unsatisfiable",0.029888
result,"/home/delahayed/problems/TPTP-v9.2.1/Problems/SYN/SYN245-1.p","Unsatisfiable","0.00 v7.3.0","Unsatisfiable",0.121193,"Unsatisfiable",0.040519,"Unsatisfiable",0.009473,"Unsatisfiable",0.027822
result,"/home/delahayed/problems/TPTP-v9.2.1/Problems/SYN/SYN246-1.p","Unsatisfiable","0.00 v7.3.0","Unsatisfiable",0.120891,"Unsatisfiable",0.014812,"Unsatisfiable",0.019910,"Unsatisfiable",0.157824
result,"/home/delahayed/problems/TPTP-v9.2.1/Problems/SYN/SYN247-1.p","Unsatisfiable","0.00 v7.3.0","Unsatisfiable",0.119028,"Unsatisfiable",0.014107,"Unsatisfiable",0.016806,"Unsatisfiable",0.030725
result,"/home/delahayed/problems/TPTP-v9.2.1/Problems/SYN/SYN248-1.p","Unsatisfiable","0.00 v7.3.0","Unsatisfiable",0.158453,"Unsatisfiable",0.043182,"Unsatisfiable",0.024613,"Unsatisfiable",0.167843
result,"/home/delahayed/problems/TPTP-v9.2.1/Problems/SYN/SYN249-1.p","Unsatisfiable","0.00 v7.3.0","Unsatisfiable",0.156416,"Unsatisfiable",0.048451,"Unsatisfiable",0.022453,"Unsatisfiable",0.140332
result,"/home/delahayed/problems/TPTP-v9.2.1/Problems/SYN/SYN250-1.p","Unsatisfiable","0.00 v7.3.0","Unsatisfiable",0.411420,"Unsatisfiable",0.046064,"Unsatisfiable",0.028304,"Unsatisfiable",2.426143
result,"/home/delahayed/problems/TPTP-v9.2.1/Problems/SYN/SYN251-1.p","Unsatisfiable","0.00 v7.3.0","Unsatisfiable",0.130277,"Unsatisfiable",0.027102,"Unsatisfiable",0.017302,"Unsatisfiable",0.208568
result,"/home/delahayed/problems/TPTP-v9.2.1/Problems/SYN/SYN252-1.p","Unsatisfiable","0.00 v7.3.0","Unsatisfiable",0.614659,"Unsatisfiable",0.044802,"Unsatisfiable",0.043612,"Timeout",3.388575
result,"/home/delahayed/problems/TPTP-v9.2.1/Problems/SYN/SYN253-1.p","Unsatisfiable","0.00 v7.3.0","Unsatisfiable",0.615444,"Unsatisfiable",0.075706,"Unsatisfiable",0.046893,"Timeout",3.380456
result,"/home/delahayed/problems/TPTP-v9.2.1/Problems/SYN/SYN254-1.p","Unsatisfiable","0.00 v7.3.0","Unsatisfiable",0.618109,"Unsatisfiable",0.062682,"Unsatisfiable",0.039994,"Timeout",3.557792
result,"/home/delahayed/problems/TPTP-v9.2.1/Problems/SYN/SYN255-1.p","Unsatisfiable","0.00 v7.3.0","Unsatisfiable",0.121969,"Unsatisfiable",0.036404,"Unsatisfiable",0.016305,"Unsatisfiable",0.384125
result,"/home/delahayed/problems/TPTP-v9.2.1/Problems/SYN/SYN256-1.p","Unsatisfiable","0.00 v7.3.0","Unsatisfiable",0.125056,"Unsatisfiable",0.013154,"Unsatisfiable",0.017409,"Unsatisfiable",0.413918
result,"/home/delahayed/problems/TPTP-v9.2.1/Problems/SYN/SYN257-1.p","Unsatisfiable","0.00 v7.3.0","Unsatisfiable",0.108519,"Unsatisfiable",0.036952,"Unsatisfiable",0.010143,"Unsatisfiable",0.022524
result,"/home/delahayed/problems/TPTP-v9.2.1/Problems/SYN/SYN258-1.p","Unsatisfiable","0.00 v7.3.0","Unsatisfiable",0.121218,"Unsatisfiable",0.013357,"Unsatisfiable",0.017284,"Unsatisfiable",0.032047
result,"/home/delahayed/problems/TPTP-v9.2.1/Problems/SYN/SYN259-1.p","Unsatisfiable","0.00 v7.3.0","Unsatisfiable",0.122042,"Unsatisfiable",0.012639,"Unsatisfiable",0.016486,"Unsatisfiable",0.030403
result,"/home/delahayed/problems/TPTP-v9.2.1/Problems/SYN/SYN260-1.p","Unsatisfiable","0.00 v7.3.0","Unsatisfiable",0.120444,"Unsatisfiable",0.012701,"Unsatisfiable",0.016567,"Unsatisfiable",0.031012
result,"/home/delahayed/problems/TPTP-v9.2.1/Problems/SYN/SYN261-1.p","Unsatisfiable","0.00 v7.3.0","Unsatisfiable",0.115987,"Unsatisfiable",0.012509,"Unsatisfiable",0.015610,"Unsatisfiable",0.035954
result,"/home/delahayed/problems/TPTP-v9.2.1/Problems/SYN/SYN262-1.p","Unsatisfiable","0.00 v7.3.0","Unsatisfiable",0.141596,"Unsatisfiable",0.035675,"Unsatisfiable",0.019946,"Unsatisfiable",0.225246
result,"/home/delahayed/problems/TPTP-v9.2.1/Problems/SYN/SYN263-1.p","Unsatisfiable","0.00 v7.3.0","Unsatisfiable",0.144494,"Unsatisfiable",0.050138,"Unsatisfiable",0.028414,"Timeout",3.826099
result,"/home/delahayed/problems/TPTP-v9.2.1/Problems/SYN/SYN264-1.p","Unsatisfiable","0.00 v7.3.0","Unsatisfiable",0.157208,"Unsatisfiable",0.055468,"Unsatisfiable",0.025184,"Unsatisfiable",0.332396
result,"/home/delahayed/problems/TPTP-v9.2.1/Problems/SYN/SYN265-1.p","Unsatisfiable","0.00 v7.3.0","Unsatisfiable",0.130782,"Unsatisfiable",0.013065,"Unsatisfiable",0.015777,"Unsatisfiable",0.251874
result,"/home/delahayed/problems/TPTP-v9.2.1/Problems/SYN/SYN266-1.p","Unsatisfiable","0.00 v7.3.0","Unsatisfiable",0.541897,"Unsatisfiable",0.066415,"Unsatisfiable",0.021400,"Timeout",10.339416
result,"/home/delahayed/problems/TPTP-v9.2.1/Problems/SYN/SYN267-1.p","Unsatisfiable","0.00 v7.3.0","Unsatisfiable",0.219425,"Unsatisfiable",0.034715,"Unsatisfiable",0.017475,"Unsatisfiable",0.350745
result,"/home/delahayed/problems/TPTP-v9.2.1/Problems/SYN/SYN268-1.p","Unsatisfiable","0.00 v7.3.0","Unsatisfiable",0.214663,"Unsatisfiable",0.015295,"Unsatisfiable",0.017214,"Unsatisfiable",0.646498
result,"/home/delahayed/problems/TPTP-v9.2.1/Problems/SYN/SYN269-1.p","Unsatisfiable","0.00 v7.3.0","Timeout",3.009400,"Unsatisfiable",0.060608,"Unsatisfiable",0.044262,"Timeout",3.667876
result,"/home/delahayed/problems/TPTP-v9.2.1/Problems/SYN/SYN270-1.p","Unsatisfiable","0.00 v7.3.0","Unsatisfiable",0.257975,"Unsatisfiable",0.058368,"Unsatisfiable",0.026188,"Timeout",3.546462
result,"/home/delahayed/problems/TPTP-v9.2.1/Problems/SYN/SYN271-1.p","Unsatisfiable","0.00 v7.3.0","Timeout",3.011340,"Unsatisfiable",0.065239,"Unsatisfiable",0.047187,"Timeout",3.969764
result,"/home/delahayed/problems/TPTP-v9.2.1/Problems/SYN/SYN272-1.p","Unsatisfiable","0.00 v7.3.0","Unsatisfiable",1.197615,"Unsatisfiable",0.060954,"Unsatisfiable",0.032870,"Timeout",3.935632
result,"/home/delahayed/problems/TPTP-v9.2.1/Problems/SYN/SYN273-1.p","Unsatisfiable","0.00 v7.3.0","Unsatisfiable",2.014372,"Unsatisfiable",0.058340,"Unsatisfiable",0.031957,"Timeout",3.937043
result,"/home/delahayed/problems/TPTP-v9.2.1/Problems/SYN/SYN274-1.p","Unsatisfiable","0.00 v7.3.0","Unsatisfiable",0.107957,"Unsatisfiable",0.042206,"Unsatisfiable",0.010109,"Unsatisfiable",0.029133
result,"/home/delahayed/problems/TPTP-v9.2.1/Problems/SYN/SYN275-1.p","Unsatisfiable","0.00 v7.3.0","Unsatisfiable",0.105457,"Unsatisfiable",0.012812,"Unsatisfiable",0.009009,"Unsatisfiable",0.028551
result,"/home/delahayed/problems/TPTP-v9.2.1/Problems/SYN/SYN276-1.p","Unsatisfiable","0.00 v7.3.0","Unsatisfiable",0.108505,"Unsatisfiable",0.013727,"Unsatisfiable",0.009438,"Unsatisfiable",0.023245
result,"/home/delahayed/problems/TPTP-v9.2.1/Problems/SYN/SYN277-1.p","Unsatisfiable","0.00 v7.3.0","Unsatisfiable",0.118694,"Unsatisfiable",0.013564,"Unsatisfiable",0.009901,"Unsatisfiable",0.030465
result,"/home/delahayed/problems/TPTP-v9.2.1/Problems/SYN/SYN278-1.p","Unsatisfiable","0.00 v7.3.0","Unsatisfiable",0.124071,"Unsatisfiable",0.012748,"Unsatisfiable",0.015632,"Unsatisfiable",0.318049
result,"/home/delahayed/problems/TPTP-v9.2.1/Problems/SYN/SYN279-1.p","Unsatisfiable","0.00 v7.3.0","Unsatisfiable",0.113479,"Unsatisfiable",0.043109,"Unsatisfiable",0.028769,"Unsatisfiable",0.075876
result,"/home/delahayed/problems/TPTP-v9.2.1/Problems/SYN/SYN280-1.p","Unsatisfiable","0.00 v7.3.0","Unsatisfiable",0.117667,"Unsatisfiable",0.013183,"Unsatisfiable",0.009602,"Unsatisfiable",0.045401
result,"/home/delahayed/problems/TPTP-v9.2.1/Problems/SYN/SYN281-1.p","Unsatisfiable","0.00 v7.3.0","Unsatisfiable",0.119618,"Unsatisfiable",0.014221,"Unsatisfiable",0.018723,"Unsatisfiable",0.051879
result,"/home/delahayed/problems/TPTP-v9.2.1/Problems/SYN/SYN282-1.p","Unsatisfiable","0.00 v7.3.0","Unsatisfiable",0.120015,"Unsatisfiable",0.013276,"Unsatisfiable",0.009783,"Unsatisfiable",0.030737
result,"/home/delahayed/problems/TPTP-v9.2.1/Problems/SYN/SYN283-1.p","Unsatisfiable","0.00 v7.3.0","Unsatisfiable",0.117579,"Unsatisfiable",0.019271,"Unsatisfiable",0.031628,"Timeout",3.975531
result,"/home/delahayed/problems/TPTP-v9.2.1/Problems/SYN/SYN284-1.p","Unsatisfiable","0.00 v7.3.0","Unsatisfiable",0.112250,"Unsatisfiable",0.034039,"Unsatisfiable",0.028689,"Timeout",3.967527
result,"/home/delahayed/problems/TPTP-v9.2.1/Problems/SYN/SYN285-1.p","Unsatisfiable","0.00 v7.3.0","Unsatisfiable",0.170571,"Unsatisfiable",0.059678,"Unsatisfiable",0.022775,"Unsatisfiable",1.360787
result,"/home/delahayed/problems/TPTP-v9.2.1/Problems/SYN/SYN286-1.p","Unsatisfiable","0.00 v7.3.0","Unsatisfiable",0.116320,"Unsatisfiable",0.042548,"Unsatisfiable",0.022711,"Unsatisfiable",0.076030
result,"/home/delahayed/problems/TPTP-v9.2.1/Problems/SYN/SYN287-1.p","Unsatisfiable","0.00 v7.3.0","Unsatisfiable",0.118423,"Unsatisfiable",0.012556,"Unsatisfiable",0.008784,"Unsatisfiable",0.028886
result,"/home/delahayed/problems/TPTP-v9.2.1/Problems/SYN/SYN288-1.p","Unsatisfiable","0.00 v7.3.0","Unsatisfiable",0.118223,"Unsatisfiable",0.012339,"Unsatisfiable",0.008547,"Unsatisfiable",0.019091
result,"/home/delahayed/problems/TPTP-v9.2.1/Problems/SYN/SYN289-1.p","Unsatisfiable","0.00 v7.3.0","Unsatisfiable",0.114408,"Unsatisfiable",0.016902,"Unsatisfiable",0.019995,"Unsatisfiable",2.932019
result,"/home/delahayed/problems/TPTP-v9.2.1/Problems/SYN/SYN290-1.p","Unsatisfiable","0.00 v7.3.0","Unsatisfiable",0.127745,"Unsatisfiable",0.036923,"Unsatisfiable",0.017778,"Unsatisfiable",0.049924
result,"/home/delahayed/problems/TPTP-v9.2.1/Problems/SYN/SYN291-1.p","Unsatisfiable","0.00 v7.3.0","Unsatisfiable",0.120699,"Unsatisfiable",0.013014,"Unsatisfiable",0.009108,"Unsatisfiable",0.028810
result,"/home/delahayed/problems/TPTP-v9.2.1/Problems/SYN/SYN292-1.p","Unsatisfiable","0.00 v7.3.0","Unsatisfiable",0.109174,"Unsatisfiable",0.013096,"Unsatisfiable",0.015850,"Unsatisfiable",0.036977
result,"/home/delahayed/problems/TPTP-v9.2.1/Problems/SYN/SYN293-1.p","Unsatisfiable","0.00 v7.3.0","Unsatisfiable",0.126110,"Unsatisfiable",0.032784,"Unsatisfiable",0.023051,"Timeout",3.333868
result,"/home/delahayed/problems/TPTP-v9.2.1/Problems/SYN/SYN294-1.p","Unsatisfiable","0.00 v7.3.0","Unsatisfiable",0.170653,"Unsatisfiable",0.049141,"Unsatisfiable",0.023053,"Timeout",3.424377
result,"/home/delahayed/problems/TPTP-v9.2.1/Problems/SYN/SYN295-1.p","Unsatisfiable","0.00 v7.3.0","Unsatisfiable",0.119222,"Unsatisfiable",0.038508,"Unsatisfiable",0.022283,"Unsatisfiable",0.022726
result,"/home/delahayed/problems/TPTP-v9.2.1/Problems/SYN/SYN296-1.p","Unsatisfiable","0.00 v7.3.0","Unsatisfiable",0.114630,"Unsatisfiable",0.018404,"Unsatisfiable",0.030364,"Timeout",3.412201
result,"/home/delahayed/problems/TPTP-v9.2.1/Problems/SYN/SYN297-1.p","Unsatisfiable","0.00 v7.3.0","Unsatisfiable",0.122666,"Unsatisfiable",0.039718,"Unsatisfiable",0.010188,"Unsatisfiable",0.243223
result,"/home/delahayed/problems/TPTP-v9.2.1/Problems/SYN/SYN298-1.p","Unsatisfiable","0.00 v7.3.0","Unsatisfiable",0.215870,"Unsatisfiable",0.014271,"Unsatisfiable",0.022711,"Unsatisfiable",1.603281
result,"/home/delahayed/problems/TPTP-v9.2.1/Problems/SYN/SYN299-1.p","Unsatisfiable","0.00 v7.3.0","Unsatisfiable",0.225251,"Unsatisfiable",0.038859,"Unsatisfiable",0.030375,"Unsatisfiable",2.234703
result,"/home/delahayed/problems/TPTP-v9.2.1/Problems/SYN/SYN300-1.p","Unsatisfiable","0.00 v7.3.0","Unsatisfiable",0.211615,"Unsatisfiable",0.036367,"Unsatisfiable",0.021946,"Unsatisfiable",1.664054
result,"/home/delahayed/problems/TPTP-v9.2.1/Problems/SYN/SYN301-1.p","Unsatisfiable","0.00 v7.3.0","Unsatisfiable",0.200583,"Unsatisfiable",0.043657,"Unsatisfiable",0.017386,"Timeout",3.306539
result,"/home/delahayed/problems/TPTP-v9.2.1/Problems/SYN/SYN303-1.p","Satisfiable","0.00 v8.2.0","Timeout",3.036091,"Satisfiable",0.117485,"Satisfiable",0.004661,"Timeout",4.506082
result,"/home/delahayed/problems/TPTP-v9.2.1/Problems/SYN/SYN304-1.p","Satisfiable","0.00 v3.1.0","GaveUp",0.006808,"Satisfiable",0.031346,"Satisfiable",0.004439,"Satisfiable",0.013548
result,"/home/delahayed/problems/TPTP-v9.2.1/Problems/SYN/SYN305-1.p","Satisfiable","0.60 v9.1.0","GaveUp",0.005259,"Satisfiable",0.009565,"Satisfiable",0.004209,"Satisfiable",0.013421
result,"/home/delahayed/problems/TPTP-v9.2.1/Problems/SYN/SYN306-1.p","Satisfiable","0.00 v5.4.0","Timeout",3.047566,"Satisfiable",0.066495,"Satisfiable",0.004837,"Satisfiable",0.014207
result,"/home/delahayed/problems/TPTP-v9.2.1/Problems/SYN/SYN307-1.p","Satisfiable","0.00 v7.3.0","Timeout",3.009979,"Satisfiable",0.108301,"Timeout",3.021713,"Timeout",4.207505
result,"/home/delahayed/problems/TPTP-v9.2.1/Problems/SYN/SYN308-1.p","Satisfiable","0.00 v3.1.0","GaveUp",0.007080,"Satisfiable",0.038549,"Satisfiable",0.004717,"Satisfiable",0.014091
result,"/home/delahayed/problems/TPTP-v9.2.1/Problems/SYN/SYN309-1.p","Satisfiable","0.00 v3.1.0","GaveUp",0.006821,"Satisfiable",0.015550,"Satisfiable",0.004729,"Satisfiable",0.015401
result,"/home/delahayed/problems/TPTP-v9.2.1/Problems/SYN/SYN310-1.p","Unsatisfiable","0.00 v5.5.0","Timeout",3.007314,"Unsatisfiable",0.033540,"Unsatisfiable",0.005487,"Timeout",3.314724
result,"/home/delahayed/problems/TPTP-v9.2.1/Problems/SYN/SYN311-1.p","Unsatisfiable","0.06 v9.1.0","Unsatisfiable",1.010826,"Unsatisfiable",0.034057,"Unsatisfiable",0.005514,"Timeout",4.327766
result,"/home/delahayed/problems/TPTP-v9.2.1/Problems/SYN/SYN312-1.p","Unsatisfiable","0.12 v9.1.0","Unsatisfiable",0.155925,"Unsatisfiable",0.057933,"Unsatisfiable",0.005571,"Timeout",3.272676
result,"/home/delahayed/problems/TPTP-v9.2.1/Problems/SYN/SYN315+1.p","Theorem","0.00 v5.3.0","Unsatisfiable",0.005769,"Theorem",0.033718,"Theorem",0.004338,"Unsatisfiable",0.013419
result,"/home/delahayed/problems/TPTP-v9.2.1/Problems/SYN/SYN315-1.p","Unsatisfiable","0.00 v2.0.0","Unsatisfiable",0.005290,"Unsatisfiable",0.009796,"Unsatisfiable",0.004181,"Unsatisfiable",0.013413
result,"/home/delahayed/problems/TPTP-v9.2.1/Problems/SYN/SYN316+1.p","CounterSatisfiable","0.00 v5.4.0","Timeout",3.008970,"CounterSatisfiable",0.032128,"CounterSatisfiable",0.004212,"Satisfiable",0.013152
result,"/home/delahayed/problems/TPTP-v9.2.1/Problems/SYN/SYN316-1.p","Satisfiable","0.00 v5.4.0","Timeout",3.008614,"Satisfiable",0.035144,"Satisfiable",0.004318,"Satisfiable",0.013293
result,"/home/delahayed/problems/TPTP-v9.2.1/Problems/SYN/SYN317+1.p","Theorem","0.00 v4.1.0","Unsatisfiable",0.007425,"Theorem",0.009758,"Theorem",0.004284,"Unsatisfiable",0.013683
result,"/home/delahayed/problems/TPTP-v9.2.1/Problems/SYN/SYN317-1.p","Satisfiable","0.00 v2.0.0","GaveUp",0.005979,"Satisfiable",0.009119,"Satisfiable",0.005897,"Satisfiable",0.015085
result,"/home/delahayed/problems/TPTP-v9.2.1/Problems/SYN/SYN318+1.p","Theorem","0.05 v9.1.0","Unsatisfiable",0.005332,"Theorem",0.010632,"Theorem",0.004384,"Unsatisfiable",0.014102
result,"/home/delahayed/problems/TPTP-v9.2.1/Problems/SYN/SYN318-1.p","Unsatisfiable","0.00 v2.0.0","Unsatisfiable",0.006285,"Unsatisfiable",0.012008,"Unsatisfiable",0.007340,"Unsatisfiable",0.013987
result,"/home/delahayed/problems/TPTP-v9.2.1/Problems/SYN/SYN319+1.p","Theorem","0.05 v9.1.0","Unsatisfiable",0.006535,"Theorem",0.011284,"Theorem",0.005506,"Timeout",57.489770
result,"/home/delahayed/problems/TPTP-v9.2.1/Problems/SYN/SYN319-1.p","Unsatisfiable","0.00 v7.1.0","Unsatisfiable",0.006378,"Unsatisfiable",0.032753,"Unsatisfiable",0.004603,"Unsatisfiable",0.013929
result,"/home/delahayed/problems/TPTP-v9.2.1/Problems/SYN/SYN320+1.p","CounterSatisfiable","0.00 v5.4.0","GaveUp",0.005631,"CounterSatisfiable",0.012204,"CounterSatisfiable",0.004622,"Satisfiable",0.013597
result,"/home/delahayed/problems/TPTP-v9.2.1/Problems/SYN/SYN320-1.p","Satisfiable","0.00 v3.1.0","GaveUp",0.005075,"Satisfiable",0.014350,"Satisfiable",0.004254,"Satisfiable",0.013168
result,"/home/delahayed/problems/TPTP-v9.2.1/Problems/SYN/SYN321+1.p","Theorem","0.10 v9.1.0","Unsatisfiable",0.006837,"Theorem",0.009910,"Theorem",0.004170,"Unsatisfiable",0.013734
result,"/home/delahayed/problems/TPTP-v9.2.1/Problems/SYN/SYN321-1.p","Unsatisfiable","0.00 v5.5.0","Unsatisfiable",0.006002,"Unsatisfiable",0.009350,"Unsatisfiable",0.004216,"Unsatisfiable",0.013310
result,"/home/delahayed/problems/TPTP-v9.2.1/Problems/SYN/SYN322+1.p","CounterSatisfiable","0.00 v4.1.0","GaveUp",0.005035,"CounterSatisfiable",0.009645,"CounterSatisfiable",0.004275,"Satisfiable",0.013299
result,"/home/delahayed/problems/TPTP-v9.2.1/Problems/SYN/SYN322-1.p","Satisfiable","0.00 v2.0.0","GaveUp",0.005271,"Satisfiable",0.009379,"Satisfiable",0.004003,"Satisfiable",0.014489
result,"/home/delahayed/problems/TPTP-v9.2.1/Problems/SYN/SYN323+1.p","Theorem","0.00 v5.5.0","Unsatisfiable",0.005236,"Theorem",0.009808,"Theorem",0.004159,"Unsatisfiable",0.013569
result,"/home/delahayed/problems/TPTP-v9.2.1/Problems/SYN/SYN323-1.p","Unsatisfiable","0.00 v2.0.0","Unsatisfiable",0.008587,"Unsatisfiable",0.012411,"Unsatisfiable",0.005859,"Unsatisfiable",0.014092
result,"/home/delahayed/problems/TPTP-v9.2.1/Problems/SYN/SYN324+1.p","CounterSatisfiable","0.00 v5.4.0","Timeout",3.010650,"CounterSatisfiable",0.032460,"CounterSatisfiable",0.004695,"Satisfiable",0.014766
result,"/home/delahayed/problems/TPTP-v9.2.1/Problems/SYN/SYN324-1.p","Satisfiable","0.00 v5.4.0","Timeout",3.009538,"Satisfiable",0.040216,"Satisfiable",0.004602,"Satisfiable",0.014506
result,"/home/delahayed/problems/TPTP-v9.2.1/Problems/SYN/SYN325+1.p","Theorem","0.05 v9.1.0","Unsatisfiable",0.005697,"Theorem",0.010037,"Theorem",0.004329,"Unsatisfiable",0.013804
result,"/home/delahayed/problems/TPTP-v9.2.1/Problems/SYN/SYN325-1.p","Unsatisfiable","0.00 v7.1.0","Unsatisfiable",0.005587,"Unsatisfiable",0.010735,"Unsatisfiable",0.004878,"Unsatisfiable",0.013752
result,"/home/delahayed/problems/TPTP-v9.2.1/Problems/SYN/SYN326+1.p","Theorem","0.00 v9.1.0","Unsatisfiable",0.006598,"Theorem",0.011126,"Theorem",0.004625,"Unsatisfiable",0.016023
result,"/home/delahayed/problems/TPTP-v9.2.1/Problems/SYN/SYN326-1.p","Unsatisfiable","0.00 v2.0.0","Unsatisfiable",0.006145,"Unsatisfiable",0.012208,"Unsatisfiable",0.009810,"Unsatisfiable",0.017623
result,"/home/delahayed/problems/TPTP-v9.2.1/Problems/SYN/SYN327+1.p","Theorem","0.00 v3.7.0","Unsatisfiable",0.007882,"Theorem",0.011409,"Theorem",0.004793,"Unsatisfiable",0.016563
result,"/home/delahayed/problems/TPTP-v9.2.1/Problems/SYN/SYN327-1.p","Unsatisfiable","0.00 v7.1.0","Unsatisfiable",0.012315,"Unsatisfiable",0.012358,"Unsatisfiable",0.004940,"Unsatisfiable",0.014379
result,"/home/delahayed/problems/TPTP-v9.2.1/Problems/SYN/SYN328+1.p","Theorem","0.00 v9.1.0","Timeout",3.009179,"Theorem",0.031082,"Theorem",0.005546,"Unsatisfiable",0.408106
result,"/home/delahayed/problems/TPTP-v9.2.1/Problems/SYN/SYN328-1.p","Unsatisfiable","0.23 v9.1.0","Timeout",3.009308,"Unsatisfiable",0.037522,"Unsatisfiable",0.004774,"Unsatisfiable",0.086003
result,"/home/delahayed/problems/TPTP-v9.2.1/Problems/SYN/SYN329+1.p","CounterSatisfiable","0.00 v5.4.0","GaveUp",0.005325,"CounterSatisfiable",0.012151,"CounterSatisfiable",0.004139,"Timeout",3.068636
result,"/home/delahayed/problems/TPTP-v9.2.1/Problems/SYN/SYN329-1.p","Satisfiable","0.00 v5.5.0","GaveUp",0.007425,"Satisfiable",0.037363,"Satisfiable",0.006256,"Timeout",4.356530
result,"/home/delahayed/problems/TPTP-v9.2.1/Problems/SYN/SYN330+1.p","CounterSatisfiable","0.00 v9.1.0","Timeout",3.008703,"CounterSatisfiable",0.068501,"CounterSatisfiable",0.005095,"Timeout",3.227294
result,"/home/delahayed/problems/TPTP-v9.2.1/Problems/SYN/SYN330-1.p","Satisfiable","0.00 v5.4.0","Timeout",3.007226,"Satisfiable",0.090063,"Satisfiable",0.004535,"Timeout",3.281276
result,"/home/delahayed/problems/TPTP-v9.2.1/Problems/SYN/SYN331+1.p","Theorem","0.00 v9.1.0","Unsatisfiable",0.006485,"Theorem",0.021403,"Theorem",0.060406,"Unsatisfiable",0.329845
result,"/home/delahayed/problems/TPTP-v9.2.1/Problems/SYN/SYN331-1.p","Unsatisfiable","0.00 v2.0.0","Unsatisfiable",0.007501,"Unsatisfiable",0.009960,"Unsatisfiable",0.004675,"Timeout",3.695118
result,"/home/delahayed/problems/TPTP-v9.2.1/Problems/SYN/SYN332+1.p","Theorem","0.00 v9.1.0","Timeout",3.011700,"Theorem",0.036734,"Theorem",0.005271,"Timeout",3.155730
result,"/home/delahayed/problems/TPTP-v9.2.1/Problems/SYN/SYN332-1.p","Unsatisfiable","0.00 v6.3.0","Timeout",3.011655,"Unsatisfiable",0.034423,"Unsatisfiable",0.005237,"Timeout",3.758377
result,"/home/delahayed/problems/TPTP-v9.2.1/Problems/SYN/SYN333+1.p","Theorem","0.00 v7.0.0","Unsatisfiable",0.008559,"Theorem",0.027533,"Theorem",0.004638,"Timeout",72.369127
result,"/home/delahayed/problems/TPTP-v9.2.1/Problems/SYN/SYN333-1.p","Unsatisfiable","0.06 v9.1.0","Unsatisfiable",0.009033,"Unsatisfiable",0.038078,"Unsatisfiable",0.004731,"Unsatisfiable",0.015264
result,"/home/delahayed/problems/TPTP-v9.2.1/Problems/SYN/SYN334+1.p","Theorem","0.05 v9.1.0","Timeout",3.014413,"Theorem",0.026793,"Theorem",0.004729,"Unsatisfiable",0.035177
result,"/home/delahayed/problems/TPTP-v9.2.1/Problems/SYN/SYN334-1.p","Unsatisfiable","0.08 v9.1.0","Timeout",3.013052,"Unsatisfiable",0.034777,"Unsatisfiable",0.005178,"Timeout",3.173394
result,"/home/delahayed/problems/TPTP-v9.2.1/Problems/SYN/SYN335+1.p","CounterSatisfiable","0.67 v9.1.0","Timeout",3.039358,"CounterSatisfiable",0.126956,"CounterSatisfiable",0.010411,"Timeout",4.147397
result,"/home/delahayed/problems/TPTP-v9.2.1/Problems/SYN/SYN335-1.p","Satisfiable","0.00 v6.3.0","Timeout",3.038603,"Satisfiable",0.086382,"Satisfiable",0.006637,"Timeout",3.516902
result,"/home/delahayed/problems/TPTP-v9.2.1/Problems/SYN/SYN336+1.p","Theorem","0.00 v9.1.0","Unsatisfiable",0.006031,"Theorem",0.036025,"Theorem",0.004673,"Unsatisfiable",0.014044
result,"/home/delahayed/problems/TPTP-v9.2.1/Problems/SYN/SYN336-1.p","Unsatisfiable","0.00 v5.3.0","Unsatisfiable",0.009568,"Unsatisfiable",0.009797,"Unsatisfiable",0.004170,"Unsatisfiable",0.013671
result,"/home/delahayed/problems/TPTP-v9.2.1/Problems/SYN/SYN337+1.p","CounterSatisfiable","0.00 v4.1.0","GaveUp",0.005463,"CounterSatisfiable",0.013075,"CounterSatisfiable",0.004276,"Satisfiable",0.013452
result,"/home/delahayed/problems/TPTP-v9.2.1/Problems/SYN/SYN337-1.p","Satisfiable","0.00 v2.5.0","GaveUp",0.005743,"Satisfiable",0.015315,"Satisfiable",0.004750,"Satisfiable",0.013841
result,"/home/delahayed/problems/TPTP-v9.2.1/Problems/SYN/SYN338+1.p","Theorem","0.00 v7.0.0","Unsatisfiable",0.005224,"Theorem",0.009923,"Theorem",0.004205,"Unsatisfiable",0.016981
result,"/home/delahayed/problems/TPTP-v9.2.1/Problems/SYN/SYN338-1.p","Unsatisfiable","0.06 v9.1.0","Unsatisfiable",0.014347,"Unsatisfiable",0.010981,"Unsatisfiable",0.007194,"Unsatisfiable",0.018698
result,"/home/delahayed/problems/TPTP-v9.2.1/Problems/SYN/SYN339+1.p","Theorem","0.00 v9.1.0","Unsatisfiable",0.005380,"Theorem",0.009937,"Theorem",0.004258,"Unsatisfiable",0.013841
result,"/home/delahayed/problems/TPTP-v9.2.1/Problems/SYN/SYN339-1.p","Unsatisfiable","0.00 v5.3.0","Unsatisfiable",0.005099,"Unsatisfiable",0.009982,"Unsatisfiable",0.004170,"Unsatisfiable",0.014132
result,"/home/delahayed/problems/TPTP-v9.2.1/Problems/SYN/SYN340+1.p","Theorem","0.05 v9.1.0","Unsatisfiable",0.005358,"Theorem",0.010646,"Theorem",0.004304,"Timeout",4.018030
result,"/home/delahayed/problems/TPTP-v9.2.1/Problems/SYN/SYN340-1.p","Unsatisfiable","0.00 v5.3.0","Unsatisfiable",0.006818,"Unsatisfiable",0.030765,"Unsatisfiable",0.004435,"Unsatisfiable",0.015442
result,"/home/delahayed/problems/TPTP-v9.2.1/Problems/SYN/SYN341+1.p","Theorem","0.00 v9.1.0","Unsatisfiable",0.005565,"Theorem",0.009687,"Theorem",0.004115,"Unsatisfiable",0.013477
result,"/home/delahayed/problems/TPTP-v9.2.1/Problems/SYN/SYN341-1.p","Unsatisfiable","0.00 v5.3.0","Unsatisfiable",0.005024,"Unsatisfiable",0.009506,"Unsatisfiable",0.004087,"Unsatisfiable",0.013297
result,"/home/delahayed/problems/TPTP-v9.2.1/Problems/SYN/SYN342+1.p","CounterSatisfiable","0.00 v4.1.0","GaveUp",0.005197,"CounterSatisfiable",0.012484,"CounterSatisfiable",0.004219,"Satisfiable",0.013451
result,"/home/delahayed/problems/TPTP-v9.2.1/Problems/SYN/SYN342-1.p","Satisfiable","0.00 v2.5.0","GaveUp",0.005020,"Satisfiable",0.014665,"Satisfiable",0.004110,"Satisfiable",0.013137
result,"/home/delahayed/problems/TPTP-v9.2.1/Problems/SYN/SYN343+1.p","Theorem","0.05 v9.1.0","Unsatisfiable",0.006184,"Theorem",0.010338,"Theorem",0.004310,"Unsatisfiable",0.014030
result,"/home/delahayed/problems/TPTP-v9.2.1/Problems/SYN/SYN343-1.p","Unsatisfiable","0.00 v2.0.0","Unsatisfiable",0.005627,"Unsatisfiable",0.009901,"Unsatisfiable",0.004152,"Unsatisfiable",0.013463
result,"/home/delahayed/problems/TPTP-v9.2.1/Problems/SYN/SYN344+1.p","CounterSatisfiable","0.00 v5.4.0","GaveUp",0.008275,"CounterSatisfiable",0.012605,"CounterSatisfiable",0.004135,"Timeout",72.134707
result,"/home/delahayed/problems/TPTP-v9.2.1/Problems/SYN/SYN344-1.p","Satisfiable","0.00 v5.5.0","GaveUp",0.010416,"Satisfiable",0.043742,"Satisfiable",0.005211,"Satisfiable",0.014607
result,"/home/delahayed/problems/TPTP-v9.2.1/Problems/SYN/SYN345+1.p","Theorem","0.00 v9.1.0","Unsatisfiable",0.007562,"Theorem",0.010902,"Theorem",0.004743,"Unsatisfiable",0.018502
result,"/home/delahayed/problems/TPTP-v9.2.1/Problems/SYN/SYN345-1.p","Unsatisfiable","0.08 v9.1.0","Unsatisfiable",0.012171,"Unsatisfiable",0.011274,"Unsatisfiable",0.005529,"Unsatisfiable",0.023621
result,"/home/delahayed/problems/TPTP-v9.2.1/Problems/SYN/SYN346+1.p","Theorem","0.00 v5.3.0","Unsatisfiable",0.005537,"Theorem",0.010461,"Theorem",0.004640,"Unsatisfiable",0.013811
result,"/home/delahayed/problems/TPTP-v9.2.1/Problems/SYN/SYN346-1.p","Unsatisfiable","0.00 v5.3.0","Unsatisfiable",0.005425,"Unsatisfiable",0.009969,"Unsatisfiable",0.004407,"Unsatisfiable",0.015548
result,"/home/delahayed/problems/TPTP-v9.2.1/Problems/SYN/SYN347+1.p","Theorem","0.00 v9.1.0","Unsatisfiable",0.094975,"Theorem",0.015031,"Theorem",0.007938,"Unsatisfiable",0.023539
result,"/home/delahayed/problems/TPTP-v9.2.1/Problems/SYN/SYN347-1.p","Unsatisfiable","0.00 v2.0.0","Unsatisfiable",0.086644,"Unsatisfiable",0.013586,"Unsatisfiable",0.004800,"Unsatisfiable",0.033533
result,"/home/delahayed/problems/TPTP-v9.2.1/Problems/SYN/SYN348+1.p","CounterSatisfiable","0.00 v6.2.0","GaveUp",0.106682,"CounterSatisfiable",0.014693,"CounterSatisfiable",0.006793,"Timeout",3.596960
result,"/home/delahayed/problems/TPTP-v9.2.1/Problems/SYN/SYN348-1.p","Satisfiable","0.00 v3.1.0","GaveUp",0.036965,"Satisfiable",0.041134,"Satisfiable",0.005380,"Timeout",4.306522
result,"/home/delahayed/problems/TPTP-v9.2.1/Problems/SYN/SYN349+1.p","Theorem","0.00 v9.1.0","Unsatisfiable",0.012590,"Theorem",0.042717,"Theorem",0.005080,"Unsatisfiable",0.014422
result,"/home/delahayed/problems/TPTP-v9.2.1/Problems/SYN/SYN349-1.p","Unsatisfiable","0.08 v9.1.0","Unsatisfiable",0.012318,"Unsatisfiable",0.011472,"Unsatisfiable",0.005188,"Timeout",4.111939
result,"/home/delahayed/problems/TPTP-v9.2.1/Problems/SYN/SYN350+1.p","Theorem","0.00 v9.1.0","Unsatisfiable",0.009146,"Theorem",0.033916,"Theorem",0.005343,"Unsatisfiable",0.014479
result,"/home/delahayed/problems/TPTP-v9.2.1/Problems/SYN/SYN350-1.p","Unsatisfiable","0.00 v2.0.0","Unsatisfiable",0.014582,"Unsatisfiable",0.010257,"Unsatisfiable",0.004531,"Unsatisfiable",0.056999
result,"/home/delahayed/problems/TPTP-v9.2.1/Problems/SYN/SYN351+1.p","Theorem","0.05 v9.1.0","Unsatisfiable",0.005972,"Theorem",0.010282,"Theorem",0.004360,"Unsatisfiable",0.017585
result,"/home/delahayed/problems/TPTP-v9.2.1/Problems/SYN/SYN351-1.p","Satisfiable","0.00 v5.4.0","Timeout",3.008137,"Satisfiable",0.043288,"Satisfiable",0.008276,"Timeout",3.688981
result,"/home/delahayed/problems/TPTP-v9.2.1/Problems/SYN/SYN352+1.p","Theorem","0.00 v9.1.0","Unsatisfiable",0.006752,"Theorem",0.023384,"Theorem",0.004767,"Unsatisfiable",0.014299
result,"/home/delahayed/problems/TPTP-v9.2.1/Problems/SYN/SYN352-1.p","Unsatisfiable","0.00 v7.1.0","Unsatisfiable",0.007342,"Unsatisfiable",0.009677,"Unsatisfiable",0.004403,"Unsatisfiable",0.260228
result,"/home/delahayed/problems/TPTP-v9.2.1/Problems/SYN/SYN353+1.p","Theorem","0.45 v9.1.0","Timeout",3.007412,"Theorem",0.074409,"Theorem",0.005859,"Timeout",197.742835
result,"/home/delahayed/problems/TPTP-v9.2.1/Problems/SYN/SYN353-1.p","Unsatisfiable","0.38 v9.1.0","Timeout",3.018249,"Unsatisfiable",0.033277,"Unsatisfiable",0.007188,"Timeout",4.154493
result,"/home/delahayed/problems/TPTP-v9.2.1/Problems/SYN/SYN354+1.p","Theorem","0.05 v9.1.0","Unsatisfiable",0.009132,"Theorem",0.036250,"Theorem",0.004677,"Unsatisfiable",0.014015
result,"/home/delahayed/problems/TPTP-v9.2.1/Problems/SYN/SYN354-1.p","Unsatisfiable","0.00 v7.1.0","Unsatisfiable",0.010868,"Unsatisfiable",0.012148,"Unsatisfiable",0.004569,"Unsatisfiable",0.014166
result,"/home/delahayed/problems/TPTP-v9.2.1/Problems/SYN/SYN355+1.p","Theorem","0.00 v5.3.0","Unsatisfiable",0.008679,"Theorem",0.011520,"Theorem",0.004426,"Unsatisfiable",0.015284
result,"/home/delahayed/problems/TPTP-v9.2.1/Problems/SYN/SYN356+1.p","Theorem","0.00 v5.3.0","Unsatisfiable",0.006213,"Theorem",0.009914,"Theorem",0.004667,"Unsatisfiable",0.015339
result,"/home/delahayed/problems/TPTP-v9.2.1/Problems/SYN/SYN357+1.p","Theorem","0.00 v3.2.0","Unsatisfiable",0.006905,"Theorem",0.011650,"Theorem",0.005831,"Unsatisfiable",0.021233
result,"/home/delahayed/problems/TPTP-v9.2.1/Problems/SYN/SYN358+1.p","Theorem","0.00 v6.0.0","Unsatisfiable",0.011938,"Theorem",0.013599,"Theorem",0.006503,"Unsatisfiable",0.015613
result,"/home/delahayed/problems/TPTP-v9.2.1/Problems/SYN/SYN359+1.p","Theorem","0.00 v5.3.0","Unsatisfiable",0.006441,"Theorem",0.012206,"Theorem",0.004845,"Unsatisfiable",0.014658
result,"/home/delahayed/problems/TPTP-v9.2.1/Problems/SYN/SYN360+1.p","Theorem","0.00 v9.1.0","Unsatisfiable",0.006635,"Theorem",0.011989,"Theorem",0.005015,"Unsatisfiable",0.014857
result,"/home/delahayed/problems/TPTP-v9.2.1/Problems/SYN/SYN361+1.p","Theorem","0.00 v6.4.0","Unsatisfiable",0.005726,"Theorem",0.011527,"Theorem",0.005027,"Unsatisfiable",0.014968
result,"/home/delahayed/problems/TPTP-v9.2.1/Problems/SYN/SYN362+1.p","Theorem","0.00 v6.3.0","Unsatisfiable",0.011941,"Theorem",0.013387,"Theorem",0.007555,"Unsatisfiable",0.015783
result,"/home/delahayed/problems/TPTP-v9.2.1/Problems/SYN/SYN363+1.p","Theorem","0.00 v6.3.0","Unsatisfiable",0.006510,"Theorem",0.012581,"Theorem",0.005498,"Unsatisfiable",0.015346
result,"/home/delahayed/problems/TPTP-v9.2.1/Problems/SYN/SYN364+1.p","Theorem","0.00 v9.1.0","Unsatisfiable",0.008325,"Theorem",0.012559,"Theorem",0.005758,"Unsatisfiable",0.018219
result,"/home/delahayed/problems/TPTP-v9.2.1/Problems/SYN/SYN365+1.p","Theorem","0.00 v9.1.0","Unsatisfiable",0.010722,"Theorem",0.012003,"Theorem",0.005182,"Unsatisfiable",0.014852
result,"/home/delahayed/problems/TPTP-v9.2.1/Problems/SYN/SYN366+1.p","Theorem","0.00 v5.3.0","Unsatisfiable",0.006773,"Theorem",0.011365,"Theorem",0.005667,"Unsatisfiable",0.015101
result,"/home/delahayed/problems/TPTP-v9.2.1/Problems/SYN/SYN367+1.p","Theorem","0.00 v5.3.0","Unsatisfiable",0.007012,"Theorem",0.012158,"Theorem",0.004955,"Unsatisfiable",0.014582
result,"/home/delahayed/problems/TPTP-v9.2.1/Problems/SYN/SYN368+1.p","Theorem","0.00 v4.1.0","Unsatisfiable",0.005429,"Theorem",0.011400,"Theorem",0.004413,"Unsatisfiable",0.014260
result,"/home/delahayed/problems/TPTP-v9.2.1/Problems/SYN/SYN369+1.p","Theorem","0.00 v9.1.0","Unsatisfiable",0.005720,"Theorem",0.011166,"Theorem",0.004929,"Unsatisfiable",0.015072
result,"/home/delahayed/problems/TPTP-v9.2.1/Problems/SYN/SYN370+1.p","Theorem","0.00 v9.1.0","Unsatisfiable",0.005173,"Theorem",0.010637,"Theorem",0.004354,"Unsatisfiable",0.013652
result,"/home/delahayed/problems/TPTP-v9.2.1/Problems/SYN/SYN371+1.p","Theorem","0.00 v9.1.0","Unsatisfiable",0.005454,"Theorem",0.011046,"Theorem",0.004413,"Unsatisfiable",0.014160
result,"/home/delahayed/problems/TPTP-v9.2.1/Problems/SYN/SYN372+1.p","Theorem","0.00 v5.3.0","Unsatisfiable",0.005208,"Theorem",0.010468,"Theorem",0.004245,"Unsatisfiable",0.014006
result,"/home/delahayed/problems/TPTP-v9.2.1/Problems/SYN/SYN373+1.p","Theorem","0.00 v5.3.0","Unsatisfiable",0.007861,"Theorem",0.010761,"Theorem",0.004548,"Unsatisfiable",0.013887
result,"/home/delahayed/problems/TPTP-v9.2.1/Problems/SYN/SYN374+1.p","Theorem","0.00 v9.1.0","Timeout",3.005824,"Theorem",0.030888,"Theorem",0.005043,"Unsatisfiable",0.014444
result,"/home/delahayed/problems/TPTP-v9.2.1/Problems/SYN/SYN375+1.p","Theorem","0.00 v9.1.0","Timeout",3.009461,"Theorem",0.033842,"Theorem",0.005632,"Unsatisfiable",0.014914
result,"/home/delahayed/problems/TPTP-v9.2.1/Problems/SYN/SYN376+1.p","Theorem","0.00 v5.4.0","Unsatisfiable",0.005795,"Theorem",0.011403,"Theorem",0.004900,"Unsatisfiable",0.015069
result,"/home/delahayed/problems/TPTP-v9.2.1/Problems/SYN/SYN377+1.p","Theorem","0.05 v9.1.0","Timeout",3.006962,"Theorem",0.055229,"Theorem",0.005718,"Unsatisfiable",0.015962
result,"/home/delahayed/problems/TPTP-v9.2.1/Problems/SYN/SYN378+1.p","Theorem","0.00 v5.3.0","Unsatisfiable",0.005750,"Theorem",0.010770,"Theorem",0.004373,"Unsatisfiable",0.021852
result,"/home/delahayed/problems/TPTP-v9.2.1/Problems/SYN/SYN379+1.p","Theorem","0.00 v5.4.0","Unsatisfiable",0.005696,"Theorem",0.017097,"Theorem",0.010053,"Unsatisfiable",0.015149
result,"/home/delahayed/problems/TPTP-v9.2.1/Problems/SYN/SYN380+1.p","Theorem","0.00 v9.1.0","Unsatisfiable",0.005680,"Theorem",0.010313,"Theorem",0.004658,"Unsatisfiable",0.013681
result,"/home/delahayed/problems/TPTP-v9.2.1/Problems/SYN/SYN381+1.p","Theorem","0.00 v6.3.0","Unsatisfiable",0.006683,"Theorem",0.009822,"Theorem",0.004923,"Unsatisfiable",0.014025
result,"/home/delahayed/problems/TPTP-v9.2.1/Problems/SYN/SYN382+1.p","Theorem","0.00 v5.3.0","Unsatisfiable",0.005336,"Theorem",0.009567,"Theorem",0.004009,"Unsatisfiable",0.013236
result,"/home/delahayed/problems/TPTP-v9.2.1/Problems/SYN/SYN383+1.p","Theorem","0.00 v9.1.0","Unsatisfiable",0.005122,"Theorem",0.010004,"Theorem",0.005469,"Unsatisfiable",0.013587
result,"/home/delahayed/problems/TPTP-v9.2.1/Problems/SYN/SYN384+1.p","Theorem","0.00 v9.1.0","Unsatisfiable",0.005360,"Theorem",0.009536,"Theorem",0.004257,"Unsatisfiable",0.013440
result,"/home/delahayed/problems/TPTP-v9.2.1/Problems/SYN/SYN385+1.p","Theorem","0.00 v5.3.0","Unsatisfiable",0.006824,"Theorem",0.015158,"Theorem",0.010556,"Unsatisfiable",0.016306
result,"/home/delahayed/problems/TPTP-v9.2.1/Problems/SYN/SYN386+1.p","Theorem","0.10 v9.1.0","Unsatisfiable",0.006863,"Theorem",0.011182,"Theorem",0.004447,"Unsatisfiable",0.166486
result,"/home/delahayed/problems/TPTP-v9.2.1/Problems/SYN/SYN387+1.p","Theorem","0.00 v2.1.0","Unsatisfiable",0.023242,"Theorem",0.014241,"Theorem",0.008569,"Unsatisfiable",0.018942
result,"/home/delahayed/problems/TPTP-v9.2.1/Problems/SYN/SYN388+1.p","Theorem","0.00 v2.1.0","Unsatisfiable",0.015644,"Theorem",0.014352,"Theorem",0.011820,"Unsatisfiable",0.019740
result,"/home/delahayed/problems/TPTP-v9.2.1/Problems/SYN/SYN389+1.p","Theorem","0.00 v4.1.0","Unsatisfiable",0.013387,"Theorem",0.012345,"Theorem",0.006457,"Unsatisfiable",0.013626
result,"/home/delahayed/problems/TPTP-v9.2.1/Problems/SYN/SYN390+1.p","Theorem","0.00 v2.1.0","Unsatisfiable",0.011727,"Theorem",0.035042,"Theorem",0.012570,"Unsatisfiable",0.016813
result,"/home/delahayed/problems/TPTP-v9.2.1/Problems/SYN/SYN391+1.p","Theorem","0.00 v2.1.0","Unsatisfiable",0.010264,"Theorem",0.013176,"Theorem",0.008311,"Unsatisfiable",0.020003
result,"/home/delahayed/problems/TPTP-v9.2.1/Problems/SYN/SYN392+1.p","Theorem","0.00 v4.0.0","Unsatisfiable",0.009037,"Theorem",0.013778,"Theorem",0.007184,"Unsatisfiable",0.018108
result,"/home/delahayed/problems/TPTP-v9.2.1/Problems/SYN/SYN394+1.p","Theorem","0.00 v5.3.0","Unsatisfiable",0.009291,"Theorem",0.011005,"Theorem",0.004982,"Unsatisfiable",0.014349
result,"/home/delahayed/problems/TPTP-v9.2.1/Problems/SYN/SYN395+1.p","Theorem","0.00 v5.3.0","Unsatisfiable",0.005453,"Theorem",0.011944,"Theorem",0.007093,"Unsatisfiable",0.014316
result,"/home/delahayed/problems/TPTP-v9.2.1/Problems/SYN/SYN396+1.p","Theorem","0.00 v5.3.0","Unsatisfiable",0.006152,"Theorem",0.010008,"Theorem",0.005549,"Unsatisfiable",0.013316
result,"/home/delahayed/problems/TPTP-v9.2.1/Problems/SYN/SYN397+1.p","Theorem","0.00 v6.1.0","Unsatisfiable",0.005377,"Theorem",0.009480,"Theorem",0.004390,"Unsatisfiable",0.013280
result,"/home/delahayed/problems/TPTP-v9.2.1/Problems/SYN/SYN398+1.p","Theorem","0.00 v5.3.0","Unsatisfiable",0.005923,"Theorem",0.009581,"Theorem",0.004066,"Unsatisfiable",0.013414
result,"/home/delahayed/problems/TPTP-v9.2.1/Problems/SYN/SYN399+1.p","Theorem","0.00 v5.4.0","Unsatisfiable",0.007222,"Theorem",0.014406,"Theorem",0.005423,"Unsatisfiable",0.014642
result,"/home/delahayed/problems/TPTP-v9.2.1/Problems/SYN/SYN400+1.p","Theorem","0.00 v4.0.1","Unsatisfiable",0.005094,"Theorem",0.010440,"Theorem",0.004273,"Unsatisfiable",0.013959
result,"/home/delahayed/problems/TPTP-v9.2.1/Problems/SYN/SYN401+1.p","Theorem","0.00 v5.3.0","Unsatisfiable",0.005397,"Theorem",0.010332,"Theorem",0.006887,"Unsatisfiable",0.015452
result,"/home/delahayed/problems/TPTP-v9.2.1/Problems/SYN/SYN402+1.p","Theorem","0.00 v5.3.0","Unsatisfiable",0.010547,"Theorem",0.009712,"Theorem",0.004417,"Unsatisfiable",0.014353
result,"/home/delahayed/problems/TPTP-v9.2.1/Problems/SYN/SYN403+1.p","Theorem","0.00 v5.3.0","Unsatisfiable",0.005449,"Theorem",0.010420,"Theorem",0.005435,"Unsatisfiable",0.013625
result,"/home/delahayed/problems/TPTP-v9.2.1/Problems/SYN/SYN404+1.p","Theorem","0.00 v5.5.0","Unsatisfiable",0.005268,"Theorem",0.009897,"Theorem",0.004266,"Unsatisfiable",0.013698
result,"/home/delahayed/problems/TPTP-v9.2.1/Problems/SYN/SYN405+1.p","Theorem","0.00 v5.3.0","Unsatisfiable",0.007059,"Theorem",0.010538,"Theorem",0.004806,"Unsatisfiable",0.013982
result,"/home/delahayed/problems/TPTP-v9.2.1/Problems/SYN/SYN406+1.p","Theorem","0.00 v5.3.0","Unsatisfiable",0.009884,"Theorem",0.010457,"Theorem",0.004604,"Unsatisfiable",0.015359
result,"/home/delahayed/problems/TPTP-v9.2.1/Problems/SYN/SYN407+1.p","Theorem","0.00 v5.3.0","Unsatisfiable",0.007255,"Theorem",0.033757,"Theorem",0.004825,"Unsatisfiable",0.014107
result,"/home/delahayed/problems/TPTP-v9.2.1/Problems/SYN/SYN408+1.p","Theorem","0.00 v5.3.0","Unsatisfiable",0.007148,"Theorem",0.011065,"Theorem",0.007308,"Unsatisfiable",0.013766
result,"/home/delahayed/problems/TPTP-v9.2.1/Problems/SYN/SYN409+1.p","Theorem","0.00 v5.3.0","Unsatisfiable",0.006385,"Theorem",0.010425,"Theorem",0.005976,"Unsatisfiable",0.018077
result,"/home/delahayed/problems/TPTP-v9.2.1/Problems/SYN/SYN410+1.p","Theorem","0.00 v4.1.0","Unsatisfiable",0.008191,"Theorem",0.012545,"Theorem",0.006155,"Unsatisfiable",0.014016
result,"/home/delahayed/problems/TPTP-v9.2.1/Problems/SYN/SYN411+1.p","Theorem","0.00 v5.3.0","Unsatisfiable",0.005407,"Theorem",0.009648,"Theorem",0.004365,"Unsatisfiable",0.013676
result,"/home/delahayed/problems/TPTP-v9.2.1/Problems/SYN/SYN412+1.p","Theorem","0.00 v5.3.0","Unsatisfiable",0.007639,"Theorem",0.010746,"Theorem",0.004514,"Unsatisfiable",0.013961
result,"/home/delahayed/problems/TPTP-v9.2.1/Problems/SYN/SYN413+1.p","Theorem","0.05 v9.1.0","Timeout",3.041064,"Theorem",0.038443,"Theorem",0.005584,"Unsatisfiable",0.015792
result,"/home/delahayed/problems/TPTP-v9.2.1/Problems/SYN/SYN414+1.p","CounterSatisfiable","0.00 v5.3.0","Timeout",3.006962,"CounterSatisfiable",0.036976,"CounterSatisfiable",0.006613,"Satisfiable",0.014188
result,"/home/delahayed/problems/TPTP-v9.2.1/Problems/SYN/SYN415+1.p","Theorem","0.12 v9.1.0","Timeout",3.006907,"Theorem",0.035111,"Theorem",0.019231,"Unsatisfiable",0.014741
result,"/home/delahayed/problems/TPTP-v9.2.1/Problems/SYN/SYN416+1.p","Theorem","0.00 v4.1.0","Unsatisfiable",0.007643,"Theorem",0.010575,"Theorem",0.008398,"Unsatisfiable",0.019675
result,"/home/delahayed/problems/TPTP-v9.2.1/Problems/SYN/SYN417+1.p","Theorem","0.09 v9.1.0","Timeout",3.023438,"Theorem",0.035723,"Theorem",0.009640,"Timeout",3.082951
result,"/home/delahayed/problems/TPTP-v9.2.1/Problems/SYN/SYN418+1.p","CounterSatisfiable","0.00 v5.5.0","Timeout",3.027355,"CounterSatisfiable",0.068587,"Timeout",3.076243,"Satisfiable",0.128057
result,"/home/delahayed/problems/TPTP-v9.2.1/Problems/SYN/SYN418-1.p","Satisfiable","0.00 v7.3.0","Timeout",3.010974,"Satisfiable",0.066418,"Timeout",3.031262,"Timeout",3.755366
result,"/home/delahayed/problems/TPTP-v9.2.1/Problems/SYN/SYN419+1.p","CounterSatisfiable","0.00 v5.5.0","Timeout",3.550340,"CounterSatisfiable",0.062970,"CounterSatisfiable",0.532724,"Satisfiable",0.220558
result,"/home/delahayed/problems/TPTP-v9.2.1/Problems/SYN/SYN419-1.p","Satisfiable","0.00 v7.3.0","Timeout",3.011046,"Satisfiable",0.087585,"Satisfiable",0.401306,"Timeout",3.532960
result,"/home/delahayed/problems/TPTP-v9.2.1/Problems/SYN/SYN420+1.p","CounterSatisfiable","0.00 v6.1.0","Timeout",3.046531,"CounterSatisfiable",0.140662,"CounterSatisfiable",0.100492,"Satisfiable",0.284882
result,"/home/delahayed/problems/TPTP-v9.2.1/Problems/SYN/SYN420-1.p","Satisfiable","0.00 v7.3.0","Timeout",3.024732,"Satisfiable",0.086328,"Satisfiable",1.240144,"Timeout",3.921961
result,"/home/delahayed/problems/TPTP-v9.2.1/Problems/SYN/SYN421+1.p","CounterSatisfiable","0.00 v5.5.0","Timeout",3.031850,"CounterSatisfiable",0.057116,"Timeout",3.039750,"Satisfiable",0.050287
result,"/home/delahayed/problems/TPTP-v9.2.1/Problems/SYN/SYN421-1.p","Satisfiable","0.00 v7.3.0","Timeout",3.016543,"Satisfiable",0.081212,"Timeout",3.024826,"Timeout",3.471802
result,"/home/delahayed/problems/TPTP-v9.2.1/Problems/SYN/SYN422+1.p","CounterSatisfiable","0.00 v5.5.0","Timeout",3.022295,"CounterSatisfiable",0.062326,"CounterSatisfiable",0.177524,"Satisfiable",0.104425
result,"/home/delahayed/problems/TPTP-v9.2.1/Problems/SYN/SYN422-1.p","Satisfiable","0.00 v7.3.0","Timeout",3.010056,"Satisfiable",0.078461,"Timeout",3.026587,"Timeout",3.802942
result,"/home/delahayed/problems/TPTP-v9.2.1/Problems/SYN/SYN423+1.p","CounterSatisfiable","0.00 v5.5.0","Timeout",3.040335,"CounterSatisfiable",0.085146,"CounterSatisfiable",0.297973,"Timeout",3.820369
result,"/home/delahayed/problems/TPTP-v9.2.1/Problems/SYN/SYN423-1.p","Satisfiable","0.00 v7.3.0","Timeout",3.014019,"Satisfiable",0.111104,"Timeout",3.031780,"Timeout",3.473241
result,"/home/delahayed/problems/TPTP-v9.2.1/Problems/SYN/SYN424+1.p","CounterSatisfiable","0.00 v6.2.0","Timeout",3.030455,"CounterSatisfiable",0.100014,"Timeout",3.042827,"Timeout",3.086226
result,"/home/delahayed/problems/TPTP-v9.2.1/Problems/SYN/SYN424-1.p","Satisfiable","0.00 v7.3.0","Timeout",3.012762,"Satisfiable",0.109552,"Timeout",3.041424,"Timeout",4.815155
result,"/home/delahayed/problems/TPTP-v9.2.1/Problems/SYN/SYN425+1.p","CounterSatisfiable","0.00 v5.5.0","Timeout",3.033064,"CounterSatisfiable",0.073365,"Timeout",3.052436,"Satisfiable",0.169042
result,"/home/delahayed/problems/TPTP-v9.2.1/Problems/SYN/SYN425-1.p","Satisfiable","0.00 v7.3.0","Timeout",3.011217,"Satisfiable",0.097323,"Timeout",3.029914,"Timeout",4.117922
result,"/home/delahayed/problems/TPTP-v9.2.1/Problems/SYN/SYN426+1.p","CounterSatisfiable","0.00 v6.2.0","Timeout",3.021391,"CounterSatisfiable",0.115796,"Timeout",3.040357,"Satisfiable",1.130595
result,"/home/delahayed/problems/TPTP-v9.2.1/Problems/SYN/SYN426-1.p","Satisfiable","0.00 v7.3.0","Timeout",3.014677,"Satisfiable",0.113678,"Timeout",3.035099,"Timeout",3.361439
result,"/home/delahayed/problems/TPTP-v9.2.1/Problems/SYN/SYN427+1.p","CounterSatisfiable","0.00 v6.2.0","Timeout",3.040783,"CounterSatisfiable",0.116504,"Timeout",3.049748,"Satisfiable",0.389030
result,"/home/delahayed/problems/TPTP-v9.2.1/Problems/SYN/SYN427-1.p","Satisfiable","0.00 v7.3.0","Timeout",3.023780,"Satisfiable",0.100909,"Timeout",3.032998,"Timeout",4.311629
result,"/home/delahayed/problems/TPTP-v9.2.1/Problems/SYN/SYN428+1.p","CounterSatisfiable","0.00 v5.5.0","Timeout",3.035618,"CounterSatisfiable",0.106165,"Timeout",3.038615,"Satisfiable",2.978803
result,"/home/delahayed/problems/TPTP-v9.2.1/Problems/SYN/SYN428-1.p","Satisfiable","0.00 v7.3.0","Timeout",3.010904,"Satisfiable",0.107270,"Timeout",3.032560,"Timeout",3.932906
result,"/home/delahayed/problems/TPTP-v9.2.1/Problems/SYN/SYN429+1.p","CounterSatisfiable","0.00 v5.5.0","Timeout",3.023122,"CounterSatisfiable",0.087228,"Timeout",3.043865,"Timeout",3.803854
result,"/home/delahayed/problems/TPTP-v9.2.1/Problems/SYN/SYN429-1.p","Satisfiable","0.00 v7.3.0","Timeout",3.027201,"Satisfiable",0.115876,"Timeout",3.037384,"Timeout",5.108455
result,"/home/delahayed/problems/TPTP-v9.2.1/Problems/SYN/SYN430+1.p","CounterSatisfiable","0.00 v4.1.0","Timeout",3.045705,"CounterSatisfiable",0.056504,"CounterSatisfiable",0.058954,"Satisfiable",0.028015
result,"/home/delahayed/problems/TPTP-v9.2.1/Problems/SYN/SYN430-1.p","Satisfiable","0.00 v2.2.1","Timeout",3.007349,"Satisfiable",0.050099,"Satisfiable",0.058857,"Satisfiable",0.024770
result,"/home/delahayed/problems/TPTP-v9.2.1/Problems/SYN/SYN431+1.p","CounterSatisfiable","0.00 v4.1.0","Timeout",3.007403,"CounterSatisfiable",0.048248,"CounterSatisfiable",0.062285,"Satisfiable",0.021893
result,"/home/delahayed/problems/TPTP-v9.2.1/Problems/SYN/SYN431-1.p","Satisfiable","0.00 v6.2.0","Timeout",3.007131,"Satisfiable",0.046570,"Satisfiable",0.054382,"Satisfiable",0.046471
result,"/home/delahayed/problems/TPTP-v9.2.1/Problems/SYN/SYN432+1.p","CounterSatisfiable","0.00 v4.1.0","Timeout",3.007152,"CounterSatisfiable",0.049567,"CounterSatisfiable",0.281209,"Satisfiable",0.022821
result,"/home/delahayed/problems/TPTP-v9.2.1/Problems/SYN/SYN432-1.p","Satisfiable","0.00 v2.2.1","Timeout",3.006959,"Satisfiable",0.056396,"Satisfiable",0.716108,"Satisfiable",0.018679
result,"/home/delahayed/problems/TPTP-v9.2.1/Problems/SYN/SYN433+1.p","CounterSatisfiable","0.00 v4.1.0","Timeout",3.007242,"CounterSatisfiable",0.051083,"Timeout",3.036927,"Satisfiable",0.039887
result,"/home/delahayed/problems/TPTP-v9.2.1/Problems/SYN/SYN433-1.p","Satisfiable","0.00 v2.2.1","Timeout",3.017185,"Satisfiable",0.047134,"Satisfiable",3.002900,"Timeout",3.486876
result,"/home/delahayed/problems/TPTP-v9.2.1/Problems/SYN/SYN434+1.p","CounterSatisfiable","0.00 v5.5.0","Timeout",3.007599,"CounterSatisfiable",0.054094,"Timeout",3.041893,"Satisfiable",0.067595
result,"/home/delahayed/problems/TPTP-v9.2.1/Problems/SYN/SYN434-1.p","Satisfiable","0.00 v7.3.0","Timeout",3.022384,"Satisfiable",0.052126,"Timeout",3.040605,"Timeout",3.733369
result,"/home/delahayed/problems/TPTP-v9.2.1/Problems/SYN/SYN435+1.p","CounterSatisfiable","0.00 v5.5.0","Timeout",3.013012,"CounterSatisfiable",0.061418,"Timeout",3.180942,"Satisfiable",0.068060
result,"/home/delahayed/problems/TPTP-v9.2.1/Problems/SYN/SYN435-1.p","Satisfiable","0.00 v7.3.0","Timeout",3.023006,"Satisfiable",0.062968,"Timeout",3.051778,"Timeout",3.357111
result,"/home/delahayed/problems/TPTP-v9.2.1/Problems/SYN/SYN436+1.p","Theorem","0.00 v6.1.0","Timeout",3.015153,"Theorem",0.084482,"Theorem",0.540560,"Unsatisfiable",0.236834
result,"/home/delahayed/problems/TPTP-v9.2.1/Problems/SYN/SYN436-1.p","Unsatisfiable","0.00 v7.0.0","Timeout",3.007715,"Unsatisfiable",0.076736,"Unsatisfiable",0.605766,"Timeout",3.233594
result,"/home/delahayed/problems/TPTP-v9.2.1/Problems/SYN/SYN437+1.p","CounterSatisfiable","0.00 v5.5.0","Timeout",3.007382,"CounterSatisfiable",0.059308,"Timeout",3.060699,"Satisfiable",2.718341
result,"/home/delahayed/problems/TPTP-v9.2.1/Problems/SYN/SYN437-1.p","Satisfiable","0.00 v7.3.0","Timeout",3.008345,"Satisfiable",0.064372,"Timeout",3.042247,"Timeout",3.397385
result,"/home/delahayed/problems/TPTP-v9.2.1/Problems/SYN/SYN438+1.p","CounterSatisfiable","0.00 v5.5.0","Timeout",3.008220,"CounterSatisfiable",0.051234,"Timeout",3.045287,"Satisfiable",0.150472
result,"/home/delahayed/problems/TPTP-v9.2.1/Problems/SYN/SYN438-1.p","Satisfiable","0.00 v7.3.0","Timeout",3.008915,"Satisfiable",0.054017,"Timeout",3.048854,"Timeout",4.030968
result,"/home/delahayed/problems/TPTP-v9.2.1/Problems/SYN/SYN439+1.p","Theorem","0.00 v7.0.0","Timeout",3.008809,"Theorem",0.097316,"Theorem",0.421232,"Timeout",3.590046
result,"/home/delahayed/problems/TPTP-v9.2.1/Problems/SYN/SYN439-1.p","Unsatisfiable","0.00 v7.3.0","Timeout",3.007383,"Unsatisfiable",0.093867,"Unsatisfiable",1.961548,"Timeout",3.050559
result,"/home/delahayed/problems/TPTP-v9.2.1/Problems/SYN/SYN440+1.p","Theorem","0.00 v7.0.0","Timeout",3.011471,"Theorem",0.097913,"Theorem",0.410495,"Timeout",4.524891
result,"/home/delahayed/problems/TPTP-v9.2.1/Problems/SYN/SYN440-1.p","Unsatisfiable","0.00 v7.3.0","Timeout",3.008282,"Unsatisfiable",0.098633,"Unsatisfiable",0.494111,"Timeout",3.237188
result,"/home/delahayed/problems/TPTP-v9.2.1/Problems/SYN/SYN441+1.p","CounterSatisfiable","0.00 v5.5.0","Timeout",3.008400,"CounterSatisfiable",0.083705,"Timeout",3.039404,"Timeout",3.651956
result,"/home/delahayed/problems/TPTP-v9.2.1/Problems/SYN/SYN441-1.p","Satisfiable","0.00 v7.3.0","Timeout",3.008096,"Satisfiable",0.077802,"Timeout",3.042345,"Timeout",3.144873
result,"/home/delahayed/problems/TPTP-v9.2.1/Problems/SYN/SYN442+1.p","Theorem","0.00 v6.1.0","Timeout",3.008305,"Theorem",0.084784,"Theorem",0.543901,"Unsatisfiable",0.153888
result,"/home/delahayed/problems/TPTP-v9.2.1/Problems/SYN/SYN442-1.p","Unsatisfiable","0.00 v7.0.0","Timeout",3.019949,"Unsatisfiable",0.075766,"Unsatisfiable",0.440217,"Timeout",3.147867
result,"/home/delahayed/problems/TPTP-v9.2.1/Problems/SYN/SYN443+1.p","Theorem","0.00 v5.5.0","Timeout",3.007378,"Theorem",0.069064,"Theorem",0.459503,"Unsatisfiable",0.113347
result,"/home/delahayed/problems/TPTP-v9.2.1/Problems/SYN/SYN443-1.p","Unsatisfiable","0.00 v7.0.0","Timeout",3.009614,"Unsatisfiable",0.078296,"Unsatisfiable",0.483175,"Timeout",3.376720
result,"/home/delahayed/problems/TPTP-v9.2.1/Problems/SYN/SYN444+1.p","Theorem","0.00 v6.1.0","Timeout",3.023155,"Theorem",0.078965,"Theorem",0.496797,"Unsatisfiable",0.118154
result,"/home/delahayed/problems/TPTP-v9.2.1/Problems/SYN/SYN444-1.p","Unsatisfiable","0.00 v7.0.0","Timeout",3.007599,"Unsatisfiable",0.067301,"Unsatisfiable",0.453682,"Timeout",3.939178
result,"/home/delahayed/problems/TPTP-v9.2.1/Problems/SYN/SYN445+1.p","Theorem","0.00 v6.1.0","Timeout",3.007626,"Theorem",0.073752,"Theorem",0.377624,"Unsatisfiable",0.075468
result,"/home/delahayed/problems/TPTP-v9.2.1/Problems/SYN/SYN445-1.p","Unsatisfiable","0.00 v7.0.0","Timeout",3.008514,"Unsatisfiable",0.067594,"Unsatisfiable",0.410860,"Timeout",4.052392
result,"/home/delahayed/problems/TPTP-v9.2.1/Problems/SYN/SYN446+1.p","CounterSatisfiable","0.00 v5.5.0","Timeout",3.009407,"CounterSatisfiable",0.063668,"Timeout",3.046281,"Satisfiable",0.040281
result,"/home/delahayed/problems/TPTP-v9.2.1/Problems/SYN/SYN446-1.p","Satisfiable","0.00 v7.3.0","Timeout",3.007746,"Satisfiable",0.055627,"Timeout",3.044853,"Timeout",3.044434
result,"/home/delahayed/problems/TPTP-v9.2.1/Problems/SYN/SYN447+1.p","Theorem","0.00 v6.1.0","Timeout",3.011161,"Theorem",0.095102,"Theorem",0.418407,"Timeout",3.845138
result,"/home/delahayed/problems/TPTP-v9.2.1/Problems/SYN/SYN447-1.p","Unsatisfiable","0.00 v7.0.0","Timeout",3.008058,"Unsatisfiable",0.087597,"Unsatisfiable",0.492468,"Timeout",3.275647
result,"/home/delahayed/problems/TPTP-v9.2.1/Problems/SYN/SYN448+1.p","Theorem","0.00 v6.1.0","Timeout",3.007273,"Theorem",0.075191,"Theorem",0.453963,"Unsatisfiable",0.108972
result,"/home/delahayed/problems/TPTP-v9.2.1/Problems/SYN/SYN448-1.p","Unsatisfiable","0.00 v7.0.0","Timeout",3.007061,"Unsatisfiable",0.073328,"Unsatisfiable",0.403183,"Timeout",3.777887
result,"/home/delahayed/problems/TPTP-v9.2.1/Problems/SYN/SYN449+1.p","CounterSatisfiable","0.00 v6.1.0","Timeout",3.007311,"CounterSatisfiable",0.071093,"Timeout",3.050665,"Satisfiable",0.103263
result,"/home/delahayed/problems/TPTP-v9.2.1/Problems/SYN/SYN449-1.p","Satisfiable","0.00 v7.3.0","Timeout",3.007003,"Satisfiable",0.078848,"Timeout",3.048016,"Timeout",3.438588
result,"/home/delahayed/problems/TPTP-v9.2.1/Problems/SYN/SYN450+1.p","Theorem","0.00 v5.5.0","Timeout",3.007779,"Theorem",0.076012,"Theorem",2.233930,"Unsatisfiable",0.148958
result,"/home/delahayed/problems/TPTP-v9.2.1/Problems/SYN/SYN450-1.p","Unsatisfiable","0.00 v7.0.0","Timeout",3.007553,"Unsatisfiable",0.080883,"Unsatisfiable",0.566049,"Timeout",3.805090
result,"/home/delahayed/problems/TPTP-v9.2.1/Problems/SYN/SYN451+1.p","Theorem","0.00 v6.1.0","Timeout",3.007794,"Theorem",0.084578,"Theorem",0.560124,"Unsatisfiable",0.081287
result,"/home/delahayed/problems/TPTP-v9.2.1/Problems/SYN/SYN451-1.p","Unsatisfiable","0.00 v7.0.0","Timeout",3.008831,"Unsatisfiable",0.080898,"Unsatisfiable",0.573184,"Timeout",3.190162
result,"/home/delahayed/problems/TPTP-v9.2.1/Problems/SYN/SYN452+1.p","Theorem","0.00 v6.1.0","Timeout",3.007330,"Theorem",0.080797,"Theorem",0.537486,"Unsatisfiable",0.133339
result,"/home/delahayed/problems/TPTP-v9.2.1/Problems/SYN/SYN452-1.p","Unsatisfiable","0.00 v7.0.0","Timeout",3.009206,"Unsatisfiable",0.079763,"Unsatisfiable",0.498913,"Timeout",3.828279
result,"/home/delahayed/problems/TPTP-v9.2.1/Problems/SYN/SYN453+1.p","CounterSatisfiable","0.00 v5.5.0","Timeout",3.008660,"CounterSatisfiable",0.104165,"Timeout",3.049566,"Satisfiable",3.188765
result,"/home/delahayed/problems/TPTP-v9.2.1/Problems/SYN/SYN453-1.p","Satisfiable","0.00 v7.3.0","Timeout",3.009637,"Satisfiable",0.082403,"Timeout",3.052896,"Timeout",3.164682
result,"/home/delahayed/problems/TPTP-v9.2.1/Problems/SYN/SYN454+1.p","Theorem","0.00 v6.1.0","Timeout",3.007269,"Theorem",0.069367,"Theorem",0.524853,"Unsatisfiable",0.104175
result,"/home/delahayed/problems/TPTP-v9.2.1/Problems/SYN/SYN454-1.p","Unsatisfiable","0.00 v7.0.0","Timeout",3.006640,"Unsatisfiable",0.075483,"Unsatisfiable",0.479779,"Timeout",3.993796
result,"/home/delahayed/problems/TPTP-v9.2.1/Problems/SYN/SYN455+1.p","Theorem","0.00 v6.1.0","Timeout",3.011005,"Theorem",0.086358,"Theorem",0.511024,"Unsatisfiable",0.114328
result,"/home/delahayed/problems/TPTP-v9.2.1/Problems/SYN/SYN455-1.p","Unsatisfiable","0.00 v7.0.0","Timeout",3.007525,"Unsatisfiable",0.084893,"Unsatisfiable",0.542794,"Timeout",3.046054
result,"/home/delahayed/problems/TPTP-v9.2.1/Problems/SYN/SYN456+1.p","CounterSatisfiable","0.00 v5.5.0","Timeout",3.007143,"CounterSatisfiable",0.068584,"Timeout",3.067416,"Satisfiable",0.177771
result,"/home/delahayed/problems/TPTP-v9.2.1/Problems/SYN/SYN456-1.p","Satisfiable","0.00 v7.3.0","Timeout",3.007456,"Satisfiable",0.053851,"Timeout",3.045086,"Timeout",3.236232
result,"/home/delahayed/problems/TPTP-v9.2.1/Problems/SYN/SYN457+1.p","Theorem","0.33 v9.1.0","Timeout",3.007709,"Theorem",0.104883,"Timeout",3.046090,"Timeout",3.319102
result,"/home/delahayed/problems/TPTP-v9.2.1/Problems/SYN/SYN457-1.p","Unsatisfiable","0.00 v7.3.0","Timeout",3.008020,"Unsatisfiable",0.090824,"Timeout",3.042419,"Timeout",3.415361
result,"/home/delahayed/problems/TPTP-v9.2.1/Problems/SYN/SYN458+1.p","Theorem","0.00 v6.1.0","Timeout",3.031556,"Theorem",0.084173,"Theorem",0.474659,"Unsatisfiable",0.081917
result,"/home/delahayed/problems/TPTP-v9.2.1/Problems/SYN/SYN458-1.p","Unsatisfiable","0.00 v7.0.0","Timeout",3.007691,"Unsatisfiable",0.085182,"Unsatisfiable",0.569468,"Timeout",4.333900
result,"/home/delahayed/problems/TPTP-v9.2.1/Problems/SYN/SYN459+1.p","Theorem","0.00 v6.1.0","Timeout",3.007898,"Theorem",0.079644,"Theorem",0.493071,"Unsatisfiable",0.116548
result,"/home/delahayed/problems/TPTP-v9.2.1/Problems/SYN/SYN459-1.p","Unsatisfiable","0.00 v7.0.0","Timeout",3.007406,"Unsatisfiable",0.078641,"Unsatisfiable",0.540510,"Timeout",3.460831
result,"/home/delahayed/problems/TPTP-v9.2.1/Problems/SYN/SYN460+1.p","Theorem","0.00 v6.1.0","Timeout",3.007909,"Theorem",0.094294,"Theorem",0.462000,"Timeout",3.596432
result,"/home/delahayed/problems/TPTP-v9.2.1/Problems/SYN/SYN460-1.p","Unsatisfiable","0.00 v7.0.0","Timeout",3.008255,"Unsatisfiable",0.088887,"Unsatisfiable",0.462863,"Timeout",3.147437
result,"/home/delahayed/problems/TPTP-v9.2.1/Problems/SYN/SYN461+1.p","Theorem","0.00 v6.1.0","Timeout",3.012546,"Theorem",0.085490,"Theorem",0.509210,"Unsatisfiable",0.133095
result,"/home/delahayed/problems/TPTP-v9.2.1/Problems/SYN/SYN461-1.p","Unsatisfiable","0.00 v7.0.0","Timeout",3.007327,"Unsatisfiable",0.069594,"Unsatisfiable",0.482335,"Timeout",3.964498
result,"/home/delahayed/problems/TPTP-v9.2.1/Problems/SYN/SYN462+1.p","Theorem","0.00 v6.1.0","Timeout",3.007557,"Theorem",0.089136,"Theorem",0.426273,"Unsatisfiable",0.162761
result,"/home/delahayed/problems/TPTP-v9.2.1/Problems/SYN/SYN462-1.p","Unsatisfiable","0.00 v7.0.0","Timeout",3.007506,"Unsatisfiable",0.078069,"Unsatisfiable",0.421040,"Timeout",3.165660
result,"/home/delahayed/problems/TPTP-v9.2.1/Problems/SYN/SYN463+1.p","CounterSatisfiable","0.00 v5.5.0","Timeout",3.007442,"CounterSatisfiable",0.065121,"Timeout",3.048634,"Satisfiable",0.112443
result,"/home/delahayed/problems/TPTP-v9.2.1/Problems/SYN/SYN463-1.p","Satisfiable","0.00 v7.3.0","Timeout",3.008613,"Satisfiable",0.061896,"Timeout",3.053657,"Satisfiable",1.243457
result,"/home/delahayed/problems/TPTP-v9.2.1/Problems/SYN/SYN464+1.p","CounterSatisfiable","0.00 v5.5.0","Timeout",3.008778,"CounterSatisfiable",0.082354,"Timeout",3.042852,"Timeout",3.393180
result,"/home/delahayed/problems/TPTP-v9.2.1/Problems/SYN/SYN464-1.p","Satisfiable","0.00 v7.3.0","Timeout",3.009231,"Satisfiable",0.096027,"Timeout",3.051471,"Timeout",3.418059
result,"/home/delahayed/problems/TPTP-v9.2.1/Problems/SYN/SYN465+1.p","Theorem","0.00 v5.5.0","Timeout",3.007831,"Theorem",0.080684,"Theorem",0.547733,"Unsatisfiable",0.155306
result,"/home/delahayed/problems/TPTP-v9.2.1/Problems/SYN/SYN465-1.p","Unsatisfiable","0.00 v7.0.0","Timeout",3.010977,"Unsatisfiable",0.077093,"Unsatisfiable",0.598567,"Timeout",3.781558
result,"/home/delahayed/problems/TPTP-v9.2.1/Problems/SYN/SYN466+1.p","Theorem","0.00 v6.1.0","Timeout",3.009372,"Theorem",0.084429,"Theorem",0.454736,"Unsatisfiable",0.188816
result,"/home/delahayed/problems/TPTP-v9.2.1/Problems/SYN/SYN466-1.p","Unsatisfiable","0.00 v7.0.0","Timeout",3.006952,"Unsatisfiable",0.074263,"Unsatisfiable",0.418037,"Timeout",3.680054
result,"/home/delahayed/problems/TPTP-v9.2.1/Problems/SYN/SYN467+1.p","Theorem","0.00 v5.5.0","Timeout",3.012004,"Theorem",0.083797,"Theorem",0.523032,"Unsatisfiable",0.157121
result,"/home/delahayed/problems/TPTP-v9.2.1/Problems/SYN/SYN467-1.p","Unsatisfiable","0.00 v7.0.0","Timeout",3.007665,"Unsatisfiable",0.077678,"Unsatisfiable",0.513113,"Timeout",3.427503
result,"/home/delahayed/problems/TPTP-v9.2.1/Problems/SYN/SYN468+1.p","Theorem","0.00 v6.1.0","Timeout",3.007689,"Theorem",0.087879,"Theorem",0.449328,"Unsatisfiable",0.108945
result,"/home/delahayed/problems/TPTP-v9.2.1/Problems/SYN/SYN468-1.p","Unsatisfiable","0.00 v7.0.0","Timeout",3.014254,"Unsatisfiable",0.088512,"Unsatisfiable",0.451736,"Timeout",3.288688
result,"/home/delahayed/problems/TPTP-v9.2.1/Problems/SYN/SYN469+1.p","Theorem","0.00 v5.5.0","Timeout",3.014414,"Theorem",0.086152,"Theorem",2.199356,"Unsatisfiable",0.127429
result,"/home/delahayed/problems/TPTP-v9.2.1/Problems/SYN/SYN469-1.p","Unsatisfiable","0.00 v7.0.0","Timeout",3.009580,"Unsatisfiable",0.078488,"Unsatisfiable",2.311337,"Timeout",3.380896
result,"/home/delahayed/problems/TPTP-v9.2.1/Problems/SYN/SYN470+1.p","Theorem","0.00 v6.1.0","Timeout",3.007597,"Theorem",0.081842,"Theorem",0.566440,"Unsatisfiable",0.174981
result,"/home/delahayed/problems/TPTP-v9.2.1/Problems/SYN/SYN470-1.p","Unsatisfiable","0.00 v7.0.0","Timeout",3.007966,"Unsatisfiable",0.075781,"Unsatisfiable",1.948082,"Timeout",4.293436
result,"/home/delahayed/problems/TPTP-v9.2.1/Problems/SYN/SYN471+1.p","Theorem","0.00 v5.5.0","Timeout",3.008216,"Theorem",0.090368,"Theorem",0.475413,"Unsatisfiable",0.166825
result,"/home/delahayed/problems/TPTP-v9.2.1/Problems/SYN/SYN471-1.p","Unsatisfiable","0.00 v7.0.0","Timeout",3.024697,"Unsatisfiable",0.084574,"Unsatisfiable",0.470146,"Timeout",3.377035
result,"/home/delahayed/problems/TPTP-v9.2.1/Problems/SYN/SYN472+1.p","Theorem","0.00 v5.5.0","Timeout",3.010827,"Theorem",0.086740,"Theorem",0.495126,"Unsatisfiable",0.206015
result,"/home/delahayed/problems/TPTP-v9.2.1/Problems/SYN/SYN472-1.p","Unsatisfiable","0.00 v7.0.0","Timeout",3.007739,"Unsatisfiable",0.080252,"Unsatisfiable",0.462231,"Timeout",3.450260
result,"/home/delahayed/problems/TPTP-v9.2.1/Problems/SYN/SYN473+1.p","Theorem","0.00 v5.5.0","Timeout",3.007391,"Theorem",0.086010,"Theorem",0.467019,"Unsatisfiable",0.294054
result,"/home/delahayed/problems/TPTP-v9.2.1/Problems/SYN/SYN473-1.p","Unsatisfiable","0.00 v7.0.0","Timeout",3.008965,"Unsatisfiable",0.081849,"Unsatisfiable",0.470318,"Timeout",3.601387
result,"/home/delahayed/problems/TPTP-v9.2.1/Problems/SYN/SYN474+1.p","Theorem","0.00 v6.1.0","Timeout",3.011483,"Theorem",0.087021,"Theorem",0.504478,"Unsatisfiable",0.175192
result,"/home/delahayed/problems/TPTP-v9.2.1/Problems/SYN/SYN474-1.p","Unsatisfiable","0.00 v7.0.0","Timeout",3.007053,"Unsatisfiable",0.078432,"Unsatisfiable",0.495439,"Timeout",3.296769
result,"/home/delahayed/problems/TPTP-v9.2.1/Problems/SYN/SYN475+1.p","Theorem","0.00 v5.5.0","Timeout",3.014284,"Theorem",0.082557,"Theorem",0.454980,"Unsatisfiable",0.105011
result,"/home/delahayed/problems/TPTP-v9.2.1/Problems/SYN/SYN475-1.p","Unsatisfiable","0.00 v7.0.0","Timeout",3.007478,"Unsatisfiable",0.084538,"Unsatisfiable",0.478319,"Timeout",3.095294
result,"/home/delahayed/problems/TPTP-v9.2.1/Problems/SYN/SYN476+1.p","Theorem","0.00 v6.1.0","Timeout",3.008751,"Theorem",0.082708,"Theorem",0.507308,"Unsatisfiable",0.236013
result,"/home/delahayed/problems/TPTP-v9.2.1/Problems/SYN/SYN476-1.p","Unsatisfiable","0.00 v7.0.0","Timeout",3.007584,"Unsatisfiable",0.075743,"Unsatisfiable",0.414215,"Timeout",3.091821
result,"/home/delahayed/problems/TPTP-v9.2.1/Problems/SYN/SYN477+1.p","Theorem","0.00 v6.1.0","Timeout",3.009378,"Theorem",0.077581,"Theorem",1.579044,"Unsatisfiable",0.146048
result,"/home/delahayed/problems/TPTP-v9.2.1/Problems/SYN/SYN477-1.p","Unsatisfiable","0.00 v7.0.0","Timeout",3.007473,"Unsatisfiable",0.079239,"Unsatisfiable",1.875505,"Timeout",3.263813
result,"/home/delahayed/problems/TPTP-v9.2.1/Problems/SYN/SYN478+1.p","Theorem","0.00 v6.1.0","Timeout",3.008859,"Theorem",0.093315,"Theorem",0.469932,"Unsatisfiable",0.132472
result,"/home/delahayed/problems/TPTP-v9.2.1/Problems/SYN/SYN478-1.p","Unsatisfiable","0.00 v7.0.0","Timeout",3.008720,"Unsatisfiable",0.080725,"Unsatisfiable",0.376474,"Timeout",3.679862
result,"/home/delahayed/problems/TPTP-v9.2.1/Problems/SYN/SYN479+1.p","Theorem","0.00 v6.1.0","Timeout",3.008708,"Theorem",0.079210,"Theorem",0.404666,"Unsatisfiable",0.134166
result,"/home/delahayed/problems/TPTP-v9.2.1/Problems/SYN/SYN479-1.p","Unsatisfiable","0.00 v7.0.0","Timeout",3.006508,"Unsatisfiable",0.080730,"Unsatisfiable",0.446745,"Timeout",3.276323
result,"/home/delahayed/problems/TPTP-v9.2.1/Problems/SYN/SYN480+1.p","Theorem","0.00 v5.5.0","Timeout",3.008022,"Theorem",0.098996,"Theorem",0.498063,"Unsatisfiable",0.192934
result,"/home/delahayed/problems/TPTP-v9.2.1/Problems/SYN/SYN480-1.p","Unsatisfiable","0.00 v7.0.0","Timeout",3.008336,"Unsatisfiable",0.086093,"Unsatisfiable",0.495778,"Timeout",3.057908
result,"/home/delahayed/problems/TPTP-v9.2.1/Problems/SYN/SYN481+1.p","Theorem","0.00 v6.1.0","Timeout",3.009426,"Theorem",0.081033,"Theorem",0.504081,"Unsatisfiable",0.167830
result,"/home/delahayed/problems/TPTP-v9.2.1/Problems/SYN/SYN481-1.p","Unsatisfiable","0.00 v7.0.0","Timeout",3.009039,"Unsatisfiable",0.068812,"Unsatisfiable",0.483408,"Timeout",3.066633
result,"/home/delahayed/problems/TPTP-v9.2.1/Problems/SYN/SYN482+1.p","Theorem","0.00 v5.5.0","Timeout",3.010994,"Theorem",0.082662,"Theorem",0.497641,"Unsatisfiable",0.228343
result,"/home/delahayed/problems/TPTP-v9.2.1/Problems/SYN/SYN482-1.p","Unsatisfiable","0.00 v7.0.0","Timeout",3.012231,"Unsatisfiable",0.080863,"Unsatisfiable",0.513715,"Timeout",3.755256
result,"/home/delahayed/problems/TPTP-v9.2.1/Problems/SYN/SYN483+1.p","Theorem","0.00 v6.1.0","Timeout",3.007494,"Theorem",0.084833,"Theorem",0.480227,"Unsatisfiable",0.140554
result,"/home/delahayed/problems/TPTP-v9.2.1/Problems/SYN/SYN483-1.p","Unsatisfiable","0.00 v7.0.0","Timeout",3.008036,"Unsatisfiable",0.072989,"Unsatisfiable",0.469362,"Timeout",4.002170
result,"/home/delahayed/problems/TPTP-v9.2.1/Problems/SYN/SYN484+1.p","Theorem","0.00 v5.5.0","Timeout",3.016793,"Theorem",0.084009,"Theorem",0.464011,"Unsatisfiable",0.118498
result,"/home/delahayed/problems/TPTP-v9.2.1/Problems/SYN/SYN484-1.p","Unsatisfiable","0.00 v7.0.0","Timeout",3.010980,"Unsatisfiable",0.079077,"Unsatisfiable",0.523277,"Timeout",3.961837
result,"/home/delahayed/problems/TPTP-v9.2.1/Problems/SYN/SYN485+1.p","Theorem","0.00 v5.5.0","Timeout",3.020028,"Theorem",0.086369,"Theorem",0.441122,"Unsatisfiable",0.127148
result,"/home/delahayed/problems/TPTP-v9.2.1/Problems/SYN/SYN485-1.p","Unsatisfiable","0.00 v7.0.0","Timeout",3.009105,"Unsatisfiable",0.082472,"Unsatisfiable",0.429320,"Timeout",3.184511
result,"/home/delahayed/problems/TPTP-v9.2.1/Problems/SYN/SYN486+1.p","Theorem","0.00 v6.1.0","Timeout",3.008935,"Theorem",0.087936,"Theorem",0.452202,"Unsatisfiable",0.203854
result,"/home/delahayed/problems/TPTP-v9.2.1/Problems/SYN/SYN486-1.p","Unsatisfiable","0.00 v7.0.0","Timeout",3.008468,"Unsatisfiable",0.079544,"Unsatisfiable",0.455114,"Timeout",3.527064
result,"/home/delahayed/problems/TPTP-v9.2.1/Problems/SYN/SYN487+1.p","Theorem","0.00 v6.1.0","Timeout",3.007967,"Theorem",0.090917,"Theorem",0.509027,"Unsatisfiable",0.138125
result,"/home/delahayed/problems/TPTP-v9.2.1/Problems/SYN/SYN487-1.p","Unsatisfiable","0.00 v7.0.0","Timeout",3.028852,"Unsatisfiable",0.083877,"Unsatisfiable",0.492448,"Timeout",3.233698
result,"/home/delahayed/problems/TPTP-v9.2.1/Problems/SYN/SYN488+1.p","Theorem","0.00 v6.1.0","Timeout",3.010470,"Theorem",0.085513,"Theorem",0.606011,"Unsatisfiable",0.168353
result,"/home/delahayed/problems/TPTP-v9.2.1/Problems/SYN/SYN488-1.p","Unsatisfiable","0.00 v7.0.0","Timeout",3.008406,"Unsatisfiable",0.079512,"Unsatisfiable",0.565263,"Timeout",3.704820
result,"/home/delahayed/problems/TPTP-v9.2.1/Problems/SYN/SYN489+1.p","Theorem","0.00 v5.5.0","Timeout",3.008963,"Theorem",0.091868,"Theorem",0.524210,"Unsatisfiable",0.228435
result,"/home/delahayed/problems/TPTP-v9.2.1/Problems/SYN/SYN489-1.p","Unsatisfiable","0.00 v7.0.0","Timeout",3.011143,"Unsatisfiable",0.082826,"Unsatisfiable",0.532081,"Timeout",3.316941
result,"/home/delahayed/problems/TPTP-v9.2.1/Problems/SYN/SYN490+1.p","CounterSatisfiable","0.00 v4.1.0","Timeout",3.008153,"CounterSatisfiable",0.057444,"CounterSatisfiable",0.012202,"Satisfiable",0.020340
result,"/home/delahayed/problems/TPTP-v9.2.1/Problems/SYN/SYN490-1.p","Satisfiable","0.00 v2.2.0","Timeout",3.007006,"Satisfiable",0.051134,"Satisfiable",0.020533,"Satisfiable",0.020840
result,"/home/delahayed/problems/TPTP-v9.2.1/Problems/SYN/SYN491+1.p","CounterSatisfiable","0.00 v5.5.0","Timeout",3.007908,"CounterSatisfiable",0.046741,"CounterSatisfiable",0.007055,"Satisfiable",0.018960
result,"/home/delahayed/problems/TPTP-v9.2.1/Problems/SYN/SYN491-1.p","Satisfiable","0.00 v2.2.0","Timeout",3.007222,"Satisfiable",0.047138,"Satisfiable",0.006711,"Satisfiable",0.029025
result,"/home/delahayed/problems/TPTP-v9.2.1/Problems/SYN/SYN492+1.p","CounterSatisfiable","0.00 v5.4.0","Timeout",3.013138,"CounterSatisfiable",0.045918,"CounterSatisfiable",0.008725,"Satisfiable",0.020045
result,"/home/delahayed/problems/TPTP-v9.2.1/Problems/SYN/SYN492-1.p","Satisfiable","0.00 v2.2.0","Timeout",3.007852,"Satisfiable",0.057668,"Satisfiable",0.008525,"Satisfiable",0.019896
result,"/home/delahayed/problems/TPTP-v9.2.1/Problems/SYN/SYN493+1.p","CounterSatisfiable","0.00 v4.1.0","Timeout",3.007579,"CounterSatisfiable",0.046307,"CounterSatisfiable",0.020315,"Satisfiable",0.020605
result,"/home/delahayed/problems/TPTP-v9.2.1/Problems/SYN/SYN493-1.p","Satisfiable","0.00 v2.2.0","Timeout",3.008010,"Satisfiable",0.054122,"Satisfiable",0.023394,"Timeout",3.052108
result,"/home/delahayed/problems/TPTP-v9.2.1/Problems/SYN/SYN494+1.p","CounterSatisfiable","0.00 v4.1.0","Timeout",3.007724,"CounterSatisfiable",0.061944,"CounterSatisfiable",0.008307,"Satisfiable",0.015383
result,"/home/delahayed/problems/TPTP-v9.2.1/Problems/SYN/SYN494-1.p","Satisfiable","0.00 v2.2.0","Timeout",3.007475,"Satisfiable",0.047785,"Satisfiable",0.006717,"Satisfiable",0.016484
result,"/home/delahayed/problems/TPTP-v9.2.1/Problems/SYN/SYN495+1.p","CounterSatisfiable","0.00 v4.1.0","Timeout",3.007078,"CounterSatisfiable",0.051332,"CounterSatisfiable",0.006988,"Satisfiable",0.015633
result,"/home/delahayed/problems/TPTP-v9.2.1/Problems/SYN/SYN495-1.p","Satisfiable","0.00 v2.1.0","Timeout",3.011188,"Satisfiable",0.053933,"Satisfiable",0.006823,"Satisfiable",0.014411
result,"/home/delahayed/problems/TPTP-v9.2.1/Problems/SYN/SYN496+1.p","CounterSatisfiable","0.00 v6.1.0","Timeout",3.019386,"CounterSatisfiable",0.045460,"CounterSatisfiable",0.007616,"Satisfiable",0.015359
result,"/home/delahayed/problems/TPTP-v9.2.1/Problems/SYN/SYN496-1.p","Satisfiable","0.00 v2.2.0","Timeout",3.008233,"Satisfiable",0.046237,"Satisfiable",0.007247,"Satisfiable",0.014901
result,"/home/delahayed/problems/TPTP-v9.2.1/Problems/SYN/SYN497+1.p","CounterSatisfiable","0.00 v4.1.0","Timeout",3.013378,"CounterSatisfiable",0.053513,"CounterSatisfiable",0.008587,"Satisfiable",0.015962
result,"/home/delahayed/problems/TPTP-v9.2.1/Problems/SYN/SYN497-1.p","Satisfiable","0.00 v2.2.0","Timeout",3.007287,"Satisfiable",0.047045,"Satisfiable",0.013256,"Satisfiable",0.018990
result,"/home/delahayed/problems/TPTP-v9.2.1/Problems/SYN/SYN498+1.p","Theorem","0.00 v6.1.0","Timeout",3.007924,"Theorem",0.083861,"Theorem",0.540500,"Unsatisfiable",0.113639
result,"/home/delahayed/problems/TPTP-v9.2.1/Problems/SYN/SYN498-1.p","Unsatisfiable","0.00 v7.0.0","Timeout",3.008230,"Unsatisfiable",0.078242,"Unsatisfiable",0.500991,"Timeout",3.834270
result,"/home/delahayed/problems/TPTP-v9.2.1/Problems/SYN/SYN499+1.p","Theorem","0.00 v6.1.0","Timeout",3.007980,"Theorem",0.083341,"Theorem",0.525006,"Unsatisfiable",0.114718
result,"/home/delahayed/problems/TPTP-v9.2.1/Problems/SYN/SYN499-1.p","Unsatisfiable","0.00 v7.0.0","Timeout",3.009419,"Unsatisfiable",0.080520,"Unsatisfiable",0.633682,"Timeout",3.847933
result,"/home/delahayed/problems/TPTP-v9.2.1/Problems/SYN/SYN500+1.p","Theorem","0.00 v6.1.0","Timeout",3.008111,"Theorem",0.077937,"Theorem",0.497980,"Unsatisfiable",0.206707
result,"/home/delahayed/problems/TPTP-v9.2.1/Problems/SYN/SYN500-1.p","Unsatisfiable","0.00 v7.0.0","Timeout",3.008451,"Unsatisfiable",0.081043,"Unsatisfiable",0.414231,"Timeout",3.677556
result,"/home/delahayed/problems/TPTP-v9.2.1/Problems/SYN/SYN501+1.p","Theorem","0.00 v6.1.0","Timeout",3.008995,"Theorem",0.080220,"Theorem",0.409739,"Unsatisfiable",0.097147
result,"/home/delahayed/problems/TPTP-v9.2.1/Problems/SYN/SYN501-1.p","Unsatisfiable","0.00 v7.0.0","Timeout",3.007607,"Unsatisfiable",0.075185,"Unsatisfiable",0.426738,"Timeout",3.146140
result,"/home/delahayed/problems/TPTP-v9.2.1/Problems/SYN/SYN502+1.p","Theorem","0.00 v6.1.0","Timeout",3.010245,"Theorem",0.082834,"Theorem",0.479557,"Unsatisfiable",0.137069
result,"/home/delahayed/problems/TPTP-v9.2.1/Problems/SYN/SYN502-1.p","Unsatisfiable","0.00 v7.0.0","Timeout",3.008334,"Unsatisfiable",0.078094,"Unsatisfiable",0.542586,"Timeout",3.223857
result,"/home/delahayed/problems/TPTP-v9.2.1/Problems/SYN/SYN503+1.p","Theorem","0.00 v5.5.0","Timeout",3.009785,"Theorem",0.113156,"Theorem",0.486014,"Unsatisfiable",0.115728
result,"/home/delahayed/problems/TPTP-v9.2.1/Problems/SYN/SYN503-1.p","Unsatisfiable","0.00 v7.0.0","Timeout",3.008955,"Unsatisfiable",0.088236,"Unsatisfiable",0.486993,"Timeout",3.217977
result,"/home/delahayed/problems/TPTP-v9.2.1/Problems/SYN/SYN504+1.p","Theorem","0.00 v6.1.0","Timeout",3.007971,"Theorem",0.084297,"Theorem",0.461908,"Unsatisfiable",0.197734
result,"/home/delahayed/problems/TPTP-v9.2.1/Problems/SYN/SYN504-1.p","Unsatisfiable","0.00 v7.0.0","Timeout",3.007939,"Unsatisfiable",0.085690,"Unsatisfiable",0.468219,"Timeout",3.456168
result,"/home/delahayed/problems/TPTP-v9.2.1/Problems/SYN/SYN505+1.p","Theorem","0.00 v5.5.0","Timeout",3.009582,"Theorem",0.078651,"Theorem",0.448024,"Unsatisfiable",0.130638
result,"/home/delahayed/problems/TPTP-v9.2.1/Problems/SYN/SYN505-1.p","Unsatisfiable","0.00 v7.0.0","Timeout",3.008968,"Unsatisfiable",0.079998,"Unsatisfiable",0.452511,"Timeout",3.143797
result,"/home/delahayed/problems/TPTP-v9.2.1/Problems/SYN/SYN506+1.p","Theorem","0.00 v6.1.0","Timeout",3.007892,"Theorem",0.077224,"Theorem",0.484329,"Unsatisfiable",0.107808
result,"/home/delahayed/problems/TPTP-v9.2.1/Problems/SYN/SYN506-1.p","Unsatisfiable","0.00 v7.0.0","Timeout",3.007560,"Unsatisfiable",0.069232,"Unsatisfiable",0.443170,"Timeout",3.645833
result,"/home/delahayed/problems/TPTP-v9.2.1/Problems/SYN/SYN507+1.p","Theorem","0.00 v6.1.0","Timeout",3.007520,"Theorem",0.085890,"Theorem",0.515997,"Unsatisfiable",0.204399
result,"/home/delahayed/problems/TPTP-v9.2.1/Problems/SYN/SYN507-1.p","Unsatisfiable","0.00 v7.0.0","Timeout",3.013503,"Unsatisfiable",0.075334,"Unsatisfiable",0.510627,"Timeout",3.812046
result,"/home/delahayed/problems/TPTP-v9.2.1/Problems/SYN/SYN508+1.p","Theorem","0.00 v6.1.0","Timeout",3.007211,"Theorem",0.082658,"Theorem",0.464295,"Unsatisfiable",0.175649
result,"/home/delahayed/problems/TPTP-v9.2.1/Problems/SYN/SYN508-1.p","Unsatisfiable","0.00 v7.0.0","Timeout",3.008126,"Unsatisfiable",0.074367,"Unsatisfiable",0.450898,"Timeout",3.115054
result,"/home/delahayed/problems/TPTP-v9.2.1/Problems/SYN/SYN509+1.p","Theorem","0.00 v5.5.0","Timeout",3.011632,"Theorem",0.085709,"Theorem",0.405864,"Unsatisfiable",0.230283
result,"/home/delahayed/problems/TPTP-v9.2.1/Problems/SYN/SYN509-1.p","Unsatisfiable","0.00 v7.0.0","Timeout",3.009266,"Unsatisfiable",0.077808,"Unsatisfiable",0.455328,"Timeout",3.106242
result,"/home/delahayed/problems/TPTP-v9.2.1/Problems/SYN/SYN510+1.p","Theorem","0.00 v6.1.0","Timeout",3.010067,"Theorem",0.084394,"Theorem",0.416891,"Unsatisfiable",0.120089
result,"/home/delahayed/problems/TPTP-v9.2.1/Problems/SYN/SYN510-1.p","Unsatisfiable","0.00 v7.0.0","Timeout",3.007864,"Unsatisfiable",0.075965,"Unsatisfiable",0.493203,"Timeout",3.360857
result,"/home/delahayed/problems/TPTP-v9.2.1/Problems/SYN/SYN511+1.p","Theorem","0.00 v6.1.0","Timeout",3.008864,"Theorem",0.086262,"Theorem",0.411972,"Unsatisfiable",0.124374
result,"/home/delahayed/problems/TPTP-v9.2.1/Problems/SYN/SYN511-1.p","Unsatisfiable","0.00 v7.0.0","Timeout",3.007540,"Unsatisfiable",0.068097,"Unsatisfiable",0.445832,"Timeout",3.262629
result,"/home/delahayed/problems/TPTP-v9.2.1/Problems/SYN/SYN512+1.p","Theorem","0.00 v6.1.0","Timeout",3.012891,"Theorem",0.089821,"Theorem",0.551189,"Unsatisfiable",0.108991
result,"/home/delahayed/problems/TPTP-v9.2.1/Problems/SYN/SYN512-1.p","Unsatisfiable","0.00 v7.0.0","Timeout",3.011961,"Unsatisfiable",0.078355,"Unsatisfiable",0.498395,"Timeout",3.675916
result,"/home/delahayed/problems/TPTP-v9.2.1/Problems/SYN/SYN513+1.p","CounterSatisfiable","0.00 v6.2.0","Timeout",3.015917,"CounterSatisfiable",0.092205,"Timeout",3.030778,"Satisfiable",2.013921
result,"/home/delahayed/problems/TPTP-v9.2.1/Problems/SYN/SYN513-1.p","Satisfiable","0.00 v7.3.0","Timeout",3.009210,"Satisfiable",0.100216,"Satisfiable",2.629243,"Timeout",3.783306
result,"/home/delahayed/problems/TPTP-v9.2.1/Problems/SYN/SYN514+1.p","CounterSatisfiable","0.00 v5.5.0","Timeout",3.011277,"CounterSatisfiable",0.110735,"Timeout",3.057750,"Timeout",3.074208
result,"/home/delahayed/problems/TPTP-v9.2.1/Problems/SYN/SYN514-1.p","Satisfiable","0.00 v7.3.0","Timeout",3.010548,"Satisfiable",0.069720,"Timeout",3.043590,"Timeout",3.200230
result,"/home/delahayed/problems/TPTP-v9.2.1/Problems/SYN/SYN515+1.p","CounterSatisfiable","0.00 v4.1.0","Timeout",3.009155,"CounterSatisfiable",0.045999,"CounterSatisfiable",0.022172,"Satisfiable",0.013652
result,"/home/delahayed/problems/TPTP-v9.2.1/Problems/SYN/SYN515-1.p","Satisfiable","0.00 v2.2.1","Timeout",3.537584,"Satisfiable",0.049511,"Satisfiable",0.007909,"Satisfiable",0.015472
result,"/home/delahayed/problems/TPTP-v9.2.1/Problems/SYN/SYN516+1.p","CounterSatisfiable","0.00 v4.1.0","Timeout",3.007920,"CounterSatisfiable",0.052569,"CounterSatisfiable",0.010024,"Satisfiable",0.016225
result,"/home/delahayed/problems/TPTP-v9.2.1/Problems/SYN/SYN516-1.p","Satisfiable","0.00 v2.1.0","Timeout",3.009012,"Satisfiable",0.051468,"Satisfiable",0.006121,"Satisfiable",0.014270
result,"/home/delahayed/problems/TPTP-v9.2.1/Problems/SYN/SYN517+1.p","CounterSatisfiable","0.00 v5.5.0","Timeout",4.779405,"CounterSatisfiable",0.052365,"CounterSatisfiable",0.014549,"Satisfiable",0.019978
result,"/home/delahayed/problems/TPTP-v9.2.1/Problems/SYN/SYN517-1.p","Satisfiable","0.00 v2.2.0","Timeout",3.009899,"Satisfiable",0.044379,"Satisfiable",0.006802,"Satisfiable",0.015497
result,"/home/delahayed/problems/TPTP-v9.2.1/Problems/SYN/SYN518+1.p","CounterSatisfiable","0.00 v5.5.0","Timeout",3.285013,"CounterSatisfiable",0.076780,"CounterSatisfiable",0.948613,"Timeout",3.330155
result,"/home/delahayed/problems/TPTP-v9.2.1/Problems/SYN/SYN518-1.p","Satisfiable","0.00 v7.3.0","Timeout",3.010859,"Satisfiable",0.068282,"Timeout",3.033571,"Timeout",4.520546
result,"/home/delahayed/problems/TPTP-v9.2.1/Problems/SYN/SYN519+1.p","CounterSatisfiable","0.00 v6.2.0","Timeout",3.950855,"CounterSatisfiable",0.319051,"Timeout",3.052806,"Timeout",3.166733
result,"/home/delahayed/problems/TPTP-v9.2.1/Problems/SYN/SYN519-1.p","Satisfiable","0.00 v7.3.0","Timeout",3.010684,"Satisfiable",0.109689,"Timeout",3.041949,"Timeout",3.354066
result,"/home/delahayed/problems/TPTP-v9.2.1/Problems/SYN/SYN520+1.p","CounterSatisfiable","0.00 v6.2.0","Timeout",3.871277,"CounterSatisfiable",0.323198,"Timeout",3.045899,"Timeout",3.112426
result,"/home/delahayed/problems/TPTP-v9.2.1/Problems/SYN/SYN520-1.p","Satisfiable","0.00 v7.3.0","Timeout",3.028043,"Satisfiable",0.120218,"Timeout",3.034927,"Timeout",3.394350
result,"/home/delahayed/problems/TPTP-v9.2.1/Problems/SYN/SYN521+1.p","CounterSatisfiable","0.00 v4.1.0","Timeout",3.009694,"CounterSatisfiable",0.046191,"CounterSatisfiable",0.011876,"Satisfiable",0.014680
result,"/home/delahayed/problems/TPTP-v9.2.1/Problems/SYN/SYN521-1.p","Satisfiable","0.00 v2.2.1","Timeout",3.007733,"Satisfiable",0.050922,"Satisfiable",0.007183,"Satisfiable",0.015019
result,"/home/delahayed/problems/TPTP-v9.2.1/Problems/SYN/SYN522+1.p","CounterSatisfiable","0.00 v4.1.0","Timeout",3.010880,"CounterSatisfiable",0.049381,"CounterSatisfiable",0.019707,"Satisfiable",0.015482
result,"/home/delahayed/problems/TPTP-v9.2.1/Problems/SYN/SYN522-1.p","Satisfiable","0.00 v5.0.0","Timeout",3.585685,"Satisfiable",0.053591,"Satisfiable",0.158343,"Satisfiable",0.019880
result,"/home/delahayed/problems/TPTP-v9.2.1/Problems/SYN/SYN523+1.p","CounterSatisfiable","0.00 v4.1.0","Timeout",3.008162,"CounterSatisfiable",0.034610,"CounterSatisfiable",0.006421,"Satisfiable",0.014752
result,"/home/delahayed/problems/TPTP-v9.2.1/Problems/SYN/SYN523-1.p","Satisfiable","0.00 v2.1.0","Timeout",3.439068,"Satisfiable",0.031899,"Satisfiable",0.006025,"Satisfiable",0.014511
result,"/home/delahayed/problems/TPTP-v9.2.1/Problems/SYN/SYN524+1.p","CounterSatisfiable","0.00 v4.1.0","Timeout",3.008378,"CounterSatisfiable",0.044076,"CounterSatisfiable",0.012955,"Satisfiable",0.015426
result,"/home/delahayed/problems/TPTP-v9.2.1/Problems/SYN/SYN524-1.p","Satisfiable","0.00 v2.2.1","Timeout",3.008640,"Satisfiable",0.048951,"Satisfiable",0.012533,"Satisfiable",0.016444
result,"/home/delahayed/problems/TPTP-v9.2.1/Problems/SYN/SYN525+1.p","CounterSatisfiable","0.00 v6.0.0","Timeout",3.007844,"CounterSatisfiable",0.054671,"CounterSatisfiable",0.012320,"Satisfiable",0.014779
result,"/home/delahayed/problems/TPTP-v9.2.1/Problems/SYN/SYN525-1.p","Satisfiable","0.00 v2.2.1","Timeout",3.007767,"Satisfiable",0.048878,"Satisfiable",0.007293,"Satisfiable",0.015605
result,"/home/delahayed/problems/TPTP-v9.2.1/Problems/SYN/SYN526+1.p","CounterSatisfiable","0.00 v4.1.0","Timeout",3.009797,"CounterSatisfiable",0.049157,"CounterSatisfiable",0.023988,"Satisfiable",0.014660
result,"/home/delahayed/problems/TPTP-v9.2.1/Problems/SYN/SYN526-1.p","Satisfiable","0.00 v2.2.1","Timeout",3.007987,"Satisfiable",0.048999,"Satisfiable",0.011989,"Satisfiable",0.022467
result,"/home/delahayed/problems/TPTP-v9.2.1/Problems/SYN/SYN527+1.p","CounterSatisfiable","0.00 v4.1.0","Timeout",3.007586,"CounterSatisfiable",0.052208,"CounterSatisfiable",0.009440,"Satisfiable",0.014197
result,"/home/delahayed/problems/TPTP-v9.2.1/Problems/SYN/SYN527-1.p","Satisfiable","0.00 v2.1.0","Timeout",3.008332,"Satisfiable",0.034360,"Satisfiable",0.007206,"Satisfiable",0.015738
result,"/home/delahayed/problems/TPTP-v9.2.1/Problems/SYN/SYN528+1.p","CounterSatisfiable","0.00 v4.1.0","Timeout",3.007954,"CounterSatisfiable",0.047531,"CounterSatisfiable",0.012598,"Satisfiable",0.014463
result,"/home/delahayed/problems/TPTP-v9.2.1/Problems/SYN/SYN528-1.p","Satisfiable","0.00 v2.2.1","Timeout",3.007391,"Satisfiable",0.049906,"Satisfiable",0.013567,"Satisfiable",0.016440
result,"/home/delahayed/problems/TPTP-v9.2.1/Problems/SYN/SYN529+1.p","CounterSatisfiable","0.00 v4.1.0","Timeout",3.008939,"CounterSatisfiable",0.046930,"CounterSatisfiable",0.027483,"Satisfiable",0.016724
result,"/home/delahayed/problems/TPTP-v9.2.1/Problems/SYN/SYN529-1.p","Satisfiable","0.00 v2.2.1","Timeout",3.008910,"Satisfiable",0.049218,"Satisfiable",0.026825,"Satisfiable",0.015788
result,"/home/delahayed/problems/TPTP-v9.2.1/Problems/SYN/SYN530+1.p","CounterSatisfiable","0.00 v4.1.0","Timeout",3.007266,"CounterSatisfiable",0.056938,"CounterSatisfiable",0.012595,"Satisfiable",0.014406
result,"/home/delahayed/problems/TPTP-v9.2.1/Problems/SYN/SYN530-1.p","Satisfiable","0.00 v7.3.0","Timeout",3.010530,"Satisfiable",0.043733,"Satisfiable",0.008570,"Timeout",5.749611
result,"/home/delahayed/problems/TPTP-v9.2.1/Problems/SYN/SYN531+1.p","CounterSatisfiable","0.00 v4.1.0","Timeout",3.007691,"CounterSatisfiable",0.047751,"CounterSatisfiable",0.013811,"Satisfiable",0.015627
result,"/home/delahayed/problems/TPTP-v9.2.1/Problems/SYN/SYN531-1.p","Satisfiable","0.00 v2.2.0","Timeout",3.008208,"Satisfiable",0.051240,"Satisfiable",0.007655,"Satisfiable",0.021715
result,"/home/delahayed/problems/TPTP-v9.2.1/Problems/SYN/SYN532+1.p","CounterSatisfiable","0.00 v5.5.0","Timeout",3.011425,"CounterSatisfiable",0.054299,"CounterSatisfiable",0.014208,"Satisfiable",0.015624
result,"/home/delahayed/problems/TPTP-v9.2.1/Problems/SYN/SYN532-1.p","Satisfiable","0.00 v2.2.1","Timeout",3.007522,"Satisfiable",0.056137,"Satisfiable",0.008999,"Satisfiable",0.019645
result,"/home/delahayed/problems/TPTP-v9.2.1/Problems/SYN/SYN533+1.p","CounterSatisfiable","0.00 v5.5.0","Timeout",3.012499,"CounterSatisfiable",0.057762,"CounterSatisfiable",0.011595,"Satisfiable",0.014275
result,"/home/delahayed/problems/TPTP-v9.2.1/Problems/SYN/SYN533-1.p","Satisfiable","0.00 v2.2.1","Timeout",3.007137,"Satisfiable",0.053206,"Satisfiable",0.007543,"Satisfiable",0.015457
result,"/home/delahayed/problems/TPTP-v9.2.1/Problems/SYN/SYN534+1.p","CounterSatisfiable","0.00 v4.1.0","Timeout",3.007670,"CounterSatisfiable",0.049290,"CounterSatisfiable",0.017698,"Satisfiable",0.015713
result,"/home/delahayed/problems/TPTP-v9.2.1/Problems/SYN/SYN534-1.p","Satisfiable","0.00 v2.2.0","Timeout",3.007371,"Satisfiable",0.049122,"Satisfiable",0.007620,"Satisfiable",0.015571
result,"/home/delahayed/problems/TPTP-v9.2.1/Problems/SYN/SYN535+1.p","CounterSatisfiable","0.00 v4.1.0","Timeout",3.007621,"CounterSatisfiable",0.055916,"CounterSatisfiable",0.012994,"Satisfiable",0.015185
result,"/home/delahayed/problems/TPTP-v9.2.1/Problems/SYN/SYN535-1.p","Satisfiable","0.00 v2.2.1","Timeout",3.007480,"Satisfiable",0.054554,"Satisfiable",0.008118,"Satisfiable",0.015250
result,"/home/delahayed/problems/TPTP-v9.2.1/Problems/SYN/SYN536+1.p","CounterSatisfiable","0.00 v4.1.0","Timeout",3.007690,"CounterSatisfiable",0.052040,"CounterSatisfiable",0.015393,"Satisfiable",0.022034
result,"/home/delahayed/problems/TPTP-v9.2.1/Problems/SYN/SYN536-1.p","Satisfiable","0.00 v2.4.0","Timeout",3.012058,"Satisfiable",0.058669,"Satisfiable",0.009004,"Satisfiable",0.014850
result,"/home/delahayed/problems/TPTP-v9.2.1/Problems/SYN/SYN537+1.p","CounterSatisfiable","0.00 v4.1.0","Timeout",3.007360,"CounterSatisfiable",0.059283,"CounterSatisfiable",0.014157,"Satisfiable",0.015534
result,"/home/delahayed/problems/TPTP-v9.2.1/Problems/SYN/SYN537-1.p","Satisfiable","0.00 v2.2.1","Timeout",3.012805,"Satisfiable",0.056349,"Satisfiable",0.011020,"Satisfiable",0.028995
result,"/home/delahayed/problems/TPTP-v9.2.1/Problems/SYN/SYN538+1.p","CounterSatisfiable","0.00 v4.1.0","Timeout",3.008913,"CounterSatisfiable",0.057780,"CounterSatisfiable",0.020318,"Satisfiable",0.017274
result,"/home/delahayed/problems/TPTP-v9.2.1/Problems/SYN/SYN538-1.p","Satisfiable","0.00 v5.0.0","Timeout",3.009689,"Satisfiable",0.057097,"Timeout",3.027855,"Timeout",3.465276
result,"/home/delahayed/problems/TPTP-v9.2.1/Problems/SYN/SYN539+1.p","CounterSatisfiable","0.00 v4.1.0","Timeout",3.009219,"CounterSatisfiable",0.056687,"CounterSatisfiable",0.027976,"Satisfiable",0.108411
result,"/home/delahayed/problems/TPTP-v9.2.1/Problems/SYN/SYN539-1.p","Satisfiable","0.00 v3.1.0","Timeout",3.012666,"Satisfiable",0.054220,"Timeout",3.037477,"Timeout",3.260776
result,"/home/delahayed/problems/TPTP-v9.2.1/Problems/SYN/SYN540+1.p","CounterSatisfiable","0.00 v5.5.0","Timeout",3.008410,"CounterSatisfiable",0.055260,"CounterSatisfiable",0.017407,"Satisfiable",0.019520
result,"/home/delahayed/problems/TPTP-v9.2.1/Problems/SYN/SYN540-1.p","Satisfiable","0.00 v6.2.0","Timeout",3.008551,"Satisfiable",0.050738,"Satisfiable",0.018041,"Satisfiable",0.034702
result,"/home/delahayed/problems/TPTP-v9.2.1/Problems/SYN/SYN541+1.p","CounterSatisfiable","0.00 v4.1.0","Timeout",3.012653,"CounterSatisfiable",0.052807,"CounterSatisfiable",0.020988,"Satisfiable",0.041088
result,"/home/delahayed/problems/TPTP-v9.2.1/Problems/SYN/SYN541-1.p","Satisfiable","0.00 v3.2.0","Timeout",3.008534,"Satisfiable",0.052061,"Satisfiable",0.035682,"Timeout",4.829792
result,"/home/delahayed/problems/TPTP-v9.2.1/Problems/SYN/SYN542+1.p","CounterSatisfiable","0.00 v5.5.0","Timeout",3.008804,"CounterSatisfiable",0.100875,"Timeout",3.046689,"Satisfiable",0.038461
result,"/home/delahayed/problems/TPTP-v9.2.1/Problems/SYN/SYN542-1.p","Satisfiable","0.00 v7.3.0","Timeout",3.007648,"Satisfiable",0.113262,"Timeout",3.045758,"Timeout",4.485436
result,"/home/delahayed/problems/TPTP-v9.2.1/Problems/SYN/SYN543+1.p","CounterSatisfiable","0.00 v5.5.0","Timeout",3.009115,"CounterSatisfiable",0.103227,"Timeout",3.043504,"Satisfiable",0.149477
result,"/home/delahayed/problems/TPTP-v9.2.1/Problems/SYN/SYN543-1.p","Satisfiable","0.00 v7.3.0","Timeout",3.007931,"Satisfiable",0.111326,"Timeout",3.041823,"Timeout",3.511384
result,"/home/delahayed/problems/TPTP-v9.2.1/Problems/SYN/SYN544+1.p","CounterSatisfiable","0.00 v6.0.0","Timeout",3.015503,"CounterSatisfiable",0.077088,"CounterSatisfiable",0.112322,"Satisfiable",0.211526
result,"/home/delahayed/problems/TPTP-v9.2.1/Problems/SYN/SYN544-1.p","Satisfiable","0.00 v6.2.0","Timeout",3.010202,"Satisfiable",0.072282,"Timeout",3.027829,"Timeout",3.343684
result,"/home/delahayed/problems/TPTP-v9.2.1/Problems/SYN/SYN545+1.p","CounterSatisfiable","0.00 v5.5.0","Timeout",3.014882,"CounterSatisfiable",0.057622,"Timeout",3.046003,"Timeout",3.424749
result,"/home/delahayed/problems/TPTP-v9.2.1/Problems/SYN/SYN545-1.p","Satisfiable","0.00 v7.3.0","Timeout",3.010737,"Satisfiable",0.067982,"Timeout",3.026029,"Timeout",3.966754
result,"/home/delahayed/problems/TPTP-v9.2.1/Problems/SYN/SYN546+1.p","CounterSatisfiable","0.00 v5.5.0","Timeout",3.015025,"CounterSatisfiable",0.088379,"Timeout",3.041659,"Satisfiable",0.282565
result,"/home/delahayed/problems/TPTP-v9.2.1/Problems/SYN/SYN546-1.p","Satisfiable","0.00 v7.3.0","Timeout",3.141494,"Satisfiable",0.096425,"Timeout",3.030333,"Timeout",4.234235
result,"/home/delahayed/problems/TPTP-v9.2.1/Problems/SYN/SYN547+1.p","CounterSatisfiable","0.00 v5.5.0","Timeout",3.016883,"CounterSatisfiable",0.067554,"CounterSatisfiable",0.825452,"Satisfiable",0.077705
result,"/home/delahayed/problems/TPTP-v9.2.1/Problems/SYN/SYN547-1.p","Satisfiable","0.00 v7.3.0","Timeout",3.015147,"Satisfiable",0.069638,"Satisfiable",0.306064,"Timeout",3.647223
result,"/home/delahayed/problems/TPTP-v9.2.1/Problems/SYN/SYN548+1.p","Theorem","0.25 v9.1.0","Timeout",3.017440,"Theorem",0.991483,"Timeout",3.054985,"Unsatisfiable",3.093768
result,"/home/delahayed/problems/TPTP-v9.2.1/Problems/SYN/SYN549+1.p","Theorem","0.15 v9.1.0","Timeout",3.009210,"Theorem",0.081355,"Timeout",3.050529,"Unsatisfiable",0.017064
result,"/home/delahayed/problems/TPTP-v9.2.1/Problems/SYN/SYN550+1.p","Theorem","0.15 v9.1.0","Timeout",3.007273,"Theorem",0.040988,"Timeout",3.049603,"Unsatisfiable",0.211456
result,"/home/delahayed/problems/TPTP-v9.2.1/Problems/SYN/SYN551+1.p","Theorem","0.09 v9.1.0","Timeout",3.007113,"Theorem",0.037050,"Theorem",0.508091,"Satisfiable",0.015040
result,"/home/delahayed/problems/TPTP-v9.2.1/Problems/SYN/SYN552-1.p","Satisfiable","0.00 v6.1.0","GaveUp",0.006060,"Satisfiable",0.012384,"Satisfiable",0.004394,"Satisfiable",0.013565
result,"/home/delahayed/problems/TPTP-v9.2.1/Problems/SYN/SYN553-1.p","Unsatisfiable","0.06 v9.1.0","Unsatisfiable",0.012880,"Unsatisfiable",0.011410,"Unsatisfiable",0.005481,"Timeout",4.228737
result,"/home/delahayed/problems/TPTP-v9.2.1/Problems/SYN/SYN554-1.p","Unsatisfiable","0.00 v2.5.0","Unsatisfiable",0.010733,"Unsatisfiable",0.033771,"Unsatisfiable",0.005303,"Timeout",3.691237
result,"/home/delahayed/problems/TPTP-v9.2.1/Problems/SYN/SYN555-1.p","Unsatisfiable","0.00 v5.3.0","Unsatisfiable",0.010465,"Unsatisfiable",0.034473,"Unsatisfiable",0.008903,"Timeout",3.414021
result,"/home/delahayed/problems/TPTP-v9.2.1/Problems/SYN/SYN556-1.p","Unsatisfiable","0.29 v9.1.0","Timeout",3.011815,"Unsatisfiable",0.037235,"Timeout",3.051943,"Timeout",3.508659
result,"/home/delahayed/problems/TPTP-v9.2.1/Problems/SYN/SYN557-1.p","Unsatisfiable","0.06 v9.1.0","Timeout",3.013680,"Unsatisfiable",0.037475,"Unsatisfiable",0.006100,"Timeout",4.250658
result,"/home/delahayed/problems/TPTP-v9.2.1/Problems/SYN/SYN558-1.p","Unsatisfiable","0.06 v9.1.0","Timeout",3.009508,"Unsatisfiable",0.064701,"Unsatisfiable",0.015951,"Timeout",4.075633
result,"/home/delahayed/problems/TPTP-v9.2.1/Problems/SYN/SYN559-1.p","Unsatisfiable","0.06 v9.1.0","Timeout",3.019447,"Unsatisfiable",0.029068,"Unsatisfiable",0.014038,"Timeout",4.895494
result,"/home/delahayed/problems/TPTP-v9.2.1/Problems/SYN/SYN560-1.p","Unsatisfiable","0.00 v9.1.0","Unsatisfiable",0.041388,"Unsatisfiable",0.062273,"Unsatisfiable",0.009599,"Timeout",3.996373
result,"/home/delahayed/problems/TPTP-v9.2.1/Problems/SYN/SYN561-1.p","Unsatisfiable","0.06 v9.1.0","Timeout",3.016090,"Unsatisfiable",0.038727,"Unsatisfiable",0.006125,"Timeout",3.110808
result,"/home/delahayed/problems/TPTP-v9.2.1/Problems/SYN/SYN562-1.p","Unsatisfiable","0.06 v9.1.0","Unsatisfiable",0.019478,"Unsatisfiable",0.033710,"Unsatisfiable",0.006631,"Timeout",3.335800
result,"/home/delahayed/problems/TPTP-v9.2.1/Problems/SYN/SYN563-1.p","Unsatisfiable","0.06 v9.1.0","Timeout",3.015782,"Unsatisfiable",0.078534,"Unsatisfiable",0.300422,"Unsatisfiable",2.113522
result,"/home/delahayed/problems/TPTP-v9.2.1/Problems/SYN/SYN564-1.p","Unsatisfiable","0.06 v9.1.0","Timeout",3.009645,"Unsatisfiable",0.027394,"Unsatisfiable",0.143268,"Timeout",3.514115
result,"/home/delahayed/problems/TPTP-v9.2.1/Problems/SYN/SYN565-1.p","Unsatisfiable","0.06 v9.1.0","Timeout",3.009907,"Unsatisfiable",0.123144,"Unsatisfiable",0.148600,"Timeout",3.405074
result,"/home/delahayed/problems/TPTP-v9.2.1/Problems/SYN/SYN566-1.p","Unsatisfiable","0.06 v9.1.0","Unsatisfiable",0.020564,"Unsatisfiable",0.042964,"Unsatisfiable",0.006840,"Timeout",3.536836
result,"/home/delahayed/problems/TPTP-v9.2.1/Problems/SYN/SYN567-1.p","Unsatisfiable","0.00 v2.5.0","Unsatisfiable",0.008349,"Unsatisfiable",0.036056,"Unsatisfiable",0.009063,"Timeout",4.180785
result,"/home/delahayed/problems/TPTP-v9.2.1/Problems/SYN/SYN568-1.p","Unsatisfiable","0.00 v2.6.0","Unsatisfiable",0.017285,"Unsatisfiable",0.030805,"Unsatisfiable",0.005337,"Timeout",3.219973
result,"/home/delahayed/problems/TPTP-v9.2.1/Problems/SYN/SYN569-1.p","Unsatisfiable","0.06 v9.1.0","Unsatisfiable",0.774483,"Unsatisfiable",0.043894,"Unsatisfiable",0.224453,"Timeout",4.576096
result,"/home/delahayed/problems/TPTP-v9.2.1/Problems/SYN/SYN570-1.p","Unsatisfiable","0.00 v5.4.0","Unsatisfiable",0.015728,"Unsatisfiable",0.035397,"Unsatisfiable",0.012163,"Unsatisfiable",0.058156
result,"/home/delahayed/problems/TPTP-v9.2.1/Problems/SYN/SYN571-1.p","Unsatisfiable","0.08 v9.1.0","Timeout",3.010913,"Unsatisfiable",0.070809,"Unsatisfiable",0.261493,"Timeout",3.915229
result,"/home/delahayed/problems/TPTP-v9.2.1/Problems/SYN/SYN572-1.p","Unsatisfiable","0.18 v9.1.0","Timeout",3.018069,"Unsatisfiable",0.438268,"Unsatisfiable",2.104154,"Timeout",3.310975
result,"/home/delahayed/problems/TPTP-v9.2.1/Problems/SYN/SYN573-1.p","Unsatisfiable","0.00 v9.1.0","Unsatisfiable",0.013252,"Unsatisfiable",0.033891,"Unsatisfiable",0.026916,"Timeout",3.352452
result,"/home/delahayed/problems/TPTP-v9.2.1/Problems/SYN/SYN574-1.p","Unsatisfiable","0.00 v6.3.0","Unsatisfiable",0.091202,"Unsatisfiable",0.061866,"Unsatisfiable",0.061619,"Timeout",3.478925
result,"/home/delahayed/problems/TPTP-v9.2.1/Problems/SYN/SYN575-1.p","Unsatisfiable","0.00 v7.1.0","Unsatisfiable",0.138901,"Unsatisfiable",0.056604,"Unsatisfiable",0.069069,"Timeout",3.706562
result,"/home/delahayed/problems/TPTP-v9.2.1/Problems/SYN/SYN576-1.p","Unsatisfiable","0.23 v9.1.0","Timeout",3.010279,"Unsatisfiable",0.036629,"Timeout",3.044783,"Timeout",3.388458
result,"/home/delahayed/problems/TPTP-v9.2.1/Problems/SYN/SYN577-1.p","Unsatisfiable","0.18 v9.1.0","Timeout",3.008381,"Unsatisfiable",0.042682,"Unsatisfiable",0.007406,"Timeout",4.676465
result,"/home/delahayed/problems/TPTP-v9.2.1/Problems/SYN/SYN578-1.p","Unsatisfiable","0.00 v7.1.0","Timeout",3.008524,"Unsatisfiable",0.078341,"Unsatisfiable",0.012463,"Unsatisfiable",2.602421
result,"/home/delahayed/problems/TPTP-v9.2.1/Problems/SYN/SYN579-1.p","Unsatisfiable","0.00 v7.1.0","Timeout",3.010199,"Unsatisfiable",0.068398,"Unsatisfiable",0.009089,"Unsatisfiable",1.516132
result,"/home/delahayed/problems/TPTP-v9.2.1/Problems/SYN/SYN580-1.p","Unsatisfiable","0.00 v6.3.0","Unsatisfiable",0.084299,"Unsatisfiable",0.034689,"Unsatisfiable",0.172439,"Unsatisfiable",0.029595
result,"/home/delahayed/problems/TPTP-v9.2.1/Problems/SYN/SYN581-1.p","Unsatisfiable","0.00 v2.5.0","Unsatisfiable",0.041492,"Unsatisfiable",0.011791,"Unsatisfiable",0.027145,"Timeout",3.505128
result,"/home/delahayed/problems/TPTP-v9.2.1/Problems/SYN/SYN582-1.p","Unsatisfiable","0.00 v2.5.0","Unsatisfiable",0.027166,"Unsatisfiable",0.031676,"Unsatisfiable",0.007414,"Timeout",3.677775
result,"/home/delahayed/problems/TPTP-v9.2.1/Problems/SYN/SYN583-1.p","Unsatisfiable","0.00 v5.0.0","Unsatisfiable",0.033031,"Unsatisfiable",0.042372,"Unsatisfiable",0.011920,"Timeout",3.761775
result,"/home/delahayed/problems/TPTP-v9.2.1/Problems/SYN/SYN584-1.p","Unsatisfiable","0.00 v6.1.0","Unsatisfiable",0.012597,"Unsatisfiable",0.036087,"Unsatisfiable",0.032467,"Timeout",4.308865
result,"/home/delahayed/problems/TPTP-v9.2.1/Problems/SYN/SYN585-1.p","Unsatisfiable","0.08 v9.1.0","Timeout",3.012066,"Unsatisfiable",0.035974,"Unsatisfiable",1.113514,"Timeout",4.998228
result,"/home/delahayed/problems/TPTP-v9.2.1/Problems/SYN/SYN586-1.p","Unsatisfiable","0.08 v9.1.0","Unsatisfiable",0.061453,"Unsatisfiable",0.038313,"Unsatisfiable",0.399992,"Timeout",3.633599
result,"/home/delahayed/problems/TPTP-v9.2.1/Problems/SYN/SYN587-1.p","Unsatisfiable","0.00 v6.0.0","Unsatisfiable",0.038151,"Unsatisfiable",0.035831,"Unsatisfiable",2.339503,"Timeout",3.249134
result,"/home/delahayed/problems/TPTP-v9.2.1/Problems/SYN/SYN588-1.p","Unsatisfiable","0.06 v9.1.0","Unsatisfiable",0.024665,"Unsatisfiable",0.031637,"Unsatisfiable",0.006993,"Timeout",4.083415
result,"/home/delahayed/problems/TPTP-v9.2.1/Problems/SYN/SYN589-1.p","Unsatisfiable","0.06 v9.1.0","Unsatisfiable",0.024643,"Unsatisfiable",0.037282,"Unsatisfiable",0.007395,"Timeout",3.887641
result,"/home/delahayed/problems/TPTP-v9.2.1/Problems/SYN/SYN590-1.p","Unsatisfiable","0.00 v5.3.0","Unsatisfiable",1.430344,"Unsatisfiable",0.035734,"Unsatisfiable",0.009084,"Unsatisfiable",1.510109
result,"/home/delahayed/problems/TPTP-v9.2.1/Problems/SYN/SYN591-1.p","Unsatisfiable","0.00 v7.1.0","Unsatisfiable",1.508587,"Unsatisfiable",0.032561,"Unsatisfiable",0.086894,"Timeout",3.947220
result,"/home/delahayed/problems/TPTP-v9.2.1/Problems/SYN/SYN592-1.p","Unsatisfiable","0.00 v7.1.0","Unsatisfiable",0.103455,"Unsatisfiable",0.032634,"Unsatisfiable",0.087249,"Timeout",3.134555
result,"/home/delahayed/problems/TPTP-v9.2.1/Problems/SYN/SYN593-1.p","Unsatisfiable","0.00 v2.5.0","Unsatisfiable",0.031530,"Unsatisfiable",0.036684,"Unsatisfiable",0.006963,"Unsatisfiable",0.017738
result,"/home/delahayed/problems/TPTP-v9.2.1/Problems/SYN/SYN594-1.p","Unsatisfiable","0.00 v2.5.0","Unsatisfiable",0.083904,"Unsatisfiable",0.011808,"Unsatisfiable",0.007127,"Timeout",3.378802
result,"/home/delahayed/problems/TPTP-v9.2.1/Problems/SYN/SYN595-1.p","Unsatisfiable","0.00 v9.1.0","Unsatisfiable",0.032770,"Unsatisfiable",0.034834,"Unsatisfiable",0.006446,"Timeout",4.019605
result,"/home/delahayed/problems/TPTP-v9.2.1/Problems/SYN/SYN596-1.p","Unsatisfiable","0.00 v5.3.0","Unsatisfiable",0.018041,"Unsatisfiable",0.034757,"Unsatisfiable",0.006577,"Timeout",3.313089
result,"/home/delahayed/problems/TPTP-v9.2.1/Problems/SYN/SYN597-1.p","Unsatisfiable","0.41 v9.1.0","Unsatisfiable",0.023411,"Unsatisfiable",0.025254,"Timeout",3.054387,"Timeout",4.281789
result,"/home/delahayed/problems/TPTP-v9.2.1/Problems/SYN/SYN598-1.p","Unsatisfiable","0.24 v9.1.0","Unsatisfiable",0.020917,"Unsatisfiable",0.040034,"Unsatisfiable",0.925429,"Timeout",3.812590
result,"/home/delahayed/problems/TPTP-v9.2.1/Problems/SYN/SYN599-1.p","Unsatisfiable","0.29 v9.1.0","Unsatisfiable",0.017539,"Unsatisfiable",0.030094,"Timeout",3.062708,"Timeout",3.477219
result,"/home/delahayed/problems/TPTP-v9.2.1/Problems/SYN/SYN600-1.p","Unsatisfiable","0.24 v9.1.0","Timeout",3.009117,"Unsatisfiable",0.039463,"Unsatisfiable",0.045795,"Timeout",4.899427
result,"/home/delahayed/problems/TPTP-v9.2.1/Problems/SYN/SYN601-1.p","Unsatisfiable","0.24 v9.1.0","Unsatisfiable",0.022894,"Unsatisfiable",0.031196,"Unsatisfiable",0.272640,"Timeout",4.509697
result,"/home/delahayed/problems/TPTP-v9.2.1/Problems/SYN/SYN602-1.p","Unsatisfiable","0.18 v9.1.0","Timeout",3.009845,"Unsatisfiable",0.067572,"Unsatisfiable",0.862858,"Timeout",4.465357
result,"/home/delahayed/problems/TPTP-v9.2.1/Problems/SYN/SYN603-1.p","Unsatisfiable","0.18 v9.1.0","Timeout",3.009812,"Unsatisfiable",0.095102,"Unsatisfiable",1.111330,"Timeout",3.679619
result,"/home/delahayed/problems/TPTP-v9.2.1/Problems/SYN/SYN604-1.p","Unsatisfiable","0.00 v9.1.0","Unsatisfiable",1.729734,"Unsatisfiable",0.116845,"Unsatisfiable",0.013183,"Timeout",3.124038
result,"/home/delahayed/problems/TPTP-v9.2.1/Problems/SYN/SYN605-1.p","Unsatisfiable","0.00 v9.1.0","Unsatisfiable",0.029311,"Unsatisfiable",0.036832,"Unsatisfiable",0.730353,"Timeout",3.403510
result,"/home/delahayed/problems/TPTP-v9.2.1/Problems/SYN/SYN606-1.p","Unsatisfiable","0.00 v9.1.0","Unsatisfiable",0.033804,"Unsatisfiable",0.038741,"Unsatisfiable",0.668515,"Timeout",3.086122
result,"/home/delahayed/problems/TPTP-v9.2.1/Problems/SYN/SYN607-1.p","Unsatisfiable","0.00 v9.1.0","Unsatisfiable",0.029379,"Unsatisfiable",0.034536,"Unsatisfiable",0.727528,"Timeout",3.119602
result,"/home/delahayed/problems/TPTP-v9.2.1/Problems/SYN/SYN608-1.p","Unsatisfiable","0.00 v9.1.0","Unsatisfiable",0.029823,"Unsatisfiable",0.036679,"Unsatisfiable",0.842439,"Timeout",5.190465
result,"/home/delahayed/problems/TPTP-v9.2.1/Problems/SYN/SYN609-1.p","Unsatisfiable","0.08 v9.1.0","Unsatisfiable",0.041636,"Unsatisfiable",0.038082,"Unsatisfiable",0.727267,"Timeout",3.296930
result,"/home/delahayed/problems/TPTP-v9.2.1/Problems/SYN/SYN610-1.p","Unsatisfiable","0.08 v9.1.0","Unsatisfiable",0.042788,"Unsatisfiable",0.043556,"Unsatisfiable",0.850905,"Timeout",3.281672
result,"/home/delahayed/problems/TPTP-v9.2.1/Problems/SYN/SYN611-1.p","Unsatisfiable","0.08 v9.1.0","Unsatisfiable",0.040667,"Unsatisfiable",0.035959,"Unsatisfiable",0.767795,"Timeout",3.340565
result,"/home/delahayed/problems/TPTP-v9.2.1/Problems/SYN/SYN612-1.p","Unsatisfiable","0.08 v9.1.0","Unsatisfiable",0.039863,"Unsatisfiable",0.040603,"Unsatisfiable",0.656756,"Timeout",3.064226
result,"/home/delahayed/problems/TPTP-v9.2.1/Problems/SYN/SYN613-1.p","Unsatisfiable","0.00 v5.0.0","Unsatisfiable",0.082133,"Unsatisfiable",0.032736,"Unsatisfiable",0.065696,"Timeout",3.111044
result,"/home/delahayed/problems/TPTP-v9.2.1/Problems/SYN/SYN614-1.p","Unsatisfiable","0.47 v9.0.0","Timeout",3.038857,"Unsatisfiable",0.096838,"Timeout",3.048624,"Timeout",3.597021
result,"/home/delahayed/problems/TPTP-v9.2.1/Problems/SYN/SYN615-1.p","Unsatisfiable","0.71 v9.1.0","Timeout",3.010751,"Unsatisfiable",0.039526,"Timeout",3.053547,"Timeout",3.664527
result,"/home/delahayed/problems/TPTP-v9.2.1/Problems/SYN/SYN616-1.p","Unsatisfiable","0.53 v9.1.0","Unsatisfiable",0.186512,"Unsatisfiable",0.039117,"Timeout",3.057188,"Timeout",4.601042
result,"/home/delahayed/problems/TPTP-v9.2.1/Problems/SYN/SYN617-1.p","Unsatisfiable","0.59 v9.1.0","Unsatisfiable",0.174082,"Unsatisfiable",0.058803,"Timeout",3.054368,"Timeout",4.048096
result,"/home/delahayed/problems/TPTP-v9.2.1/Problems/SYN/SYN618-1.p","Unsatisfiable","0.00 v5.3.0","Unsatisfiable",0.052194,"Unsatisfiable",0.042908,"Unsatisfiable",0.013954,"Timeout",3.437932
result,"/home/delahayed/problems/TPTP-v9.2.1/Problems/SYN/SYN619-1.p","Unsatisfiable","0.08 v9.1.0","Unsatisfiable",0.094255,"Unsatisfiable",0.035104,"Unsatisfiable",0.006957,"Unsatisfiable",0.070344
result,"/home/delahayed/problems/TPTP-v9.2.1/Problems/SYN/SYN620-1.p","Unsatisfiable","0.00 v6.3.0","Unsatisfiable",0.036956,"Unsatisfiable",0.014657,"Unsatisfiable",1.994076,"Timeout",3.460156
result,"/home/delahayed/problems/TPTP-v9.2.1/Problems/SYN/SYN621-1.p","Unsatisfiable","0.08 v9.1.0","Unsatisfiable",0.023438,"Unsatisfiable",0.038776,"Unsatisfiable",0.022180,"Unsatisfiable",0.254693
result,"/home/delahayed/problems/TPTP-v9.2.1/Problems/SYN/SYN622-1.p","Unsatisfiable","0.00 v9.1.0","Timeout",3.009111,"Unsatisfiable",0.035213,"Unsatisfiable",0.215907,"Timeout",4.443006
result,"/home/delahayed/problems/TPTP-v9.2.1/Problems/SYN/SYN623-1.p","Unsatisfiable","0.00 v7.0.0","Unsatisfiable",0.176650,"Unsatisfiable",0.042724,"Unsatisfiable",0.023610,"Timeout",3.095036
result,"/home/delahayed/problems/TPTP-v9.2.1/Problems/SYN/SYN624-1.p","Unsatisfiable","0.08 v9.1.0","Timeout",3.012613,"Unsatisfiable",0.032276,"Unsatisfiable",0.941831,"Timeout",3.718847
result,"/home/delahayed/problems/TPTP-v9.2.1/Problems/SYN/SYN625-1.p","Unsatisfiable","0.00 v7.1.0","Unsatisfiable",0.156153,"Unsatisfiable",0.283271,"Unsatisfiable",0.007408,"Timeout",4.661002
result,"/home/delahayed/problems/TPTP-v9.2.1/Problems/SYN/SYN626-1.p","Unsatisfiable","0.00 v2.5.0","Unsatisfiable",0.016093,"Unsatisfiable",0.032252,"Unsatisfiable",0.012208,"Timeout",4.474098
result,"/home/delahayed/problems/TPTP-v9.2.1/Problems/SYN/SYN627-1.p","Unsatisfiable","0.00 v5.0.0","Timeout",3.008958,"Unsatisfiable",0.083835,"Unsatisfiable",0.037443,"Timeout",3.779184
result,"/home/delahayed/problems/TPTP-v9.2.1/Problems/SYN/SYN628-1.p","Unsatisfiable","0.29 v9.1.0","Timeout",3.016671,"Unsatisfiable",0.036152,"Timeout",3.057695,"Timeout",4.634442
result,"/home/delahayed/problems/TPTP-v9.2.1/Problems/SYN/SYN629-1.p","Unsatisfiable","0.47 v9.1.0","Timeout",3.009467,"Unsatisfiable",0.038129,"Timeout",3.060098,"Timeout",4.591409
result,"/home/delahayed/problems/TPTP-v9.2.1/Problems/SYN/SYN630-1.p","Unsatisfiable","0.00 v4.0.0","Unsatisfiable",0.098810,"Unsatisfiable",0.035322,"Unsatisfiable",0.017003,"Unsatisfiable",0.045475
result,"/home/delahayed/problems/TPTP-v9.2.1/Problems/SYN/SYN631-1.p","Unsatisfiable","0.24 v9.1.0","Timeout",3.008795,"Unsatisfiable",0.061501,"Unsatisfiable",0.604363,"Timeout",3.804407
result,"/home/delahayed/problems/TPTP-v9.2.1/Problems/SYN/SYN632-1.p","Unsatisfiable","0.00 v5.3.0","Unsatisfiable",0.047664,"Unsatisfiable",0.036841,"Unsatisfiable",0.047407,"Timeout",5.037002
result,"/home/delahayed/problems/TPTP-v9.2.1/Problems/SYN/SYN633-1.p","Unsatisfiable","0.08 v9.1.0","Unsatisfiable",0.085962,"Unsatisfiable",0.034775,"Unsatisfiable",0.014379,"Unsatisfiable",0.280000
result,"/home/delahayed/problems/TPTP-v9.2.1/Problems/SYN/SYN634-1.p","Unsatisfiable","0.08 v9.1.0","Unsatisfiable",0.086163,"Unsatisfiable",0.011813,"Unsatisfiable",0.011664,"Unsatisfiable",0.403039
result,"/home/delahayed/problems/TPTP-v9.2.1/Problems/SYN/SYN635-1.p","Unsatisfiable","0.08 v9.1.0","Unsatisfiable",0.084483,"Unsatisfiable",0.011907,"Unsatisfiable",0.011794,"Unsatisfiable",0.184959
result,"/home/delahayed/problems/TPTP-v9.2.1/Problems/SYN/SYN636-1.p","Unsatisfiable","0.08 v9.1.0","Unsatisfiable",0.081640,"Unsatisfiable",0.035795,"Unsatisfiable",0.008990,"Unsatisfiable",0.375113
result,"/home/delahayed/problems/TPTP-v9.2.1/Problems/SYN/SYN637-1.p","Unsatisfiable","0.00 v8.1.0","Unsatisfiable",0.032491,"Unsatisfiable",0.013016,"Unsatisfiable",0.008263,"Timeout",4.673416
result,"/home/delahayed/problems/TPTP-v9.2.1/Problems/SYN/SYN638-1.p","Unsatisfiable","0.00 v8.1.0","Unsatisfiable",0.033442,"Unsatisfiable",0.036770,"Unsatisfiable",0.009048,"Timeout",3.381748
result,"/home/delahayed/problems/TPTP-v9.2.1/Problems/SYN/SYN639-1.p","Unsatisfiable","0.24 v9.1.0","Timeout",3.013335,"Unsatisfiable",0.099785,"Unsatisfiable",0.359278,"Timeout",3.439458
result,"/home/delahayed/problems/TPTP-v9.2.1/Problems/SYN/SYN640-1.p","Unsatisfiable","0.24 v9.1.0","Timeout",3.013801,"Unsatisfiable",0.099527,"Unsatisfiable",0.384268,"Timeout",3.486580
result,"/home/delahayed/problems/TPTP-v9.2.1/Problems/SYN/SYN641-1.p","Unsatisfiable","0.00 v7.1.0","Unsatisfiable",0.660304,"Unsatisfiable",0.041114,"Unsatisfiable",0.067993,"Timeout",3.890634
result,"/home/delahayed/problems/TPTP-v9.2.1/Problems/SYN/SYN642-1.p","Unsatisfiable","0.00 v7.1.0","Unsatisfiable",1.257815,"Unsatisfiable",0.031496,"Unsatisfiable",0.054959,"Timeout",3.603961
result,"/home/delahayed/problems/TPTP-v9.2.1/Problems/SYN/SYN643-1.p","Unsatisfiable","0.00 v7.1.0","Unsatisfiable",0.352112,"Unsatisfiable",0.037909,"Unsatisfiable",0.072733,"Timeout",3.843723
result,"/home/delahayed/problems/TPTP-v9.2.1/Problems/SYN/SYN644-1.p","Unsatisfiable","0.15 v9.1.0","Timeout",3.009012,"Unsatisfiable",0.104554,"Timeout",3.045426,"Timeout",3.857584
result,"/home/delahayed/problems/TPTP-v9.2.1/Problems/SYN/SYN645-1.p","Unsatisfiable","0.15 v9.1.0","Timeout",3.009846,"Unsatisfiable",0.109587,"Unsatisfiable",0.025653,"Timeout",3.960393
result,"/home/delahayed/problems/TPTP-v9.2.1/Problems/SYN/SYN646-1.p","Unsatisfiable","0.24 v9.1.0","Timeout",3.012089,"Unsatisfiable",0.078284,"Unsatisfiable",0.007600,"Timeout",3.076654
result,"/home/delahayed/problems/TPTP-v9.2.1/Problems/SYN/SYN647-1.p","Unsatisfiable","0.24 v9.1.0","Timeout",3.012183,"Unsatisfiable",0.083651,"Unsatisfiable",0.015711,"Timeout",3.846761
result,"/home/delahayed/problems/TPTP-v9.2.1/Problems/SYN/SYN648-1.p","Unsatisfiable","0.08 v9.1.0","Unsatisfiable",0.140439,"Unsatisfiable",0.032590,"Unsatisfiable",0.007730,"Timeout",3.941862
result,"/home/delahayed/problems/TPTP-v9.2.1/Problems/SYN/SYN649-1.p","Unsatisfiable","0.06 v9.1.0","Unsatisfiable",0.310783,"Unsatisfiable",0.041767,"Unsatisfiable",0.010136,"Timeout",5.225359
result,"/home/delahayed/problems/TPTP-v9.2.1/Problems/SYN/SYN650-1.p","Unsatisfiable","0.23 v9.1.0","Timeout",3.010487,"Unsatisfiable",1.098731,"Timeout",3.043302,"Timeout",3.844822
result,"/home/delahayed/problems/TPTP-v9.2.1/Problems/SYN/SYN651-1.p","Unsatisfiable","0.00 v5.4.0","Unsatisfiable",0.059187,"Unsatisfiable",0.036108,"Unsatisfiable",0.637870,"Timeout",5.143666
result,"/home/delahayed/problems/TPTP-v9.2.1/Problems/SYN/SYN652-1.p","Unsatisfiable","0.00 v5.4.0","Unsatisfiable",0.071558,"Unsatisfiable",0.033969,"Unsatisfiable",0.034619,"Timeout",3.600077
result,"/home/delahayed/problems/TPTP-v9.2.1/Problems/SYN/SYN653-1.p","Unsatisfiable","0.12 v9.1.0","Timeout",3.007284,"Unsatisfiable",0.085559,"Unsatisfiable",0.018649,"Timeout",3.314279
result,"/home/delahayed/problems/TPTP-v9.2.1/Problems/SYN/SYN654-1.p","Unsatisfiable","0.06 v9.1.0","Timeout",3.012025,"Unsatisfiable",0.041495,"Unsatisfiable",1.885153,"Timeout",3.347807
result,"/home/delahayed/problems/TPTP-v9.2.1/Problems/SYN/SYN655-1.p","Unsatisfiable","0.06 v9.1.0","Timeout",3.475086,"Unsatisfiable",0.057949,"Unsatisfiable",1.894804,"Timeout",3.448250
result,"/home/delahayed/problems/TPTP-v9.2.1/Problems/SYN/SYN656-1.p","Unsatisfiable","0.00 v7.1.0","Unsatisfiable",0.069611,"Unsatisfiable",0.039022,"Unsatisfiable",0.009400,"Timeout",3.809848
result,"/home/delahayed/problems/TPTP-v9.2.1/Problems/SYN/SYN657-1.p","Unsatisfiable","0.08 v9.1.0","Unsatisfiable",0.077771,"Unsatisfiable",0.036451,"Unsatisfiable",0.063304,"Timeout",3.308670
result,"/home/delahayed/problems/TPTP-v9.2.1/Problems/SYN/SYN658-1.p","Unsatisfiable","0.08 v9.1.0","Unsatisfiable",0.084810,"Unsatisfiable",0.034592,"Timeout",3.046903,"Timeout",3.555237
result,"/home/delahayed/problems/TPTP-v9.2.1/Problems/SYN/SYN659-1.p","Unsatisfiable","0.00 v5.5.0","Unsatisfiable",0.042828,"Unsatisfiable",0.034098,"Unsatisfiable",0.091186,"Timeout",3.220273
result,"/home/delahayed/problems/TPTP-v9.2.1/Problems/SYN/SYN660-1.p","Unsatisfiable","0.00 v7.1.0","Unsatisfiable",0.054905,"Unsatisfiable",0.038302,"Unsatisfiable",0.036141,"Timeout",3.396691
result,"/home/delahayed/problems/TPTP-v9.2.1/Problems/SYN/SYN661-1.p","Unsatisfiable","0.00 v7.4.0","Unsatisfiable",0.090578,"Unsatisfiable",0.040397,"Unsatisfiable",0.033456,"Timeout",4.587560
result,"/home/delahayed/problems/TPTP-v9.2.1/Problems/SYN/SYN662-1.p","Unsatisfiable","0.00 v7.1.0","Unsatisfiable",0.052760,"Unsatisfiable",0.039674,"Unsatisfiable",0.030351,"Timeout",4.471884
result,"/home/delahayed/problems/TPTP-v9.2.1/Problems/SYN/SYN663-1.p","Unsatisfiable","0.00 v5.0.0","Unsatisfiable",0.087085,"Unsatisfiable",0.043057,"Unsatisfiable",0.032763,"Timeout",4.779516
result,"/home/delahayed/problems/TPTP-v9.2.1/Problems/SYN/SYN664-1.p","Unsatisfiable","0.00 v7.1.0","Unsatisfiable",0.054382,"Unsatisfiable",0.037491,"Unsatisfiable",0.036712,"Timeout",3.568472
result,"/home/delahayed/problems/TPTP-v9.2.1/Problems/SYN/SYN665-1.p","Unsatisfiable","0.00 v7.1.0","Unsatisfiable",0.096520,"Unsatisfiable",0.050738,"Unsatisfiable",0.046902,"Timeout",3.575148
result,"/home/delahayed/problems/TPTP-v9.2.1/Problems/SYN/SYN666-1.p","Unsatisfiable","0.00 v2.5.0","Unsatisfiable",0.046630,"Unsatisfiable",0.037168,"Unsatisfiable",0.017109,"Timeout",3.857233
result,"/home/delahayed/problems/TPTP-v9.2.1/Problems/SYN/SYN667-1.p","Unsatisfiable","0.00 v2.5.0","Unsatisfiable",0.081776,"Unsatisfiable",0.037944,"Unsatisfiable",0.017485,"Timeout",3.063776
result,"/home/delahayed/problems/TPTP-v9.2.1/Problems/SYN/SYN668-1.p","Unsatisfiable","0.00 v2.5.0","Unsatisfiable",0.047400,"Unsatisfiable",0.034649,"Unsatisfiable",0.016787,"Timeout",3.860399
result,"/home/delahayed/problems/TPTP-v9.2.1/Problems/SYN/SYN669-1.p","Unsatisfiable","0.00 v2.5.0","Unsatisfiable",0.076801,"Unsatisfiable",0.029476,"Unsatisfiable",0.017321,"Timeout",3.877324
result,"/home/delahayed/problems/TPTP-v9.2.1/Problems/SYN/SYN670-1.p","Unsatisfiable","0.00 v2.5.0","Unsatisfiable",0.044586,"Unsatisfiable",0.036775,"Unsatisfiable",0.013393,"Timeout",4.001400
result,"/home/delahayed/problems/TPTP-v9.2.1/Problems/SYN/SYN671-1.p","Unsatisfiable","0.00 v2.5.0","Unsatisfiable",0.074046,"Unsatisfiable",0.035634,"Unsatisfiable",0.013476,"Timeout",4.118895
result,"/home/delahayed/problems/TPTP-v9.2.1/Problems/SYN/SYN672-1.p","Unsatisfiable","0.00 v5.2.0","Unsatisfiable",0.093342,"Unsatisfiable",0.033917,"Unsatisfiable",0.408490,"Timeout",3.141854
result,"/home/delahayed/problems/TPTP-v9.2.1/Problems/SYN/SYN673-1.p","Unsatisfiable","0.08 v9.1.0","Timeout",3.019061,"Unsatisfiable",0.033947,"Unsatisfiable",0.009553,"Timeout",3.124650
result,"/home/delahayed/problems/TPTP-v9.2.1/Problems/SYN/SYN674-1.p","Unsatisfiable","0.00 v5.0.0","Unsatisfiable",0.060184,"Unsatisfiable",0.028538,"Unsatisfiable",0.029902,"Timeout",3.073794
result,"/home/delahayed/problems/TPTP-v9.2.1/Problems/SYN/SYN675-1.p","Unsatisfiable","0.00 v5.0.0","Unsatisfiable",0.099571,"Unsatisfiable",0.035475,"Unsatisfiable",0.029879,"Timeout",3.709881
result,"/home/delahayed/problems/TPTP-v9.2.1/Problems/SYN/SYN676-1.p","Unsatisfiable","0.00 v5.0.0","Unsatisfiable",0.068803,"Unsatisfiable",0.031384,"Unsatisfiable",0.028523,"Timeout",4.231784
result,"/home/delahayed/problems/TPTP-v9.2.1/Problems/SYN/SYN677-1.p","Unsatisfiable","0.08 v9.1.0","Unsatisfiable",0.094939,"Unsatisfiable",0.034155,"Unsatisfiable",0.029321,"Timeout",4.345814
result,"/home/delahayed/problems/TPTP-v9.2.1/Problems/SYN/SYN678-1.p","Unsatisfiable","0.00 v5.0.0","Unsatisfiable",0.059450,"Unsatisfiable",0.032444,"Unsatisfiable",0.035260,"Timeout",4.164789
result,"/home/delahayed/problems/TPTP-v9.2.1/Problems/SYN/SYN679-1.p","Unsatisfiable","0.00 v7.0.0","Unsatisfiable",0.099729,"Unsatisfiable",0.032757,"Unsatisfiable",0.035229,"Timeout",4.518423
result,"/home/delahayed/problems/TPTP-v9.2.1/Problems/SYN/SYN680-1.p","Unsatisfiable","0.00 v5.0.0","Unsatisfiable",0.068576,"Unsatisfiable",0.046966,"Unsatisfiable",0.039715,"Timeout",4.147181
result,"/home/delahayed/problems/TPTP-v9.2.1/Problems/SYN/SYN681-1.p","Unsatisfiable","0.00 v5.0.0","Unsatisfiable",0.113892,"Unsatisfiable",0.046920,"Unsatisfiable",0.036460,"Timeout",3.364673
result,"/home/delahayed/problems/TPTP-v9.2.1/Problems/SYN/SYN682-1.p","Unsatisfiable","0.00 v5.0.0","Unsatisfiable",0.062163,"Unsatisfiable",0.030443,"Unsatisfiable",0.035908,"Timeout",4.114947
result,"/home/delahayed/problems/TPTP-v9.2.1/Problems/SYN/SYN683-1.p","Unsatisfiable","0.00 v5.0.0","Unsatisfiable",0.099841,"Unsatisfiable",0.033827,"Unsatisfiable",0.035400,"Timeout",4.625700
result,"/home/delahayed/problems/TPTP-v9.2.1/Problems/SYN/SYN684-1.p","Unsatisfiable","0.00 v5.0.0","Unsatisfiable",0.057875,"Unsatisfiable",0.041549,"Unsatisfiable",0.036881,"Timeout",4.220800
result,"/home/delahayed/problems/TPTP-v9.2.1/Problems/SYN/SYN685-1.p","Unsatisfiable","0.08 v9.1.0","Unsatisfiable",0.096646,"Unsatisfiable",0.036182,"Unsatisfiable",0.037795,"Timeout",3.065637
result,"/home/delahayed/problems/TPTP-v9.2.1/Problems/SYN/SYN686-1.p","Unsatisfiable","0.00 v5.4.0","Unsatisfiable",0.118106,"Unsatisfiable",0.039205,"Unsatisfiable",1.099197,"Timeout",3.207006
result,"/home/delahayed/problems/TPTP-v9.2.1/Problems/SYN/SYN687-1.p","Unsatisfiable","0.08 v9.1.0","Timeout",3.036873,"Unsatisfiable",0.043525,"Unsatisfiable",1.060594,"Timeout",3.232880
result,"/home/delahayed/problems/TPTP-v9.2.1/Problems/SYN/SYN688-1.p","Unsatisfiable","0.00 v8.1.0","Unsatisfiable",1.102180,"Unsatisfiable",0.068210,"Unsatisfiable",0.342811,"Unsatisfiable",2.862372
result,"/home/delahayed/problems/TPTP-v9.2.1/Problems/SYN/SYN689-1.p","Unsatisfiable","0.00 v8.1.0","Unsatisfiable",1.095709,"Unsatisfiable",0.073519,"Unsatisfiable",0.347631,"Timeout",3.572855
result,"/home/delahayed/problems/TPTP-v9.2.1/Problems/SYN/SYN690-1.p","Unsatisfiable","0.23 v9.1.0","Unsatisfiable",0.128941,"Unsatisfiable",0.089421,"Unsatisfiable",0.017124,"Timeout",4.145672
result,"/home/delahayed/problems/TPTP-v9.2.1/Problems/SYN/SYN691-1.p","Unsatisfiable","0.00 v5.4.0","Timeout",3.011694,"Unsatisfiable",0.038061,"Unsatisfiable",0.007759,"Timeout",3.090810
result,"/home/delahayed/problems/TPTP-v9.2.1/Problems/SYN/SYN692-1.p","Unsatisfiable","0.15 v9.1.0","Timeout",3.016123,"Unsatisfiable",0.042493,"Unsatisfiable",0.026516,"Timeout",4.695337
result,"/home/delahayed/problems/TPTP-v9.2.1/Problems/SYN/SYN693-1.p","Unsatisfiable","0.08 v9.1.0","Timeout",3.040465,"Unsatisfiable",0.040435,"Unsatisfiable",0.024401,"Timeout",3.384716
result,"/home/delahayed/problems/TPTP-v9.2.1/Problems/SYN/SYN694-1.p","Unsatisfiable","0.15 v9.1.0","Timeout",3.015748,"Unsatisfiable",0.044498,"Unsatisfiable",0.046514,"Timeout",3.530923
result,"/home/delahayed/problems/TPTP-v9.2.1/Problems/SYN/SYN695-1.p","Unsatisfiable","0.15 v9.1.0","Timeout",3.010855,"Unsatisfiable",0.041775,"Unsatisfiable",0.025106,"Timeout",4.752198
result,"/home/delahayed/problems/TPTP-v9.2.1/Problems/SYN/SYN696-1.p","Unsatisfiable","0.15 v9.1.0","Timeout",3.010818,"Unsatisfiable",0.041491,"Unsatisfiable",0.043131,"Timeout",3.206669
result,"/home/delahayed/problems/TPTP-v9.2.1/Problems/SYN/SYN697-1.p","Unsatisfiable","0.08 v9.1.0","Timeout",3.010094,"Unsatisfiable",0.042150,"Unsatisfiable",0.024289,"Timeout",3.457827
result,"/home/delahayed/problems/TPTP-v9.2.1/Problems/SYN/SYN698-1.p","Unsatisfiable","0.15 v9.1.0","Timeout",3.009629,"Unsatisfiable",0.041738,"Unsatisfiable",0.053425,"Timeout",4.075833
result,"/home/delahayed/problems/TPTP-v9.2.1/Problems/SYN/SYN699-1.p","Unsatisfiable","0.15 v9.1.0","Timeout",3.012972,"Unsatisfiable",0.052770,"Unsatisfiable",0.024541,"Timeout",3.426576
result,"/home/delahayed/problems/TPTP-v9.2.1/Problems/SYN/SYN700-1.p","Unsatisfiable","0.15 v9.1.0","Timeout",3.009949,"Unsatisfiable",0.040820,"Unsatisfiable",0.040995,"Timeout",4.208496
result,"/home/delahayed/problems/TPTP-v9.2.1/Problems/SYN/SYN701-1.p","Unsatisfiable","0.08 v9.1.0","Timeout",3.015986,"Unsatisfiable",0.057358,"Unsatisfiable",0.024843,"Timeout",3.381446
result,"/home/delahayed/problems/TPTP-v9.2.1/Problems/SYN/SYN702-1.p","Unsatisfiable","0.00 v8.1.0","Timeout",3.011728,"Unsatisfiable",0.032769,"Unsatisfiable",0.011014,"Timeout",3.873620
result,"/home/delahayed/problems/TPTP-v9.2.1/Problems/SYN/SYN703-1.p","Unsatisfiable","0.00 v8.1.0","Timeout",3.021744,"Unsatisfiable",0.039693,"Unsatisfiable",0.013142,"Timeout",3.896718
result,"/home/delahayed/problems/TPTP-v9.2.1/Problems/SYN/SYN704-1.p","Unsatisfiable","0.18 v9.1.0","Timeout",3.012682,"Unsatisfiable",0.033928,"Unsatisfiable",0.029544,"Timeout",4.668541
result,"/home/delahayed/problems/TPTP-v9.2.1/Problems/SYN/SYN705-1.p","Unsatisfiable","0.00 v8.1.0","Timeout",3.011436,"Unsatisfiable",0.042435,"Unsatisfiable",0.012184,"Timeout",3.484901
result,"/home/delahayed/problems/TPTP-v9.2.1/Problems/SYN/SYN706-1.p","Unsatisfiable","0.00 v8.1.0","Timeout",3.021540,"Unsatisfiable",0.041400,"Unsatisfiable",0.015699,"Timeout",4.025539
result,"/home/delahayed/problems/TPTP-v9.2.1/Problems/SYN/SYN707-1.p","Unsatisfiable","0.24 v9.1.0","Unsatisfiable",1.442373,"Unsatisfiable",0.056949,"Unsatisfiable",0.577060,"Timeout",3.088125
result,"/home/delahayed/problems/TPTP-v9.2.1/Problems/SYN/SYN708-1.p","Unsatisfiable","0.24 v9.1.0","Unsatisfiable",1.453698,"Unsatisfiable",0.055297,"Unsatisfiable",0.582532,"Timeout",4.834022
result,"/home/delahayed/problems/TPTP-v9.2.1/Problems/SYN/SYN709-1.p","Unsatisfiable","0.00 v8.1.0","Unsatisfiable",0.174230,"Unsatisfiable",0.030602,"Unsatisfiable",0.142343,"Timeout",3.232458
result,"/home/delahayed/problems/TPTP-v9.2.1/Problems/SYN/SYN710-1.p","Unsatisfiable","0.00 v6.3.0","Unsatisfiable",0.094234,"Unsatisfiable",0.032234,"Unsatisfiable",0.008473,"Timeout",3.723562
result,"/home/delahayed/problems/TPTP-v9.2.1/Problems/SYN/SYN711-1.p","Unsatisfiable","0.29 v9.1.0","Unsatisfiable",0.060742,"Unsatisfiable",0.037313,"Unsatisfiable",0.033413,"Timeout",3.678593
result,"/home/delahayed/problems/TPTP-v9.2.1/Problems/SYN/SYN712-1.p","Unsatisfiable","0.00 v8.1.0","Timeout",3.012473,"Unsatisfiable",0.036568,"Unsatisfiable",0.010286,"Timeout",3.732323
result,"/home/delahayed/problems/TPTP-v9.2.1/Problems/SYN/SYN713-1.p","Unsatisfiable","0.00 v7.1.0","Unsatisfiable",0.096812,"Unsatisfiable",0.032187,"Timeout",3.049098,"Timeout",3.352560
result,"/home/delahayed/problems/TPTP-v9.2.1/Problems/SYN/SYN714-1.p","Unsatisfiable","0.00 v5.5.0","Unsatisfiable",0.324391,"Unsatisfiable",0.034210,"Unsatisfiable",0.010100,"Timeout",3.229436
result,"/home/delahayed/problems/TPTP-v9.2.1/Problems/SYN/SYN715-1.p","Unsatisfiable","0.00 v5.4.0","Unsatisfiable",0.265728,"Unsatisfiable",0.033904,"Unsatisfiable",0.011573,"Timeout",3.061598
result,"/home/delahayed/problems/TPTP-v9.2.1/Problems/SYN/SYN716-1.p","Unsatisfiable","0.00 v8.1.0","Timeout",3.011638,"Unsatisfiable",0.056831,"Unsatisfiable",0.011151,"Timeout",3.056420
result,"/home/delahayed/problems/TPTP-v9.2.1/Problems/SYN/SYN717-1.p","Unsatisfiable","0.00 v7.4.0","Unsatisfiable",0.119536,"Unsatisfiable",0.032004,"Unsatisfiable",0.011151,"Timeout",3.880906
result,"/home/delahayed/problems/TPTP-v9.2.1/Problems/SYN/SYN718-1.p","Unsatisfiable","0.31 v9.1.0","Unsatisfiable",0.842387,"Unsatisfiable",0.724747,"Timeout",3.042630,"Timeout",3.355899
result,"/home/delahayed/problems/TPTP-v9.2.1/Problems/SYN/SYN719-1.p","Unsatisfiable","0.06 v9.1.0","Unsatisfiable",0.144406,"Unsatisfiable",0.041297,"Unsatisfiable",0.587430,"Timeout",3.572697
result,"/home/delahayed/problems/TPTP-v9.2.1/Problems/SYN/SYN720-1.p","Satisfiable","0.00 v3.2.0","Timeout",3.075721,"Satisfiable",0.088811,"Satisfiable",0.131672,"Timeout",3.168766
result,"/home/delahayed/problems/TPTP-v9.2.1/Problems/SYN/SYN721+1.p","Theorem","0.00 v2.5.0","Unsatisfiable",0.009240,"Theorem",0.044638,"Theorem",0.008018,"Unsatisfiable",0.014258
result,"/home/delahayed/problems/TPTP-v9.2.1/Problems/SYN/SYN721-1.p","Unsatisfiable","0.00 v2.5.0","Unsatisfiable",0.007023,"Unsatisfiable",0.010436,"Unsatisfiable",0.004610,"Unsatisfiable",0.013340
result,"/home/delahayed/problems/TPTP-v9.2.1/Problems/SYN/SYN722+1.p","Theorem","0.00 v5.5.0","Unsatisfiable",0.014945,"Theorem",0.011027,"Theorem",0.004307,"Unsatisfiable",0.013278
result,"/home/delahayed/problems/TPTP-v9.2.1/Problems/SYN/SYN723+1.p","Theorem","0.20 v9.0.0","Error",3.325699,"Theorem",1.003923,"Timeout",4.302054,"Unsatisfiable",0.567021
result,"/home/delahayed/problems/TPTP-v9.2.1/Problems/SYN/SYN724+1.p","Theorem","0.00 v4.0.1","Unsatisfiable",0.095499,"Theorem",0.037349,"Theorem",0.011514,"Unsatisfiable",0.016712
result,"/home/delahayed/problems/TPTP-v9.2.1/Problems/SYN/SYN724-1.p","Unsatisfiable","0.00 v2.5.0","Unsatisfiable",0.009985,"Unsatisfiable",0.010677,"Unsatisfiable",0.006352,"Unsatisfiable",0.013589
result,"/home/delahayed/problems/TPTP-v9.2.1/Problems/SYN/SYN725+1.p","CounterSatisfiable","0.00 v4.1.0","GaveUp",0.008094,"CounterSatisfiable",0.045058,"CounterSatisfiable",0.008411,"Satisfiable",0.013817
result,"/home/delahayed/problems/TPTP-v9.2.1/Problems/SYN/SYN726+1.p","Theorem","0.00 v5.3.0","Unsatisfiable",0.488757,"Theorem",0.027828,"Theorem",0.005548,"Unsatisfiable",0.131037
result,"/home/delahayed/problems/TPTP-v9.2.1/Problems/SYN/SYN726-1.p","Unsatisfiable","0.00 v2.5.0","Unsatisfiable",0.487268,"Unsatisfiable",0.059651,"Unsatisfiable",0.007611,"Unsatisfiable",0.019612
result,"/home/delahayed/problems/TPTP-v9.2.1/Problems/SYN/SYN727+1.p","Theorem","0.00 v6.3.0","Unsatisfiable",0.006687,"Theorem",0.010413,"Theorem",0.011148,"Unsatisfiable",0.016479
result,"/home/delahayed/problems/TPTP-v9.2.1/Problems/SYN/SYN727-1.p","Unsatisfiable","0.00 v5.4.0","Unsatisfiable",0.011789,"Unsatisfiable",0.013045,"Unsatisfiable",0.005296,"Unsatisfiable",0.016012
result,"/home/delahayed/problems/TPTP-v9.2.1/Problems/SYN/SYN728+1.p","Theorem","0.00 v9.1.0","Unsatisfiable",0.015919,"Theorem",0.011672,"Theorem",0.005517,"Unsatisfiable",0.015932
result,"/home/delahayed/problems/TPTP-v9.2.1/Problems/SYN/SYN728-1.p","Unsatisfiable","0.00 v7.1.0","Unsatisfiable",0.007976,"Unsatisfiable",0.012092,"Unsatisfiable",0.004665,"Unsatisfiable",0.015638
result,"/home/delahayed/problems/TPTP-v9.2.1/Problems/SYN/SYN729+1.p","Theorem","0.00 v9.1.0","Unsatisfiable",0.010765,"Theorem",0.010460,"Theorem",0.004121,"Unsatisfiable",0.014190
result,"/home/delahayed/problems/TPTP-v9.2.1/Problems/SYN/SYN729-1.p","Unsatisfiable","0.00 v5.3.0","Unsatisfiable",0.007363,"Unsatisfiable",0.010033,"Unsatisfiable",0.004882,"Unsatisfiable",0.017560
result,"/home/delahayed/problems/TPTP-v9.2.1/Problems/SYN/SYN730+1.p","Theorem","0.00 v9.1.0","Unsatisfiable",0.006930,"Theorem",0.010906,"Theorem",0.005677,"Unsatisfiable",0.016524
result,"/home/delahayed/problems/TPTP-v9.2.1/Problems/SYN/SYN731+1.p","Theorem","0.00 v9.1.0","Unsatisfiable",0.005359,"Theorem",0.010570,"Theorem",0.004558,"Unsatisfiable",0.015685
result,"/home/delahayed/problems/TPTP-v9.2.1/Problems/SYN/SYN731-1.p","Unsatisfiable","0.00 v5.3.0","Unsatisfiable",0.006169,"Unsatisfiable",0.009323,"Unsatisfiable",0.004218,"Unsatisfiable",0.014659
result,"/home/delahayed/problems/TPTP-v9.2.1/Problems/SYN/SYN732+1.p","Theorem","0.00 v9.1.0","Unsatisfiable",0.005966,"Theorem",0.009196,"Theorem",0.003972,"Unsatisfiable",0.015730
result,"/home/delahayed/problems/TPTP-v9.2.1/Problems/SYN/SYN733+1.p","Theorem","0.05 v9.1.0","Unsatisfiable",0.005317,"Theorem",0.011179,"Theorem",0.004084,"Unsatisfiable",0.015200
result,"/home/delahayed/problems/TPTP-v9.2.1/Problems/SYN/SYN734-1.p","Satisfiable","0.00 v5.4.0","Timeout",3.006222,"Satisfiable",0.051582,"Satisfiable",0.006456,"Timeout",3.298500
result,"/home/delahayed/problems/TPTP-v9.2.1/Problems/SYN/SYN735-1.p","Satisfiable","0.00 v3.1.0","Timeout",3.007622,"Satisfiable",0.175962,"Satisfiable",0.006686,"Satisfiable",0.014098
result,"/home/delahayed/problems/TPTP-v9.2.1/Problems/SYN/SYN736-1.p","Satisfiable","0.00 v5.5.0","Timeout",3.006711,"Satisfiable",0.074960,"Satisfiable",0.008667,"Timeout",3.518658
result,"/home/delahayed/problems/TPTP-v9.2.1/Problems/SYN/SYN737-1.p","Satisfiable","0.00 v5.5.0","Timeout",3.008790,"Satisfiable",0.627663,"Satisfiable",0.007766,"Timeout",3.344814
result,"/home/delahayed/problems/TPTP-v9.2.1/Problems/SYN/SYN738-1.p","Satisfiable","0.00 v3.1.0","Timeout",3.019752,"Satisfiable",0.050338,"Satisfiable",0.006622,"Timeout",3.336241
result,"/home/delahayed/problems/TPTP-v9.2.1/Problems/SYN/SYN739-1.p","Satisfiable","0.00 v5.4.0","Timeout",3.007589,"Satisfiable",0.068742,"Satisfiable",0.007865,"Timeout",3.584583
result,"/home/delahayed/problems/TPTP-v9.2.1/Problems/SYN/SYN740-1.p","Satisfiable","0.00 v3.1.0","Timeout",3.010279,"Satisfiable",0.063493,"Satisfiable",0.006984,"Timeout",3.264219
result,"/home/delahayed/problems/TPTP-v9.2.1/Problems/SYN/SYN741-1.p","Satisfiable","0.00 v5.4.0","Timeout",3.011318,"Satisfiable",0.329419,"Satisfiable",0.022274,"Timeout",3.779024
result,"/home/delahayed/problems/TPTP-v9.2.1/Problems/SYN/SYN742-1.p","Satisfiable","0.00 v5.4.0","Timeout",3.008448,"Satisfiable",0.200524,"Satisfiable",0.017554,"Timeout",3.455237
result,"/home/delahayed/problems/TPTP-v9.2.1/Problems/SYN/SYN743-1.p","Satisfiable","0.00 v3.5.0","Timeout",3.007433,"Satisfiable",0.059398,"Satisfiable",0.008244,"Satisfiable",0.015718
result,"/home/delahayed/problems/TPTP-v9.2.1/Problems/SYN/SYN744-1.p","Satisfiable","0.00 v3.1.0","Timeout",3.008212,"Satisfiable",0.058653,"Satisfiable",0.006679,"Satisfiable",0.014308
result,"/home/delahayed/problems/TPTP-v9.2.1/Problems/SYN/SYN745-1.p","Satisfiable","0.00 v5.5.0","Timeout",3.007269,"Satisfiable",0.223477,"Satisfiable",0.052342,"Timeout",3.453884
result,"/home/delahayed/problems/TPTP-v9.2.1/Problems/SYN/SYN746-1.p","Satisfiable","0.00 v5.5.0","Timeout",3.011404,"Timeout",2.922066,"Satisfiable",0.073689,"Timeout",3.278327
result,"/home/delahayed/problems/TPTP-v9.2.1/Problems/SYN/SYN747-1.p","Satisfiable","0.00 v5.5.0","Timeout",3.007386,"Timeout",2.958540,"Satisfiable",0.061818,"Timeout",3.309702
result,"/home/delahayed/problems/TPTP-v9.2.1/Problems/SYN/SYN748-1.p","Satisfiable","0.00 v5.4.0","Timeout",3.016123,"Timeout",2.941872,"Timeout",3.039026,"Satisfiable",0.025281
result,"/home/delahayed/problems/TPTP-v9.2.1/Problems/SYN/SYN749-1.p","Satisfiable","0.00 v5.4.0","Timeout",3.015208,"Satisfiable",0.195208,"Satisfiable",0.021108,"Timeout",3.408316
result,"/home/delahayed/problems/TPTP-v9.2.1/Problems/SYN/SYN750-1.p","Satisfiable","0.00 v5.5.0","Timeout",3.009050,"Timeout",2.943515,"Timeout",3.039564,"Timeout",3.596232
result,"/home/delahayed/problems/TPTP-v9.2.1/Problems/SYN/SYN751-1.p","Satisfiable","0.00 v5.5.0","Timeout",3.007021,"Satisfiable",0.223302,"Satisfiable",2.855720,"Timeout",3.682125
result,"/home/delahayed/problems/TPTP-v9.2.1/Problems/SYN/SYN752-1.p","Satisfiable","0.00 v5.4.0","Timeout",3.007053,"Timeout",2.955508,"Satisfiable",0.494269,"Timeout",3.405791
result,"/home/delahayed/problems/TPTP-v9.2.1/Problems/SYN/SYN753-1.p","Satisfiable","0.00 v5.5.0","Timeout",3.013038,"Timeout",2.917760,"Timeout",3.037932,"Timeout",3.449577
result,"/home/delahayed/problems/TPTP-v9.2.1/Problems/SYN/SYN754-1.p","Satisfiable","0.00 v5.5.0","Timeout",3.007566,"Satisfiable",0.198589,"Satisfiable",0.043519,"Timeout",3.476366
result,"/home/delahayed/problems/TPTP-v9.2.1/Problems/SYN/SYN755-1.p","Unsatisfiable","0.15 v9.1.0","Timeout",3.006863,"Unsatisfiable",0.062354,"Unsatisfiable",0.010453,"Timeout",3.204436
result,"/home/delahayed/problems/TPTP-v9.2.1/Problems/SYN/SYN756-1.p","Satisfiable","0.00 v3.1.0","Timeout",3.007685,"Satisfiable",0.079803,"Satisfiable",0.009054,"Timeout",3.337120
result,"/home/delahayed/problems/TPTP-v9.2.1/Problems/SYN/SYN757-1.p","Satisfiable","0.00 v5.4.0","Timeout",3.007403,"Satisfiable",0.742457,"Satisfiable",0.008852,"Timeout",3.311587
result,"/home/delahayed/problems/TPTP-v9.2.1/Problems/SYN/SYN758-1.p","Unsatisfiable","0.31 v9.1.0","Timeout",3.007281,"Timeout",2.984036,"Unsatisfiable",0.040606,"Timeout",4.023705
result,"/home/delahayed/problems/TPTP-v9.2.1/Problems/SYN/SYN759-1.p","Unsatisfiable","0.23 v9.1.0","Timeout",3.011562,"Timeout",2.917225,"Unsatisfiable",0.073083,"Timeout",3.418594
result,"/home/delahayed/problems/TPTP-v9.2.1/Problems/SYN/SYN760-1.p","Satisfiable","0.00 v5.4.0","Timeout",3.013917,"Satisfiable",0.230065,"Satisfiable",0.117365,"Timeout",4.530852
result,"/home/delahayed/problems/TPTP-v9.2.1/Problems/SYN/SYN761-1.p","Satisfiable","0.00 v5.5.0","Timeout",3.007408,"Timeout",2.922556,"Satisfiable",0.056212,"Timeout",3.727270
result,"/home/delahayed/problems/TPTP-v9.2.1/Problems/SYN/SYN762-1.p","Unsatisfiable","0.31 v9.1.0","Timeout",3.008246,"Timeout",2.924994,"Unsatisfiable",0.058320,"Timeout",3.721136
result,"/home/delahayed/problems/TPTP-v9.2.1/Problems/SYN/SYN763-1.p","Satisfiable","0.00 v5.4.0","Timeout",3.013826,"Satisfiable",1.393563,"Satisfiable",0.017313,"Timeout",3.323469
result,"/home/delahayed/problems/TPTP-v9.2.1/Problems/SYN/SYN764-1.p","Satisfiable","0.00 v5.5.0","Timeout",3.008203,"Timeout",2.916999,"Timeout",3.043650,"Timeout",3.825503
result,"/home/delahayed/problems/TPTP-v9.2.1/Problems/SYN/SYN765-1.p","Satisfiable","0.00 v5.5.0","Timeout",3.015680,"Timeout",2.912127,"Timeout",3.041261,"Timeout",3.450324
result,"/home/delahayed/problems/TPTP-v9.2.1/Problems/SYN/SYN766-1.p","Satisfiable","0.00 v5.5.0","Timeout",3.007407,"Satisfiable",2.537103,"Timeout",3.034521,"Timeout",3.824565
result,"/home/delahayed/problems/TPTP-v9.2.1/Problems/SYN/SYN767-1.p","Satisfiable","0.00 v5.5.0","Timeout",3.088605,"Timeout",2.957148,"Timeout",3.039761,"Timeout",3.469074
result,"/home/delahayed/problems/TPTP-v9.2.1/Problems/SYN/SYN768-1.p","Satisfiable","0.00 v5.5.0","Timeout",3.008635,"Satisfiable",0.214075,"Satisfiable",0.024986,"Timeout",3.332931
result,"/home/delahayed/problems/TPTP-v9.2.1/Problems/SYN/SYN769-1.p","Satisfiable","0.00 v5.4.0","Timeout",3.009644,"Timeout",2.955673,"Timeout",3.038987,"Satisfiable",0.016836
result,"/home/delahayed/problems/TPTP-v9.2.1/Problems/SYN/SYN770-1.p","Satisfiable","0.00 v5.5.0","Timeout",3.009218,"Timeout",2.919951,"Timeout",3.034575,"Timeout",3.395903
result,"/home/delahayed/problems/TPTP-v9.2.1/Problems/SYN/SYN771-1.p","Satisfiable","0.00 v5.5.0","Timeout",3.007232,"Timeout",2.951020,"Timeout",3.033803,"Timeout",3.433373
result,"/home/delahayed/problems/TPTP-v9.2.1/Problems/SYN/SYN772-1.p","Satisfiable","0.00 v3.1.0","Timeout",3.014126,"Satisfiable",0.379694,"Satisfiable",0.017663,"Satisfiable",0.014145
result,"/home/delahayed/problems/TPTP-v9.2.1/Problems/SYN/SYN773-1.p","Satisfiable","0.00 v5.4.0","Timeout",3.006680,"Satisfiable",0.207595,"Timeout",3.040471,"Timeout",3.244763
result,"/home/delahayed/problems/TPTP-v9.2.1/Problems/SYN/SYN774-1.p","Satisfiable","0.00 v5.4.0","Timeout",3.007750,"Satisfiable",0.330680,"Satisfiable",0.079955,"Timeout",3.182628
result,"/home/delahayed/problems/TPTP-v9.2.1/Problems/SYN/SYN775-1.p","Satisfiable","0.00 v5.5.0","Timeout",3.007592,"Satisfiable",1.247456,"Satisfiable",0.026949,"Timeout",3.428320
result,"/home/delahayed/problems/TPTP-v9.2.1/Problems/SYN/SYN776-1.p","Satisfiable","0.00 v5.5.0","Timeout",3.008004,"Timeout",2.912698,"Timeout",3.034727,"Timeout",3.366961
result,"/home/delahayed/problems/TPTP-v9.2.1/Problems/SYN/SYN777-1.p","Satisfiable","0.00 v5.5.0","Timeout",3.007655,"Timeout",2.941429,"Timeout",3.038540,"Timeout",3.400769
result,"/home/delahayed/problems/TPTP-v9.2.1/Problems/SYN/SYN778-1.p","Satisfiable","0.00 v5.5.0","Timeout",3.013114,"Timeout",2.928330,"Timeout",3.041175,"Timeout",3.534763
result,"/home/delahayed/problems/TPTP-v9.2.1/Problems/SYN/SYN779-1.p","Satisfiable","0.00 v5.5.0","Timeout",3.016038,"Timeout",2.909589,"Timeout",3.042578,"Timeout",3.255559
result,"/home/delahayed/problems/TPTP-v9.2.1/Problems/SYN/SYN780-1.p","Satisfiable","0.00 v5.4.0","Timeout",3.007298,"Timeout",2.975810,"Timeout",3.044904,"Satisfiable",0.021315
result,"/home/delahayed/problems/TPTP-v9.2.1/Problems/SYN/SYN781-1.p","Satisfiable","0.00 v5.4.0","Timeout",3.007740,"Timeout",2.931666,"Timeout",3.037688,"Timeout",3.263658
result,"/home/delahayed/problems/TPTP-v9.2.1/Problems/SYN/SYN782-1.p","Satisfiable","0.00 v5.5.0","Timeout",3.007412,"Timeout",2.975698,"Timeout",3.045646,"Timeout",3.396732
result,"/home/delahayed/problems/TPTP-v9.2.1/Problems/SYN/SYN783-1.p","Satisfiable","0.00 v5.5.0","Timeout",3.007976,"Timeout",2.928941,"Timeout",3.044222,"Timeout",3.363594
result,"/home/delahayed/problems/TPTP-v9.2.1/Problems/SYN/SYN784-1.p","Unsatisfiable","0.15 v9.1.0","Timeout",3.006980,"Unsatisfiable",0.187650,"Unsatisfiable",0.042885,"Timeout",3.186734
result,"/home/delahayed/problems/TPTP-v9.2.1/Problems/SYN/SYN785-1.p","Satisfiable","0.00 v5.4.0","Timeout",3.006965,"Satisfiable",0.321719,"Satisfiable",0.031965,"Timeout",3.318741
result,"/home/delahayed/problems/TPTP-v9.2.1/Problems/SYN/SYN786-1.p","Satisfiable","0.00 v5.4.0","Timeout",3.007431,"Timeout",2.918085,"Timeout",3.051645,"Satisfiable",0.019323
result,"/home/delahayed/problems/TPTP-v9.2.1/Problems/SYN/SYN787-1.p","Satisfiable","0.00 v5.5.0","Timeout",3.007651,"Timeout",2.931898,"Timeout",3.038664,"Timeout",3.503953
result,"/home/delahayed/problems/TPTP-v9.2.1/Problems/SYN/SYN788-1.p","Satisfiable","0.00 v8.1.0","Timeout",3.009258,"Satisfiable",0.239451,"Timeout",3.035943,"Timeout",3.605007
result,"/home/delahayed/problems/TPTP-v9.2.1/Problems/SYN/SYN789-1.p","Satisfiable","0.00 v8.1.0","Timeout",3.007712,"Timeout",2.942702,"Timeout",3.040113,"Timeout",3.682744
result,"/home/delahayed/problems/TPTP-v9.2.1/Problems/SYN/SYN790-1.p","Satisfiable","0.00 v5.5.0","Timeout",3.011474,"Timeout",2.963908,"Timeout",3.027974,"Timeout",3.341827
result,"/home/delahayed/problems/TPTP-v9.2.1/Problems/SYN/SYN791-1.p","Satisfiable","0.00 v5.5.0","Timeout",3.028562,"Timeout",2.911025,"Timeout",3.034587,"Timeout",3.387732
result,"/home/delahayed/problems/TPTP-v9.2.1/Problems/SYN/SYN792-1.p","Satisfiable","0.00 v5.5.0","Timeout",3.007168,"Timeout",2.915106,"Timeout",3.038159,"Timeout",3.505019
result,"/home/delahayed/problems/TPTP-v9.2.1/Problems/SYN/SYN793-1.p","Satisfiable","0.00 v5.5.0","Timeout",3.013730,"Timeout",2.943274,"Timeout",3.043795,"Timeout",3.502262
result,"/home/delahayed/problems/TPTP-v9.2.1/Problems/SYN/SYN794-1.p","Satisfiable","0.00 v5.4.0","Timeout",3.015192,"Satisfiable",0.318692,"Timeout",3.045964,"Timeout",3.465026
result,"/home/delahayed/problems/TPTP-v9.2.1/Problems/SYN/SYN795-1.p","Satisfiable","0.00 v5.5.0","Timeout",3.014677,"Timeout",2.957942,"Timeout",3.045519,"Timeout",3.572845
result,"/home/delahayed/problems/TPTP-v9.2.1/Problems/SYN/SYN796-1.p","Unsatisfiable","0.15 v9.1.0","Timeout",3.008319,"Unsatisfiable",0.180114,"Unsatisfiable",0.020605,"Timeout",3.255181
result,"/home/delahayed/problems/TPTP-v9.2.1/Problems/SYN/SYN797-1.p","Satisfiable","0.00 v5.5.0","Timeout",3.007399,"Satisfiable",1.147035,"Satisfiable",0.029752,"Timeout",3.442177
result,"/home/delahayed/problems/TPTP-v9.2.1/Problems/SYN/SYN798-1.p","Satisfiable","0.00 v5.4.0","Timeout",3.007064,"Satisfiable",0.332190,"Satisfiable",2.154675,"Timeout",3.612113
result,"/home/delahayed/problems/TPTP-v9.2.1/Problems/SYN/SYN799-1.p","Satisfiable","0.00 v5.5.0","Timeout",3.451340,"Timeout",2.912556,"Timeout",3.042745,"Timeout",3.535982
result,"/home/delahayed/problems/TPTP-v9.2.1/Problems/SYN/SYN800-1.p","Satisfiable","0.00 v5.5.0","Timeout",3.007473,"Timeout",2.938223,"Satisfiable",2.115500,"Timeout",3.338289
result,"/home/delahayed/problems/TPTP-v9.2.1/Problems/SYN/SYN801-1.p","Satisfiable","0.00 v5.5.0","Timeout",3.015404,"Timeout",2.933394,"Timeout",3.044883,"Timeout",3.487951
result,"/home/delahayed/problems/TPTP-v9.2.1/Problems/SYN/SYN802-1.p","Unsatisfiable","0.46 v9.1.0","Timeout",3.016423,"Timeout",2.922559,"Unsatisfiable",1.871310,"Timeout",3.360001
result,"/home/delahayed/problems/TPTP-v9.2.1/Problems/SYN/SYN803-1.p","Satisfiable","0.00 v5.5.0","Timeout",6.951221,"Timeout",2.957456,"Timeout",3.039004,"Timeout",3.587741
result,"/home/delahayed/problems/TPTP-v9.2.1/Problems/SYN/SYN804-1.p","Satisfiable","0.00 v5.5.0","Timeout",3.178717,"Timeout",2.968011,"Timeout",3.034355,"Timeout",3.442270
result,"/home/delahayed/problems/TPTP-v9.2.1/Problems/SYN/SYN805-1.p","Satisfiable","0.00 v5.5.0","Timeout",6.383745,"Timeout",2.931533,"Timeout",3.039218,"Timeout",3.672274
result,"/home/delahayed/problems/TPTP-v9.2.1/Problems/SYN/SYN806-1.p","Satisfiable","0.00 v5.5.0","Timeout",3.027211,"Timeout",2.941805,"Timeout",3.046650,"Timeout",3.628262
result,"/home/delahayed/problems/TPTP-v9.2.1/Problems/SYN/SYN807-1.p","Satisfiable","0.00 v5.5.0","Timeout",3.095025,"Timeout",2.945136,"Timeout",3.039323,"Timeout",3.415201
result,"/home/delahayed/problems/TPTP-v9.2.1/Problems/SYN/SYN808-1.p","Satisfiable","0.00 v5.5.0","Timeout",8.595764,"Timeout",2.956827,"Timeout",3.043545,"Timeout",3.484694
result,"/home/delahayed/problems/TPTP-v9.2.1/Problems/SYN/SYN809-1.p","Satisfiable","0.00 v5.5.0","Timeout",8.825985,"Timeout",2.992646,"Timeout",3.043856,"Timeout",3.308773
result,"/home/delahayed/problems/TPTP-v9.2.1/Problems/SYN/SYN810-1.p","Satisfiable","0.00 v5.5.0","Timeout",3.009048,"Timeout",3.000608,"Timeout",3.036568,"Timeout",3.486869
result,"/home/delahayed/problems/TPTP-v9.2.1/Problems/SYN/SYN811-1.p","Satisfiable","0.00 v7.3.0","Timeout",3.106510,"Satisfiable",0.287683,"Satisfiable",0.131617,"Timeout",9.991091
result,"/home/delahayed/problems/TPTP-v9.2.1/Problems/SYN/SYN812-1.p","Satisfiable","0.00 v7.3.0","Timeout",3.872478,"Satisfiable",2.220659,"Satisfiable",1.055581,"Timeout",11.066705
result,"/home/delahayed/problems/TPTP-v9.2.1/Problems/SYN/SYN813-1.p","Unsatisfiable","0.12 v9.1.0","Timeout",3.040998,"Unsatisfiable",0.884663,"Unsatisfiable",0.232521,"Timeout",6.652599
result,"/home/delahayed/problems/TPTP-v9.2.1/Problems/SYN/SYN814-1.p","Satisfiable","0.00 v7.3.0","Timeout",3.115127,"Satisfiable",2.217571,"Satisfiable",0.260688,"Timeout",5.952510
result,"/home/delahayed/problems/TPTP-v9.2.1/Problems/SYN/SYN815-1.p","Satisfiable","0.00 v7.3.0","Timeout",3.356763,"Satisfiable",1.454911,"Satisfiable",0.508478,"Timeout",3.211045
result,"/home/delahayed/problems/TPTP-v9.2.1/Problems/SYN/SYN816-1.p","Satisfiable","0.00 v7.3.0","Timeout",3.348031,"Satisfiable",1.876862,"Satisfiable",0.518164,"Timeout",3.149249
result,"/home/delahayed/problems/TPTP-v9.2.1/Problems/SYN/SYN817-1.p","Satisfiable","0.00 v7.3.0","Timeout",3.380465,"Satisfiable",1.348322,"Satisfiable",0.527609,"Timeout",3.053422
result,"/home/delahayed/problems/TPTP-v9.2.1/Problems/SYN/SYN818-1.p","Satisfiable","0.00 v7.3.0","Timeout",4.205543,"Timeout",3.011989,"Satisfiable",1.634488,"Timeout",14.312556
result,"/home/delahayed/problems/TPTP-v9.2.1/Problems/SYN/SYN819-1.p","Unsatisfiable","0.12 v9.1.0","Timeout",3.042929,"Unsatisfiable",0.561082,"Unsatisfiable",0.085293,"Timeout",5.721304
result,"/home/delahayed/problems/TPTP-v9.2.1/Problems/SYN/SYN820-1.p","Unsatisfiable","0.12 v9.1.0","Timeout",3.043442,"Unsatisfiable",0.207753,"Unsatisfiable",0.074649,"Timeout",6.531236
result,"/home/delahayed/problems/TPTP-v9.2.1/Problems/SYN/SYN821-1.p","Satisfiable","0.00 v7.3.0","Timeout",3.404856,"Satisfiable",1.533548,"Timeout",3.048924,"Timeout",3.089719
result,"/home/delahayed/problems/TPTP-v9.2.1/Problems/SYN/SYN822-1.p","Satisfiable","0.00 v7.3.0","Timeout",3.415740,"Timeout",2.927857,"Timeout",3.048612,"Timeout",3.062573
result,"/home/delahayed/problems/TPTP-v9.2.1/Problems/SYN/SYN823-1.p","Satisfiable","0.00 v7.3.0","Timeout",3.030962,"Satisfiable",0.063147,"Satisfiable",0.045099,"Timeout",4.966638
result,"/home/delahayed/problems/TPTP-v9.2.1/Problems/SYN/SYN824-1.p","Satisfiable","0.00 v7.3.0","Timeout",3.235699,"Satisfiable",1.046421,"Satisfiable",0.288294,"Timeout",3.075538
result,"/home/delahayed/problems/TPTP-v9.2.1/Problems/SYN/SYN825-1.p","Satisfiable","0.00 v7.3.0","Timeout",3.771912,"Satisfiable",2.235328,"Satisfiable",0.934006,"Timeout",8.991549
result,"/home/delahayed/problems/TPTP-v9.2.1/Problems/SYN/SYN826-1.p","Satisfiable","0.00 v7.3.0","Timeout",3.842613,"Satisfiable",2.374284,"Satisfiable",1.028945,"Timeout",9.703956
result,"/home/delahayed/problems/TPTP-v9.2.1/Problems/SYN/SYN827-1.p","Satisfiable","0.00 v7.3.0","Timeout",3.039014,"Satisfiable",0.072052,"Satisfiable",0.062559,"Timeout",7.128236
result,"/home/delahayed/problems/TPTP-v9.2.1/Problems/SYN/SYN828-1.p","Satisfiable","0.00 v7.3.0","Timeout",3.333690,"Satisfiable",1.273098,"Satisfiable",0.428635,"Timeout",3.145711
result,"/home/delahayed/problems/TPTP-v9.2.1/Problems/SYN/SYN829-1.p","Satisfiable","0.00 v7.3.0","Timeout",4.108583,"Timeout",2.973068,"Satisfiable",1.407149,"Timeout",12.637453
result,"/home/delahayed/problems/TPTP-v9.2.1/Problems/SYN/SYN830-1.p","Satisfiable","0.00 v7.3.0","Timeout",4.196306,"Timeout",3.006497,"Satisfiable",1.541222,"Timeout",14.065185
result,"/home/delahayed/problems/TPTP-v9.2.1/Problems/SYN/SYN831-1.p","Satisfiable","0.00 v7.3.0","Timeout",4.145804,"Timeout",2.979459,"Satisfiable",1.424986,"Timeout",13.251294
result,"/home/delahayed/problems/TPTP-v9.2.1/Problems/SYN/SYN832-1.p","Satisfiable","0.00 v7.3.0","Timeout",4.003705,"Timeout",3.011497,"Satisfiable",1.244291,"Timeout",11.502065
result,"/home/delahayed/problems/TPTP-v9.2.1/Problems/SYN/SYN833-1.p","Unsatisfiable","0.12 v9.1.0","Timeout",3.042322,"Unsatisfiable",0.220118,"Unsatisfiable",0.068128,"Timeout",8.053726
result,"/home/delahayed/problems/TPTP-v9.2.1/Problems/SYN/SYN834-1.p","Unsatisfiable","0.12 v9.1.0","Timeout",3.040143,"Unsatisfiable",0.091721,"Unsatisfiable",0.067805,"Timeout",7.949206
result,"/home/delahayed/problems/TPTP-v9.2.1/Problems/SYN/SYN835-1.p","Satisfiable","0.00 v7.3.0","Timeout",3.042172,"Satisfiable",0.221174,"Satisfiable",0.073464,"Timeout",8.028104
result,"/home/delahayed/problems/TPTP-v9.2.1/Problems/SYN/SYN836-1.p","Unsatisfiable","0.12 v9.1.0","Timeout",3.041940,"Unsatisfiable",0.190676,"Unsatisfiable",0.068097,"Timeout",3.040367
result,"/home/delahayed/problems/TPTP-v9.2.1/Problems/SYN/SYN837-1.p","Unsatisfiable","0.25 v9.1.0","Timeout",3.115153,"Unsatisfiable",0.906948,"Unsatisfiable",0.170062,"Timeout",3.577328
result,"/home/delahayed/problems/TPTP-v9.2.1/Problems/SYN/SYN838-1.p","Satisfiable","0.00 v7.3.0","Timeout",3.395286,"Satisfiable",1.486934,"Satisfiable",0.541939,"Timeout",3.046745
result,"/home/delahayed/problems/TPTP-v9.2.1/Problems/SYN/SYN839-1.p","Satisfiable","0.00 v7.3.0","Timeout",4.299175,"Timeout",2.954305,"Satisfiable",1.725816,"Timeout",15.010725
result,"/home/delahayed/problems/TPTP-v9.2.1/Problems/SYN/SYN840-1.p","Satisfiable","0.00 v7.3.0","Timeout",4.279211,"Timeout",2.968460,"Satisfiable",1.699693,"Timeout",14.978009
result,"/home/delahayed/problems/TPTP-v9.2.1/Problems/SYN/SYN841-1.p","Satisfiable","0.00 v7.3.0","Timeout",4.304115,"Timeout",2.969341,"Satisfiable",1.696262,"Timeout",15.398954
result,"/home/delahayed/problems/TPTP-v9.2.1/Problems/SYN/SYN842-1.p","Satisfiable","0.00 v7.3.0","Timeout",4.468170,"Timeout",2.940966,"Satisfiable",1.871943,"Timeout",16.513888
result,"/home/delahayed/problems/TPTP-v9.2.1/Problems/SYN/SYN843-1.p","Unsatisfiable","0.12 v9.1.0","Timeout",3.044675,"Unsatisfiable",0.078421,"Unsatisfiable",0.071936,"Timeout",7.670651
result,"/home/delahayed/problems/TPTP-v9.2.1/Problems/SYN/SYN844-1.p","Unsatisfiable","0.12 v9.1.0","Timeout",3.049923,"Unsatisfiable",0.210988,"Unsatisfiable",0.073950,"Timeout",7.997552
result,"/home/delahayed/problems/TPTP-v9.2.1/Problems/SYN/SYN845-1.p","Unsatisfiable","0.12 v9.1.0","Timeout",3.045264,"Unsatisfiable",0.091205,"Unsatisfiable",0.070884,"Timeout",7.527214
result,"/home/delahayed/problems/TPTP-v9.2.1/Problems/SYN/SYN846-1.p","Unsatisfiable","0.25 v9.1.0","Timeout",3.751617,"Unsatisfiable",1.018818,"Unsatisfiable",0.182078,"Timeout",5.794594
result,"/home/delahayed/problems/TPTP-v9.2.1/Problems/SYN/SYN847-1.p","Unsatisfiable","0.12 v9.1.0","Timeout",3.127988,"Unsatisfiable",0.319279,"Unsatisfiable",0.177725,"Timeout",8.725497
result,"/home/delahayed/problems/TPTP-v9.2.1/Problems/SYN/SYN848-1.p","Unsatisfiable","0.12 v9.1.0","Timeout",3.120025,"Unsatisfiable",0.325389,"Unsatisfiable",0.178851,"Timeout",7.259526
result,"/home/delahayed/problems/TPTP-v9.2.1/Problems/SYN/SYN849-1.p","Unsatisfiable","0.12 v9.1.0","Timeout",3.116341,"Unsatisfiable",0.280050,"Unsatisfiable",0.181681,"Timeout",6.925536
result,"/home/delahayed/problems/TPTP-v9.2.1/Problems/SYN/SYN850-1.p","Unsatisfiable","0.25 v9.1.0","Timeout",3.415191,"Unsatisfiable",1.248514,"Unsatisfiable",0.561576,"Timeout",3.101953
result,"/home/delahayed/problems/TPTP-v9.2.1/Problems/SYN/SYN851-1.p","Satisfiable","0.00 v7.3.0","Timeout",3.406137,"Satisfiable",1.427350,"Satisfiable",0.563411,"Timeout",3.091583
result,"/home/delahayed/problems/TPTP-v9.2.1/Problems/SYN/SYN852-1.p","Satisfiable","0.00 v7.3.0","Timeout",4.462675,"Timeout",2.950507,"Satisfiable",1.966232,"Timeout",17.545048
result,"/home/delahayed/problems/TPTP-v9.2.1/Problems/SYN/SYN853-1.p","Satisfiable","0.00 v7.3.0","Timeout",4.415777,"Timeout",2.947608,"Satisfiable",1.906002,"Timeout",16.901543
result,"/home/delahayed/problems/TPTP-v9.2.1/Problems/SYN/SYN854-1.p","Satisfiable","0.00 v7.3.0","Timeout",4.422736,"Timeout",2.965555,"Satisfiable",1.950905,"Timeout",16.721347
result,"/home/delahayed/problems/TPTP-v9.2.1/Problems/SYN/SYN855-1.p","Satisfiable","0.00 v7.3.0","Timeout",4.382721,"Timeout",3.009632,"Satisfiable",1.808547,"Timeout",16.016495
result,"/home/delahayed/problems/TPTP-v9.2.1/Problems/SYN/SYN856-1.p","Unsatisfiable","0.12 v9.1.0","Timeout",3.045228,"Unsatisfiable",0.195983,"Unsatisfiable",0.080001,"Timeout",7.253563
result,"/home/delahayed/problems/TPTP-v9.2.1/Problems/SYN/SYN857-1.p","Unsatisfiable","0.12 v9.1.0","Timeout",3.048923,"Unsatisfiable",0.208329,"Unsatisfiable",0.085169,"Timeout",7.574215
result,"/home/delahayed/problems/TPTP-v9.2.1/Problems/SYN/SYN858-1.p","Unsatisfiable","0.12 v9.1.0","Timeout",3.121072,"Unsatisfiable",0.333816,"Unsatisfiable",0.188841,"Timeout",7.297115
result,"/home/delahayed/problems/TPTP-v9.2.1/Problems/SYN/SYN859-1.p","Unsatisfiable","0.12 v9.1.0","Timeout",3.120367,"Unsatisfiable",0.309065,"Unsatisfiable",0.188445,"Timeout",4.966436
result,"/home/delahayed/problems/TPTP-v9.2.1/Problems/SYN/SYN860-1.p","Unsatisfiable","0.12 v9.1.0","Timeout",3.137261,"Unsatisfiable",0.877371,"Unsatisfiable",0.193236,"Timeout",7.839543
result,"/home/delahayed/problems/TPTP-v9.2.1/Problems/SYN/SYN861-1.p","Unsatisfiable","0.25 v9.1.0","Timeout",3.425346,"Unsatisfiable",1.338211,"Unsatisfiable",0.596988,"Timeout",3.180001
result,"/home/delahayed/problems/TPTP-v9.2.1/Problems/SYN/SYN862-1.p","Unsatisfiable","0.25 v9.1.0","Timeout",3.421524,"Unsatisfiable",1.475631,"Unsatisfiable",0.589748,"Timeout",3.193119
result,"/home/delahayed/problems/TPTP-v9.2.1/Problems/SYN/SYN863-1.p","Satisfiable","0.00 v7.3.0","Timeout",3.410269,"Satisfiable",1.550741,"Satisfiable",0.590901,"Timeout",3.024042
result,"/home/delahayed/problems/TPTP-v9.2.1/Problems/SYN/SYN864-1.p","Satisfiable","0.00 v7.3.0","Timeout",3.419039,"Satisfiable",1.508758,"Satisfiable",0.577539,"Timeout",3.129483
result,"/home/delahayed/problems/TPTP-v9.2.1/Problems/SYN/SYN865-1.p","Unsatisfiable","0.25 v9.1.0","Timeout",3.421019,"Unsatisfiable",1.330448,"Unsatisfiable",0.585798,"Timeout",3.117624
result,"/home/delahayed/problems/TPTP-v9.2.1/Problems/SYN/SYN866-1.p","Unsatisfiable","0.25 v9.1.0","Timeout",3.407829,"Unsatisfiable",1.376670,"Unsatisfiable",0.586817,"Timeout",3.133329
result,"/home/delahayed/problems/TPTP-v9.2.1/Problems/SYN/SYN867-1.p","Satisfiable","0.00 v7.3.0","Timeout",3.012266,"Satisfiable",0.030841,"Satisfiable",0.011714,"Timeout",3.589087
result,"/home/delahayed/problems/TPTP-v9.2.1/Problems/SYN/SYN868-1.p","Satisfiable","0.00 v7.3.0","Timeout",3.011605,"Satisfiable",0.032083,"Satisfiable",0.010539,"Timeout",3.573164
result,"/home/delahayed/problems/TPTP-v9.2.1/Problems/SYN/SYN869-1.p","Unsatisfiable","0.12 v9.1.0","Timeout",3.010670,"Unsatisfiable",0.049987,"Unsatisfiable",0.009828,"Timeout",3.765960
result,"/home/delahayed/problems/TPTP-v9.2.1/Problems/SYN/SYN870-1.p","Satisfiable","0.00 v7.3.0","Timeout",3.010080,"Satisfiable",0.097999,"Satisfiable",0.010386,"Timeout",4.590150
result,"/home/delahayed/problems/TPTP-v9.2.1/Problems/SYN/SYN871-1.p","Unsatisfiable","0.12 v9.1.0","Timeout",3.023724,"Unsatisfiable",0.059676,"Unsatisfiable",0.016548,"Timeout",4.078527
result,"/home/delahayed/problems/TPTP-v9.2.1/Problems/SYN/SYN872-1.p","Satisfiable","0.00 v7.3.0","Timeout",3.046576,"Satisfiable",0.057699,"Satisfiable",0.052576,"Timeout",5.190875
result,"/home/delahayed/problems/TPTP-v9.2.1/Problems/SYN/SYN873-1.p","Unsatisfiable","0.12 v9.1.0","Timeout",3.019396,"Unsatisfiable",0.060646,"Unsatisfiable",0.012332,"Timeout",3.413441
result,"/home/delahayed/problems/TPTP-v9.2.1/Problems/SYN/SYN874-1.p","Unsatisfiable","0.12 v9.1.0","Timeout",3.011052,"Unsatisfiable",0.059223,"Unsatisfiable",0.012010,"Timeout",4.079929
result,"/home/delahayed/problems/TPTP-v9.2.1/Problems/SYN/SYN875-1.p","Unsatisfiable","0.12 v9.1.0","Timeout",3.011539,"Unsatisfiable",0.062571,"Unsatisfiable",0.012000,"Timeout",4.148144
result,"/home/delahayed/problems/TPTP-v9.2.1/Problems/SYN/SYN876-1.p","Unsatisfiable","0.12 v9.1.0","Timeout",3.017099,"Unsatisfiable",0.073419,"Unsatisfiable",0.021055,"Timeout",3.119639
result,"/home/delahayed/problems/TPTP-v9.2.1/Problems/SYN/SYN877-1.p","Unsatisfiable","0.12 v9.1.0","Timeout",3.017101,"Unsatisfiable",0.069506,"Unsatisfiable",0.016084,"Timeout",4.534738
result,"/home/delahayed/problems/TPTP-v9.2.1/Problems/SYN/SYN878-1.p","Unsatisfiable","0.12 v9.1.0","Timeout",3.012506,"Unsatisfiable",0.062632,"Unsatisfiable",0.013097,"Timeout",4.658232
result,"/home/delahayed/problems/TPTP-v9.2.1/Problems/SYN/SYN879-1.p","Unsatisfiable","0.12 v9.1.0","Timeout",3.013645,"Unsatisfiable",0.070708,"Unsatisfiable",0.014135,"Timeout",3.171667
result,"/home/delahayed/problems/TPTP-v9.2.1/Problems/SYN/SYN880-1.p","Unsatisfiable","0.12 v9.1.0","Timeout",3.017945,"Unsatisfiable",0.062226,"Unsatisfiable",0.018868,"Timeout",5.580505
result,"/home/delahayed/problems/TPTP-v9.2.1/Problems/SYN/SYN881-1.p","Unsatisfiable","0.12 v9.1.0","Timeout",3.017042,"Unsatisfiable",0.080631,"Unsatisfiable",0.020265,"Timeout",6.170647
result,"/home/delahayed/problems/TPTP-v9.2.1/Problems/SYN/SYN882-1.p","Unsatisfiable","0.12 v9.1.0","Timeout",3.020050,"Unsatisfiable",0.075781,"Unsatisfiable",0.019496,"Timeout",3.916597
result,"/home/delahayed/problems/TPTP-v9.2.1/Problems/SYN/SYN883-1.p","Unsatisfiable","0.12 v9.1.0","Timeout",3.023749,"Unsatisfiable",0.088936,"Unsatisfiable",0.020274,"Timeout",3.336928
result,"/home/delahayed/problems/TPTP-v9.2.1/Problems/SYN/SYN884-1.p","Unsatisfiable","0.12 v9.1.0","Timeout",3.030438,"Unsatisfiable",0.100900,"Unsatisfiable",0.033665,"Timeout",12.158655
result,"/home/delahayed/problems/TPTP-v9.2.1/Problems/SYN/SYN885-1.p","Unsatisfiable","0.25 v9.1.0","Timeout",3.031091,"Unsatisfiable",0.133798,"Unsatisfiable",0.035448,"Timeout",11.721787
result,"/home/delahayed/problems/TPTP-v9.2.1/Problems/SYN/SYN886-1.p","Unsatisfiable","0.12 v9.1.0","Timeout",3.031161,"Unsatisfiable",0.110376,"Unsatisfiable",0.037662,"Timeout",11.360195
result,"/home/delahayed/problems/TPTP-v9.2.1/Problems/SYN/SYN887-1.p","Unsatisfiable","0.12 v9.1.0","Timeout",3.031501,"Unsatisfiable",0.118508,"Unsatisfiable",0.034066,"Timeout",10.744924
result,"/home/delahayed/problems/TPTP-v9.2.1/Problems/SYN/SYN888-1.p","Satisfiable","0.00 v7.3.0","Timeout",3.062375,"Satisfiable",0.069943,"Satisfiable",0.070270,"Timeout",3.152481
result,"/home/delahayed/problems/TPTP-v9.2.1/Problems/SYN/SYN889-1.p","Unsatisfiable","0.12 v9.1.0","Timeout",3.017590,"Unsatisfiable",0.052322,"Unsatisfiable",0.014810,"Timeout",3.264492
result,"/home/delahayed/problems/TPTP-v9.2.1/Problems/SYN/SYN890-1.p","Unsatisfiable","0.12 v9.1.0","Timeout",3.013046,"Unsatisfiable",0.054310,"Unsatisfiable",0.013747,"Timeout",6.279007
result,"/home/delahayed/problems/TPTP-v9.2.1/Problems/SYN/SYN891-1.p","Unsatisfiable","0.12 v9.1.0","Timeout",3.015134,"Unsatisfiable",0.059311,"Unsatisfiable",0.014239,"Timeout",3.959398
result,"/home/delahayed/problems/TPTP-v9.2.1/Problems/SYN/SYN892-1.p","Unsatisfiable","0.12 v9.1.0","Timeout",3.033149,"Unsatisfiable",0.064963,"Unsatisfiable",0.014036,"Timeout",5.689973
result,"/home/delahayed/problems/TPTP-v9.2.1/Problems/SYN/SYN893-1.p","Unsatisfiable","0.12 v9.1.0","Timeout",3.019359,"Unsatisfiable",0.077406,"Unsatisfiable",0.020930,"Timeout",3.883078
result,"/home/delahayed/problems/TPTP-v9.2.1/Problems/SYN/SYN894-1.p","Unsatisfiable","0.12 v9.1.0","Timeout",3.037269,"Unsatisfiable",0.068964,"Unsatisfiable",0.022168,"Timeout",3.170755
result,"/home/delahayed/problems/TPTP-v9.2.1/Problems/SYN/SYN895-1.p","Unsatisfiable","0.12 v9.1.0","Timeout",3.021093,"Unsatisfiable",0.074437,"Unsatisfiable",0.022302,"Timeout",3.179164
result,"/home/delahayed/problems/TPTP-v9.2.1/Problems/SYN/SYN896-1.p","Unsatisfiable","0.12 v9.1.0","Timeout",3.020359,"Unsatisfiable",0.079296,"Unsatisfiable",0.023652,"Timeout",3.158106
result,"/home/delahayed/problems/TPTP-v9.2.1/Problems/SYN/SYN897-1.p","Unsatisfiable","0.25 v9.1.0","Timeout",3.036993,"Unsatisfiable",0.130174,"Unsatisfiable",0.041905,"Timeout",5.568892
result,"/home/delahayed/problems/TPTP-v9.2.1/Problems/SYN/SYN898-1.p","Unsatisfiable","0.12 v9.1.0","Timeout",3.032273,"Unsatisfiable",0.540645,"Unsatisfiable",0.042812,"Timeout",6.703940
result,"/home/delahayed/problems/TPTP-v9.2.1/Problems/SYN/SYN899-1.p","Unsatisfiable","0.12 v9.1.0","Timeout",3.033729,"Unsatisfiable",0.583181,"Unsatisfiable",0.039306,"Timeout",6.739346
result,"/home/delahayed/problems/TPTP-v9.2.1/Problems/SYN/SYN900-1.p","Unsatisfiable","0.12 v9.1.0","Timeout",3.032470,"Unsatisfiable",0.114001,"Unsatisfiable",0.038646,"Timeout",6.219656
result,"/home/delahayed/problems/TPTP-v9.2.1/Problems/SYN/SYN901-1.p","Unsatisfiable","0.25 v9.1.0","Timeout",3.063095,"Unsatisfiable",0.560239,"Unsatisfiable",0.068777,"Timeout",3.103075
result,"/home/delahayed/problems/TPTP-v9.2.1/Problems/SYN/SYN902-1.p","Satisfiable","0.00 v7.3.0","Timeout",3.068618,"Satisfiable",0.075831,"Satisfiable",0.075796,"Timeout",3.111089
result,"/home/delahayed/problems/TPTP-v9.2.1/Problems/SYN/SYN903-1.p","Satisfiable","0.00 v5.5.0","Timeout",3.010887,"Timeout",2.946755,"Timeout",3.042426,"Timeout",4.705062
result,"/home/delahayed/problems/TPTP-v9.2.1/Problems/SYN/SYN904-1.p","Satisfiable","0.00 v5.4.0","Timeout",3.016786,"Timeout",3.015058,"Timeout",3.043667,"Timeout",5.155164
result,"/home/delahayed/problems/TPTP-v9.2.1/Problems/SYN/SYN905-1.p","Satisfiable","0.00 v5.4.0","Timeout",3.012278,"Timeout",2.976641,"Timeout",3.041092,"Timeout",3.080046
result,"/home/delahayed/problems/TPTP-v9.2.1/Problems/SYN/SYN906-1.p","Satisfiable","0.00 v6.3.0","Timeout",3.011725,"Timeout",2.913173,"Timeout",3.035764,"Timeout",5.025702
result,"/home/delahayed/problems/TPTP-v9.2.1/Problems/SYN/SYN907-1.p","Satisfiable","0.00 v6.3.0","Timeout",3.014698,"Timeout",3.009944,"Timeout",3.043271,"Timeout",4.294366
result,"/home/delahayed/problems/TPTP-v9.2.1/Problems/SYN/SYN908-1.p","Satisfiable","0.00 v6.3.0","Timeout",3.017035,"Timeout",2.961226,"Timeout",3.071667,"Timeout",3.492376
result,"/home/delahayed/problems/TPTP-v9.2.1/Problems/SYN/SYN909-1.p","Satisfiable","0.00 v5.4.0","Timeout",3.014846,"Timeout",3.006981,"Timeout",3.052722,"Timeout",3.810148
result,"/home/delahayed/problems/TPTP-v9.2.1/Problems/SYN/SYN910-1.p","Satisfiable","0.00 v5.5.0","Timeout",3.028659,"Timeout",3.006360,"Timeout",3.041231,"Timeout",4.335456
result,"/home/delahayed/problems/TPTP-v9.2.1/Problems/SYN/SYN911-1.p","Satisfiable","0.00 v6.3.0","Timeout",3.022455,"Timeout",2.917461,"Timeout",3.033998,"Timeout",4.569934
result,"/home/delahayed/problems/TPTP-v9.2.1/Problems/SYN/SYN912-1.p","Satisfiable","0.00 v5.4.0","Timeout",3.018184,"Timeout",2.926454,"Timeout",3.039776,"Timeout",4.575736
result,"/home/delahayed/problems/TPTP-v9.2.1/Problems/SYN/SYN913-1.p","Satisfiable","0.00 v6.3.0","Timeout",3.016739,"Timeout",2.919622,"Timeout",3.035873,"Timeout",4.919890
result,"/home/delahayed/problems/TPTP-v9.2.1/Problems/SYN/SYN914-1.p","Unsatisfiable","0.85 v9.1.0","Timeout",3.013802,"Unsatisfiable",0.090146,"Timeout",3.021437,"Satisfiable",0.014611
result,"/home/delahayed/problems/TPTP-v9.2.1/Problems/SYN/SYN915+1.p","Theorem","0.00 v4.1.0","Unsatisfiable",0.006401,"Theorem",0.036008,"Theorem",0.004844,"Unsatisfiable",0.013881
result,"/home/delahayed/problems/TPTP-v9.2.1/Problems/SYN/SYN915-1.p","Unsatisfiable","0.00 v3.3.0","Unsatisfiable",0.005451,"Unsatisfiable",0.010041,"Unsatisfiable",0.004314,"Unsatisfiable",0.014692
result,"/home/delahayed/problems/TPTP-v9.2.1/Problems/SYN/SYN916+1.p","CounterSatisfiable","0.00 v4.1.0","GaveUp",0.005753,"CounterSatisfiable",0.010661,"CounterSatisfiable",0.004507,"Satisfiable",0.013579
result,"/home/delahayed/problems/TPTP-v9.2.1/Problems/SYN/SYN916-1.p","Satisfiable","0.33 v5.4.0","GaveUp",0.949941,"Satisfiable",0.035599,"Satisfiable",0.003953,"Satisfiable",0.013002
result,"/home/delahayed/problems/TPTP-v9.2.1/Problems/SYN/SYN917+1.p","Theorem","0.15 v9.1.0","Error",3.130921,"Theorem",0.752230,"Theorem",0.258308,"Unsatisfiable",0.373808
result,"/home/delahayed/problems/TPTP-v9.2.1/Problems/SYN/SYN918+1.p","Theorem","0.00 v9.1.0","Timeout",3.064992,"Theorem",0.037027,"Theorem",0.007036,"Unsatisfiable",0.014001
result,"/home/delahayed/problems/TPTP-v9.2.1/Problems/SYN/SYN919+1.p","Theorem","0.00 v5.3.0","Unsatisfiable",0.347109,"Theorem",0.011265,"Theorem",0.006350,"Unsatisfiable",0.015050
result,"/home/delahayed/problems/TPTP-v9.2.1/Problems/SYN/SYN920+1.p","Theorem","0.00 v5.3.0","Unsatisfiable",0.014041,"Theorem",0.010345,"Theorem",0.005554,"Unsatisfiable",0.013329
result,"/home/delahayed/problems/TPTP-v9.2.1/Problems/SYN/SYN921+1.p","Theorem","0.00 v5.3.0","Unsatisfiable",0.006699,"Theorem",0.012966,"Theorem",0.005782,"Unsatisfiable",0.013262
result,"/home/delahayed/problems/TPTP-v9.2.1/Problems/SYN/SYN922+1.p","Theorem","0.00 v5.3.0","Unsatisfiable",0.010323,"Theorem",0.015618,"Theorem",0.007060,"Unsatisfiable",0.015486
result,"/home/delahayed/problems/TPTP-v9.2.1/Problems/SYN/SYN923+1.p","Theorem","0.00 v5.3.0","Unsatisfiable",0.998110,"Theorem",0.034641,"Theorem",0.006302,"Unsatisfiable",0.021832
result,"/home/delahayed/problems/TPTP-v9.2.1/Problems/SYN/SYN924+1.p","Theorem","0.00 v5.3.0","Unsatisfiable",0.011859,"Theorem",0.015577,"Theorem",0.005313,"Unsatisfiable",0.013900
result,"/home/delahayed/problems/TPTP-v9.2.1/Problems/SYN/SYN925+1.p","Theorem","0.00 v5.3.0","Unsatisfiable",0.017718,"Theorem",0.020473,"Theorem",0.016636,"Unsatisfiable",0.039175
result,"/home/delahayed/problems/TPTP-v9.2.1/Problems/SYN/SYN926+1.p","Theorem","0.00 v5.3.0","Unsatisfiable",0.010789,"Theorem",0.016442,"Theorem",0.014535,"Unsatisfiable",0.017380
result,"/home/delahayed/problems/TPTP-v9.2.1/Problems/SYN/SYN927+1.p","Theorem","0.00 v5.3.0","Unsatisfiable",0.010324,"Theorem",0.016740,"Theorem",0.008471,"Unsatisfiable",0.015091
result,"/home/delahayed/problems/TPTP-v9.2.1/Problems/SYN/SYN928+1.p","Theorem","0.00 v5.5.0","Unsatisfiable",0.012023,"Theorem",0.015943,"Theorem",0.011160,"Unsatisfiable",0.013303
result,"/home/delahayed/problems/TPTP-v9.2.1/Problems/SYN/SYN929+1.p","Theorem","0.00 v5.3.0","Unsatisfiable",0.007295,"Theorem",0.012135,"Theorem",0.008424,"Unsatisfiable",0.017421
result,"/home/delahayed/problems/TPTP-v9.2.1/Problems/SYN/SYN930+1.p","Theorem","0.00 v5.3.0","Unsatisfiable",0.009298,"Theorem",0.015078,"Theorem",0.005238,"Unsatisfiable",0.015582
result,"/home/delahayed/problems/TPTP-v9.2.1/Problems/SYN/SYN931+1.p","Theorem","0.00 v5.5.0","Unsatisfiable",0.060926,"Theorem",0.011347,"Theorem",0.004247,"Unsatisfiable",0.013565
result,"/home/delahayed/problems/TPTP-v9.2.1/Problems/SYN/SYN932+1.p","Theorem","0.00 v4.0.1","Unsatisfiable",0.006948,"Theorem",0.009585,"Theorem",0.003894,"Unsatisfiable",0.013130
result,"/home/delahayed/problems/TPTP-v9.2.1/Problems/SYN/SYN933+1.p","Theorem","0.00 v4.0.1","Unsatisfiable",0.127659,"Theorem",0.035438,"Theorem",0.004288,"Unsatisfiable",0.013450
result,"/home/delahayed/problems/TPTP-v9.2.1/Problems/SYN/SYN934+1.p","Theorem","0.00 v5.3.0","Unsatisfiable",0.008511,"Theorem",0.011000,"Theorem",0.004715,"Unsatisfiable",0.014329
result,"/home/delahayed/problems/TPTP-v9.2.1/Problems/SYN/SYN935+1.p","Theorem","0.00 v5.3.0","Unsatisfiable",0.011800,"Theorem",0.010742,"Theorem",0.006289,"Unsatisfiable",0.016109
result,"/home/delahayed/problems/TPTP-v9.2.1/Problems/SYN/SYN936+1.p","Theorem","0.00 v5.3.0","Unsatisfiable",0.006426,"Theorem",0.014870,"Theorem",0.005654,"Unsatisfiable",0.014956
result,"/home/delahayed/problems/TPTP-v9.2.1/Problems/SYN/SYN937+1.p","Theorem","0.00 v5.3.0","Unsatisfiable",0.008791,"Theorem",0.009941,"Theorem",0.004426,"Unsatisfiable",0.017600
result,"/home/delahayed/problems/TPTP-v9.2.1/Problems/SYN/SYN938+1.p","Theorem","0.30 v9.1.0","Error",2.597458,"Theorem",0.097379,"Theorem",0.198498,"Unsatisfiable",0.038642
result,"/home/delahayed/problems/TPTP-v9.2.1/Problems/SYN/SYN939+1.p","Theorem","0.00 v9.1.0","Unsatisfiable",0.035922,"Theorem",0.012947,"Theorem",0.006218,"Unsatisfiable",0.015916
result,"/home/delahayed/problems/TPTP-v9.2.1/Problems/SYN/SYN940+1.p","Theorem","0.00 v9.1.0","Unsatisfiable",0.007237,"Theorem",0.010424,"Theorem",0.005070,"Unsatisfiable",0.014905
result,"/home/delahayed/problems/TPTP-v9.2.1/Problems/SYN/SYN941+1.p","Theorem","0.05 v9.1.0","Unsatisfiable",0.006644,"Theorem",0.010792,"Theorem",0.005121,"Unsatisfiable",0.014325
result,"/home/delahayed/problems/TPTP-v9.2.1/Problems/SYN/SYN942+1.p","Theorem","0.00 v5.3.0","Unsatisfiable",0.006737,"Theorem",0.011508,"Theorem",0.004968,"Unsatisfiable",0.013640
result,"/home/delahayed/problems/TPTP-v9.2.1/Problems/SYN/SYN943+1.p","Theorem","0.00 v9.1.0","Unsatisfiable",0.006096,"Theorem",0.010023,"Theorem",0.004797,"Unsatisfiable",0.015149
result,"/home/delahayed/problems/TPTP-v9.2.1/Problems/SYN/SYN944+1.p","Theorem","0.00 v5.3.0","Unsatisfiable",0.006480,"Theorem",0.009808,"Theorem",0.004875,"Unsatisfiable",0.013531
result,"/home/delahayed/problems/TPTP-v9.2.1/Problems/SYN/SYN945+1.p","Theorem","0.00 v5.3.0","Unsatisfiable",0.005969,"Theorem",0.009388,"Theorem",0.004708,"Unsatisfiable",0.013815
result,"/home/delahayed/problems/TPTP-v9.2.1/Problems/SYN/SYN946+1.p","Theorem","0.00 v5.3.0","Unsatisfiable",0.005828,"Theorem",0.009595,"Theorem",0.004311,"Unsatisfiable",0.013040
result,"/home/delahayed/problems/TPTP-v9.2.1/Problems/SYN/SYN947+1.p","Theorem","0.05 v9.1.0","Unsatisfiable",0.005801,"Theorem",0.009390,"Theorem",0.004745,"Unsatisfiable",0.013123
result,"/home/delahayed/problems/TPTP-v9.2.1/Problems/SYN/SYN948+1.p","Theorem","0.00 v9.1.0","Unsatisfiable",0.006523,"Theorem",0.011346,"Theorem",0.004917,"Unsatisfiable",0.013316
result,"/home/delahayed/problems/TPTP-v9.2.1/Problems/SYN/SYN949+1.p","Theorem","0.00 v5.3.0","Unsatisfiable",0.006785,"Theorem",0.009603,"Theorem",0.004582,"Unsatisfiable",0.013753
result,"/home/delahayed/problems/TPTP-v9.2.1/Problems/SYN/SYN950+1.p","Theorem","0.00 v5.4.0","Unsatisfiable",0.005770,"Theorem",0.010118,"Theorem",0.005462,"Unsatisfiable",0.013634
result,"/home/delahayed/problems/TPTP-v9.2.1/Problems/SYN/SYN951+1.p","Theorem","0.00 v5.3.0","Unsatisfiable",0.006309,"Theorem",0.009601,"Theorem",0.004762,"Unsatisfiable",0.013243
result,"/home/delahayed/problems/TPTP-v9.2.1/Problems/SYN/SYN952+1.p","Theorem","0.00 v5.3.0","Unsatisfiable",0.005502,"Theorem",0.010163,"Theorem",0.005309,"Unsatisfiable",0.013708
result,"/home/delahayed/problems/TPTP-v9.2.1/Problems/SYN/SYN953+1.p","Theorem","0.00 v5.3.0","Unsatisfiable",0.006083,"Theorem",0.010445,"Theorem",0.006168,"Unsatisfiable",0.016456
result,"/home/delahayed/problems/TPTP-v9.2.1/Problems/SYN/SYN954+1.p","Theorem","0.00 v5.3.0","Unsatisfiable",0.013450,"Theorem",0.010798,"Theorem",0.006816,"Unsatisfiable",0.015507
result,"/home/delahayed/problems/TPTP-v9.2.1/Problems/SYN/SYN955+1.p","Theorem","0.00 v5.3.0","Unsatisfiable",0.005594,"Theorem",0.012659,"Theorem",0.025301,"Unsatisfiable",0.014643
result,"/home/delahayed/problems/TPTP-v9.2.1/Problems/SYN/SYN956+1.p","Theorem","0.00 v5.3.0","Unsatisfiable",0.006922,"Theorem",0.010379,"Theorem",0.004498,"Unsatisfiable",0.014109
result,"/home/delahayed/problems/TPTP-v9.2.1/Problems/SYN/SYN957+1.p","Theorem","0.00 v5.3.0","Unsatisfiable",0.006503,"Theorem",0.010573,"Theorem",0.004671,"Unsatisfiable",0.013615
result,"/home/delahayed/problems/TPTP-v9.2.1/Problems/SYN/SYN958+1.p","Theorem","0.00 v5.3.0","Unsatisfiable",0.005416,"Theorem",0.033668,"Theorem",0.004803,"Unsatisfiable",0.014232
result,"/home/delahayed/problems/TPTP-v9.2.1/Problems/SYN/SYN959+1.p","Theorem","0.00 v5.3.0","Unsatisfiable",0.006822,"Theorem",0.011377,"Theorem",0.004447,"Unsatisfiable",0.014861
result,"/home/delahayed/problems/TPTP-v9.2.1/Problems/SYN/SYN960+1.p","Theorem","0.00 v5.3.0","Unsatisfiable",0.007317,"Theorem",0.011087,"Theorem",0.004578,"Unsatisfiable",0.013886
result,"/home/delahayed/problems/TPTP-v9.2.1/Problems/SYN/SYN961+1.p","Theorem","0.00 v5.3.0","Unsatisfiable",0.005591,"Theorem",0.017071,"Theorem",0.004652,"Unsatisfiable",0.013458
result,"/home/delahayed/problems/TPTP-v9.2.1/Problems/SYN/SYN962+1.p","Theorem","0.00 v5.3.0","Unsatisfiable",0.005159,"Theorem",0.010348,"Theorem",0.003951,"Unsatisfiable",0.012866
result,"/home/delahayed/problems/TPTP-v9.2.1/Problems/SYN/SYN963+1.p","Theorem","0.00 v5.3.0","Unsatisfiable",0.005776,"Theorem",0.010285,"Theorem",0.004777,"Unsatisfiable",0.012986
result,"/home/delahayed/problems/TPTP-v9.2.1/Problems/SYN/SYN964+1.p","Theorem","0.00 v5.3.0","Unsatisfiable",0.005507,"Theorem",0.009291,"Theorem",0.004574,"Unsatisfiable",0.012688
result,"/home/delahayed/problems/TPTP-v9.2.1/Problems/SYN/SYN965+1.p","Theorem","0.05 v9.1.0","Unsatisfiable",0.009407,"Theorem",0.009628,"Theorem",0.004488,"Unsatisfiable",0.015224
result,"/home/delahayed/problems/TPTP-v9.2.1/Problems/SYN/SYN966+1.p","Theorem","0.00 v9.1.0","Unsatisfiable",0.006770,"Theorem",0.011444,"Theorem",0.005860,"Unsatisfiable",0.016261
result,"/home/delahayed/problems/TPTP-v9.2.1/Problems/SYN/SYN967+1.p","Theorem","0.00 v5.3.0","Unsatisfiable",0.008537,"Theorem",0.010768,"Theorem",0.006037,"Unsatisfiable",0.014812
result,"/home/delahayed/problems/TPTP-v9.2.1/Problems/SYN/SYN968+1.p","Theorem","0.00 v5.3.0","Unsatisfiable",0.006060,"Theorem",0.010252,"Theorem",0.004045,"Unsatisfiable",0.013759
result,"/home/delahayed/problems/TPTP-v9.2.1/Problems/SYN/SYN969+1.p","Theorem","0.00 v5.3.0","Unsatisfiable",0.005620,"Theorem",0.009840,"Theorem",0.005557,"Unsatisfiable",0.013811
result,"/home/delahayed/problems/TPTP-v9.2.1/Problems/SYN/SYN970+1.p","Theorem","0.00 v5.3.0","Unsatisfiable",0.005948,"Theorem",0.010839,"Theorem",0.004357,"Unsatisfiable",0.018285
result,"/home/delahayed/problems/TPTP-v9.2.1/Problems/SYN/SYN971+1.p","Theorem","0.00 v9.1.0","Unsatisfiable",0.005929,"Theorem",0.010278,"Theorem",0.005963,"Unsatisfiable",0.013711
result,"/home/delahayed/problems/TPTP-v9.2.1/Problems/SYN/SYN972+1.p","Theorem","0.00 v5.4.0","Unsatisfiable",0.005126,"Theorem",0.010053,"Theorem",0.004857,"Unsatisfiable",0.013535
result,"/home/delahayed/problems/TPTP-v9.2.1/Problems/SYN/SYN973+1.p","Theorem","0.00 v5.3.0","Unsatisfiable",0.006958,"Theorem",0.010188,"Theorem",0.004717,"Unsatisfiable",0.013981
result,"/home/delahayed/problems/TPTP-v9.2.1/Problems/SYN/SYN974+1.p","Theorem","0.00 v5.3.0","Unsatisfiable",0.006154,"Theorem",0.013755,"Theorem",0.005519,"Unsatisfiable",0.015696
result,"/home/delahayed/problems/TPTP-v9.2.1/Problems/SYN/SYN975+1.p","Theorem","0.00 v5.3.0","Unsatisfiable",0.010060,"Theorem",0.011954,"Theorem",0.005655,"Unsatisfiable",0.014214
result,"/home/delahayed/problems/TPTP-v9.2.1/Problems/SYN/SYN976+1.p","Theorem","0.00 v5.3.0","Unsatisfiable",0.005914,"Theorem",0.009982,"Theorem",0.004976,"Unsatisfiable",0.013451
result,"/home/delahayed/problems/TPTP-v9.2.1/Problems/SYN/SYN977+1.p","Theorem","0.00 v4.1.0","Unsatisfiable",0.005524,"Theorem",0.009467,"Theorem",0.004293,"Unsatisfiable",0.013141
result,"/home/delahayed/problems/TPTP-v9.2.1/Problems/SYN/SYN978+1.p","Theorem","0.00 v3.1.0","Unsatisfiable",0.005252,"Theorem",0.011713,"Theorem",0.006118,"Unsatisfiable",0.017672
result,"/home/delahayed/problems/TPTP-v9.2.1/Problems/SYN/SYN979+1.p","Theorem","0.00 v5.3.0","Unsatisfiable",0.019208,"Theorem",0.021338,"Theorem",0.005721,"Unsatisfiable",0.013982
result,"/home/delahayed/problems/TPTP-v9.2.1/Problems/SYN/SYN980+1.p","Theorem","0.00 v9.1.0","Unsatisfiable",0.007806,"Theorem",0.012091,"Theorem",0.004640,"Unsatisfiable",0.014208
result,"/home/delahayed/problems/TPTP-v9.2.1/Problems/SYN/SYN981+1.p","Theorem","0.00 v5.3.0","Unsatisfiable",0.006730,"Theorem",0.011701,"Theorem",0.004507,"Unsatisfiable",0.014603
result,"/home/delahayed/problems/TPTP-v9.2.1/Problems/SYN/SYN982-1.p","Unsatisfiable","0.41 v9.1.0","Timeout",3.008901,"Unsatisfiable",0.034495,"Unsatisfiable",0.023223,"Timeout",3.232907

section,prover,scope,total,success,timeout,incomplete,unsound,uniques,error,avg_time_s
prover_stats,"ip","Tous",1165,"873 (74.9%)","289 (24.8%)","0 (0.0%)","0 (0.0%)",1,"3 (0.3%)",1.594639
prover_stats,"ip","Theorem/Unsatisfiable",863,"571 (66.2%)","289 (33.5%)","0 (0.0%)","0 (0.0%)",1,"3 (0.3%)",1.127664
prover_stats,"ip","Theorem (FOF)",276,"191 (69.2%)","82 (29.7%)","0 (0.0%)","0 (0.0%)",0,"3 (1.1%)",0.944972
prover_stats,"ip","Unsatisfiable (CNF)",587,"380 (64.7%)","207 (35.3%)","0 (0.0%)","0 (0.0%)",1,"0 (0.0%)",1.213563
prover_stats,"vampire","Tous",1165,"1159 (99.5%)","6 (0.5%)","0 (0.0%)","0 (0.0%)",11,"0 (0.0%)",0.267080
prover_stats,"vampire","Theorem/Unsatisfiable",863,"857 (99.3%)","6 (0.7%)","0 (0.0%)","0 (0.0%)",11,"0 (0.0%)",0.082226
prover_stats,"vampire","Theorem (FOF)",276,"275 (99.6%)","1 (0.4%)","0 (0.0%)","0 (0.0%)",1,"0 (0.0%)",0.053541
prover_stats,"vampire","Unsatisfiable (CNF)",587,"582 (99.1%)","5 (0.9%)","0 (0.0%)","0 (0.0%)",10,"0 (0.0%)",0.095713
prover_stats,"e","Tous",1165,"1141 (97.9%)","24 (2.1%)","0 (0.0%)","0 (0.0%)",4,"0 (0.0%)",0.504865
prover_stats,"e","Theorem/Unsatisfiable",863,"839 (97.2%)","24 (2.8%)","0 (0.0%)","0 (0.0%)",4,"0 (0.0%)",0.223127
prover_stats,"e","Theorem (FOF)",276,"270 (97.8%)","6 (2.2%)","0 (0.0%)","0 (0.0%)",0,"0 (0.0%)",0.201109
prover_stats,"e","Unsatisfiable (CNF)",587,"569 (96.9%)","18 (3.1%)","0 (0.0%)","0 (0.0%)",4,"0 (0.0%)",0.233480
prover_stats,"zenon","Tous",1165,"796 (68.3%)","360 (30.9%)","9 (0.8%)","0 (0.0%)",0,"0 (0.0%)",2.430481
prover_stats,"zenon","Theorem/Unsatisfiable",863,"494 (57.2%)","360 (41.7%)","9 (1.0%)","0 (0.0%)",0,"0 (0.0%)",2.199715
prover_stats,"zenon","Theorem (FOF)",276,"257 (93.1%)","13 (4.7%)","6 (2.2%)","0 (0.0%)",0,"0 (0.0%)",1.454334
prover_stats,"zenon","Unsatisfiable (CNF)",587,"237 (40.4%)","347 (59.1%)","3 (0.5%)","0 (0.0%)",0,"0 (0.0%)",2.550184

section,prover_a,prover_b,win,draw,loss
pair_stats,"ip","vampire",1,877,287
pair_stats,"ip","e",8,881,276
pair_stats,"ip","zenon",157,928,80
pair_stats,"vampire","ip",287,877,1
pair_stats,"vampire","e",22,1139,4
pair_stats,"vampire","zenon",363,802,0
pair_stats,"e","ip",276,881,8
pair_stats,"e","vampire",4,1139,22
pair_stats,"e","zenon",349,812,4
pair_stats,"zenon","ip",80,928,157
pair_stats,"zenon","vampire",0,802,363
pair_stats,"zenon","e",4,812,349
