# bench_date,"2026-05-15_13-13-44"
# problem_dir,"/home/delahayed/problems/TPTP-v9.2.1/Problems/SYN"
# home,"/home/delahaye/ip/bench/problems/TPTP-v9.2.1/Problems/SYN"
# logs_dir,"/home/delahayed/benchs-ip/logs"
# time_limit_seconds,3
# robust_time_limit,false
# size_limit_gb,
# max_clauses,
# mode,"ordered-fallback"
# casc,
# only_ip,false
# version_ip,"8dfcd15"
# version_vampire,"Vampire 5.0.1 (Release build, commit 9eeba91d1 on 2026-05-09 07:13:19 +0100)"
# version_e,"E 3.3.2 Countess Grey (37fde70d516b57cb64294f8fe39bc16ece8198f8)"
# version_zenon,"zenon version 0.8.5 [a270] 2020-10-23"

section,problem,expected_status,rating,ip,ip_time_s,vampire,vampire_time_s,e,e_time_s,zenon,zenon_time_s
result,"SYN000+1.p","Theorem","0.18 v9.1.0","Unsatisfiable",0.103390,"Theorem",0.037360,"Theorem",0.006544,"Unsatisfiable",0.037369
result,"SYN000-1.p","Unsatisfiable","0.18 v9.1.0","Unsatisfiable",0.037971,"Unsatisfiable",0.013800,"Unsatisfiable",0.006295,"Unsatisfiable",0.018012
result,"SYN001+1.p","Theorem","0.00 v2.1.0","Unsatisfiable",0.005921,"Theorem",0.011287,"Theorem",0.005135,"Unsatisfiable",0.014965
result,"SYN006-1.p","Unsatisfiable","0.00 v6.3.0","Unsatisfiable",0.006450,"Unsatisfiable",0.012833,"Unsatisfiable",0.005949,"Unsatisfiable",0.019607
result,"SYN008-1.p","Unsatisfiable","0.00 v2.0.0","Unsatisfiable",0.005832,"Unsatisfiable",0.011996,"Unsatisfiable",0.005149,"Unsatisfiable",0.014723
result,"SYN009-1.p","Unsatisfiable","0.00 v2.0.0","Unsatisfiable",0.006340,"Unsatisfiable",0.011475,"Unsatisfiable",0.005440,"Unsatisfiable",0.016222
result,"SYN011-1.p","Unsatisfiable","0.00 v2.0.0","Unsatisfiable",0.007841,"Unsatisfiable",0.012311,"Unsatisfiable",0.005109,"Unsatisfiable",0.015001
result,"SYN012-1.p","Unsatisfiable","0.08 v9.1.0","Timeout",3.013917,"Unsatisfiable",0.038715,"Unsatisfiable",0.005324,"Timeout",3.413228
result,"SYN013-1.p","Unsatisfiable","0.05 v9.0.0","Timeout",3.007413,"Unsatisfiable",0.125238,"Unsatisfiable",0.005680,"Unsatisfiable",2.161179
result,"SYN014-1.p","Unsatisfiable","0.09 v9.1.0","Timeout",3.007833,"Unsatisfiable",0.035224,"Unsatisfiable",0.006733,"Timeout",3.533779
result,"SYN015-1.p","Unsatisfiable","0.09 v9.1.0","Timeout",3.007473,"Unsatisfiable",0.037264,"Unsatisfiable",0.006947,"Timeout",3.954391
result,"SYN028-1.p","Unsatisfiable","0.00 v2.0.0","Unsatisfiable",0.006436,"Unsatisfiable",0.053761,"Unsatisfiable",0.005088,"Unsatisfiable",0.014123
result,"SYN029-1.p","Unsatisfiable","0.00 v2.0.0","Unsatisfiable",0.006492,"Unsatisfiable",0.011811,"Unsatisfiable",0.005007,"Unsatisfiable",0.014554
result,"SYN030-1.p","Unsatisfiable","0.00 v2.0.0","Unsatisfiable",0.007949,"Unsatisfiable",0.012286,"Unsatisfiable",0.004947,"Unsatisfiable",0.015035
result,"SYN031-1.p","Unsatisfiable","0.00 v2.0.0","Unsatisfiable",0.005791,"Unsatisfiable",0.012751,"Unsatisfiable",0.005082,"Unsatisfiable",0.015416
result,"SYN032-1.p","Unsatisfiable","0.00 v2.0.0","Unsatisfiable",0.007034,"Unsatisfiable",0.011418,"Unsatisfiable",0.005281,"Unsatisfiable",0.014504
result,"SYN033-1.p","Unsatisfiable","0.00 v2.0.0","Unsatisfiable",0.008263,"Unsatisfiable",0.012752,"Unsatisfiable",0.005520,"Timeout",4.006405
result,"SYN034-1.p","Unsatisfiable","0.00 v2.0.0","Unsatisfiable",0.006924,"Unsatisfiable",0.035148,"Unsatisfiable",0.006526,"Unsatisfiable",0.015653
result,"SYN035-1.p","Unsatisfiable","0.06 v9.1.0","Unsatisfiable",0.009092,"Unsatisfiable",0.014173,"Unsatisfiable",0.005720,"Unsatisfiable",0.018233
result,"SYN036+1.p","Theorem","0.05 v9.1.0","Timeout",3.018108,"Theorem",0.039175,"Theorem",0.573176,"Unsatisfiable",0.016713
result,"SYN036-1.p","Unsatisfiable","0.23 v9.1.0","Timeout",3.008812,"Unsatisfiable",0.035749,"Unsatisfiable",0.657503,"Timeout",4.569663
result,"SYN037-1.p","Unsatisfiable","0.08 v9.1.0","Timeout",3.007954,"Unsatisfiable",0.036485,"Unsatisfiable",0.006982,"Unsatisfiable",0.023036
result,"SYN038-1.p","Unsatisfiable","0.08 v9.1.0","Timeout",3.015894,"Unsatisfiable",0.013534,"Unsatisfiable",0.005838,"Timeout",3.205520
result,"SYN039-1.p","Unsatisfiable","0.08 v9.1.0","Timeout",3.007266,"Unsatisfiable",0.017260,"Unsatisfiable",0.650974,"Timeout",3.210823
result,"SYN040+1.p","Theorem","0.00 v2.1.0","Unsatisfiable",0.006056,"Theorem",0.012589,"Theorem",0.004602,"Unsatisfiable",0.015180
result,"SYN040-1.p","Unsatisfiable","0.00 v2.0.0","Unsatisfiable",0.005886,"Unsatisfiable",0.012268,"Unsatisfiable",0.004470,"Unsatisfiable",0.014381
result,"SYN041+1.p","Theorem","0.00 v2.3.0","Unsatisfiable",0.006364,"Theorem",0.011764,"Theorem",0.004818,"Unsatisfiable",0.014547
result,"SYN041-1.p","Unsatisfiable","0.00 v2.0.0","Unsatisfiable",0.012108,"Unsatisfiable",0.012107,"Unsatisfiable",0.004433,"Unsatisfiable",0.013923
result,"SYN044+1.p","Theorem","0.00 v2.1.0","Unsatisfiable",0.006266,"Theorem",0.012226,"Theorem",0.004794,"Unsatisfiable",0.014231
result,"SYN044-1.p","Unsatisfiable","0.00 v2.0.0","Unsatisfiable",0.006701,"Unsatisfiable",0.035580,"Unsatisfiable",0.004828,"Unsatisfiable",0.014551
result,"SYN045+1.p","Theorem","0.00 v2.1.0","Unsatisfiable",0.005993,"Theorem",0.012566,"Theorem",0.005020,"Unsatisfiable",0.015041
result,"SYN045-1.p","Unsatisfiable","0.00 v2.0.0","Unsatisfiable",0.006471,"Unsatisfiable",0.011546,"Unsatisfiable",0.004714,"Unsatisfiable",0.015264
result,"SYN046+1.p","Theorem","0.00 v2.1.0","Unsatisfiable",0.005534,"Theorem",0.011975,"Theorem",0.004556,"Unsatisfiable",0.014636
result,"SYN046-1.p","Unsatisfiable","0.00 v2.0.0","Unsatisfiable",0.005516,"Unsatisfiable",0.011459,"Unsatisfiable",0.004763,"Unsatisfiable",0.015811
result,"SYN047+1.p","Theorem","0.00 v4.1.0","Unsatisfiable",0.006814,"Theorem",0.011024,"Theorem",0.004549,"Unsatisfiable",0.015040
result,"SYN047-1.p","Unsatisfiable","0.00 v2.0.0","Unsatisfiable",0.006342,"Unsatisfiable",0.012005,"Unsatisfiable",0.004406,"Unsatisfiable",0.015273
result,"SYN048+1.p","Theorem","0.00 v5.3.0","Unsatisfiable",0.005971,"Theorem",0.012354,"Theorem",0.004856,"Unsatisfiable",0.015460
result,"SYN048-1.p","Unsatisfiable","0.06 v9.1.0","Unsatisfiable",0.005846,"Unsatisfiable",0.011585,"Unsatisfiable",0.004582,"Unsatisfiable",0.016210
result,"SYN049+1.p","Theorem","0.00 v9.1.0","Unsatisfiable",0.005375,"Theorem",0.012071,"Theorem",0.004679,"Unsatisfiable",0.015482
result,"SYN049-1.p","Unsatisfiable","0.00 v5.3.0","Unsatisfiable",0.005592,"Unsatisfiable",0.011007,"Unsatisfiable",0.004453,"Unsatisfiable",0.014404
result,"SYN050+1.p","Theorem","0.00 v9.1.0","Unsatisfiable",0.006099,"Theorem",0.012523,"Theorem",0.005264,"Unsatisfiable",0.017765
result,"SYN050-1.p","Unsatisfiable","0.06 v9.1.0","Unsatisfiable",0.005531,"Unsatisfiable",0.011909,"Unsatisfiable",0.005341,"Unsatisfiable",0.014814
result,"SYN051+1.p","Theorem","0.00 v5.4.0","Unsatisfiable",0.005841,"Theorem",0.011301,"Theorem",0.005373,"Unsatisfiable",0.014351
result,"SYN051-1.p","Unsatisfiable","0.00 v2.0.0","Unsatisfiable",0.005963,"Unsatisfiable",0.010828,"Unsatisfiable",0.005352,"Unsatisfiable",0.015318
result,"SYN052+1.p","Theorem","0.00 v5.3.0","Unsatisfiable",0.012246,"Theorem",0.012577,"Theorem",0.004508,"Unsatisfiable",0.014465
result,"SYN052-1.p","Unsatisfiable","0.00 v2.0.0","Unsatisfiable",0.005744,"Unsatisfiable",0.012424,"Unsatisfiable",0.004931,"Unsatisfiable",0.014913
result,"SYN053+1.p","Theorem","0.00 v5.3.0","Unsatisfiable",0.006883,"Theorem",0.011714,"Theorem",0.004928,"Unsatisfiable",0.014657
result,"SYN053-1.p","Unsatisfiable","0.00 v2.1.0","Unsatisfiable",0.006564,"Unsatisfiable",0.012311,"Unsatisfiable",0.005310,"Unsatisfiable",0.014964
result,"SYN054+1.p","Theorem","0.00 v5.3.0","Unsatisfiable",0.007718,"Theorem",0.033586,"Theorem",0.005244,"Unsatisfiable",0.016224
result,"SYN054-1.p","Unsatisfiable","0.00 v2.0.0","Unsatisfiable",0.008608,"Unsatisfiable",0.012333,"Unsatisfiable",0.005325,"Unsatisfiable",0.015216
result,"SYN055+1.p","ContradictoryAxioms","0.00 v8.1.0","Unsatisfiable",0.007287,"Theorem",0.012120,"ContradictoryAxioms",0.005282,"Unsatisfiable",0.014529
result,"SYN055-1.p","Unsatisfiable","0.00 v2.0.0","Unsatisfiable",0.017425,"Unsatisfiable",0.011396,"Unsatisfiable",0.005148,"Unsatisfiable",0.015746
result,"SYN056+1.p","Theorem","0.00 v5.3.0","Unsatisfiable",0.033136,"Theorem",0.030442,"Theorem",0.005517,"Unsatisfiable",0.015451
result,"SYN056-1.p","Satisfiable","0.00 v2.1.0","Timeout",3.006483,"Satisfiable",0.028516,"Satisfiable",0.005705,"Timeout",5.560046
result,"SYN057+1.p","Theorem","0.00 v5.3.0","Unsatisfiable",0.007530,"Theorem",0.011431,"Theorem",0.005758,"Unsatisfiable",0.014891
result,"SYN057-1.p","Unsatisfiable","0.00 v2.0.0","Unsatisfiable",0.007300,"Unsatisfiable",0.011568,"Unsatisfiable",0.005258,"Unsatisfiable",0.014754
result,"SYN058+1.p","Theorem","0.00 v5.3.0","Unsatisfiable",0.006888,"Theorem",0.011120,"Theorem",0.005927,"Unsatisfiable",0.015337
result,"SYN058-1.p","Unsatisfiable","0.00 v2.0.0","Unsatisfiable",0.006626,"Unsatisfiable",0.011202,"Unsatisfiable",0.005014,"Unsatisfiable",0.014471
result,"SYN059+1.p","Theorem","0.00 v2.1.0","Unsatisfiable",0.784749,"Theorem",0.012631,"Theorem",0.006374,"Unsatisfiable",0.015269
result,"SYN059-1.p","Satisfiable","0.00 v2.2.0","Timeout",3.006223,"Satisfiable",0.046716,"Satisfiable",0.006729,"Satisfiable",0.017801
result,"SYN060+1.p","Theorem","0.00 v5.3.0","Unsatisfiable",0.005971,"Theorem",0.011908,"Theorem",0.005304,"Unsatisfiable",0.014977
result,"SYN060-1.p","Unsatisfiable","0.00 v2.0.0","Unsatisfiable",0.006422,"Unsatisfiable",0.012046,"Unsatisfiable",0.004570,"Unsatisfiable",0.015093
result,"SYN061+1.p","Theorem","0.00 v4.1.0","Unsatisfiable",0.006488,"Theorem",0.012717,"Theorem",0.005727,"Unsatisfiable",0.015239
result,"SYN061-1.p","Unsatisfiable","0.00 v2.0.0","Unsatisfiable",0.006254,"Unsatisfiable",0.011590,"Unsatisfiable",0.005092,"Unsatisfiable",0.015243
result,"SYN062+1.p","Theorem","0.00 v5.3.0","Unsatisfiable",0.006536,"Theorem",0.011400,"Theorem",0.005358,"Unsatisfiable",0.014869
result,"SYN062-1.p","Unsatisfiable","0.00 v2.0.0","Unsatisfiable",0.006535,"Unsatisfiable",0.011890,"Unsatisfiable",0.005370,"Unsatisfiable",0.015461
result,"SYN063+1.p","Theorem","0.00 v5.5.0","Unsatisfiable",0.013501,"Theorem",0.015010,"Theorem",0.005577,"Unsatisfiable",0.015056
result,"SYN063-1.p","Unsatisfiable","0.00 v2.0.0","Unsatisfiable",0.007888,"Unsatisfiable",0.012258,"Unsatisfiable",0.005262,"Unsatisfiable",0.014999
result,"SYN064+1.p","Theorem","0.00 v5.5.0","Unsatisfiable",0.008954,"Theorem",0.012660,"Theorem",0.004804,"Unsatisfiable",0.014770
result,"SYN064-1.p","Unsatisfiable","0.06 v9.1.0","Unsatisfiable",0.005576,"Unsatisfiable",0.012511,"Unsatisfiable",0.004989,"Unsatisfiable",0.016133
result,"SYN065+1.p","Theorem","0.00 v6.3.0","Unsatisfiable",0.006074,"Theorem",0.012179,"Theorem",0.005310,"Unsatisfiable",0.016588
result,"SYN065-1.p","Unsatisfiable","0.00 v6.1.0","Unsatisfiable",0.007264,"Unsatisfiable",0.016568,"Unsatisfiable",0.005295,"Unsatisfiable",0.017287
result,"SYN066+1.p","Theorem","0.05 v9.1.0","Unsatisfiable",0.006038,"Theorem",0.013968,"Theorem",0.005409,"Unsatisfiable",0.016730
result,"SYN066-1.p","Unsatisfiable","0.00 v7.1.0","Unsatisfiable",0.006079,"Unsatisfiable",0.016817,"Unsatisfiable",0.005275,"Unsatisfiable",0.034907
result,"SYN067+1.p","Theorem","0.15 v9.1.0","Timeout",3.007446,"Theorem",0.053598,"Theorem",0.110077,"Unsatisfiable",0.015886
result,"SYN067-1.p","Unsatisfiable","0.31 v9.1.0","Timeout",3.007348,"Unsatisfiable",0.052641,"Unsatisfiable",0.093612,"Timeout",4.555177
result,"SYN068+1.p","Theorem","0.00 v5.3.0","Unsatisfiable",0.007277,"Theorem",0.036365,"Theorem",0.005691,"Unsatisfiable",0.015304
result,"SYN068-1.p","Unsatisfiable","0.00 v5.4.0","Unsatisfiable",0.006932,"Unsatisfiable",0.017065,"Unsatisfiable",0.005596,"Unsatisfiable",0.015019
result,"SYN069+1.p","ContradictoryAxioms","0.00 v6.3.0","Unsatisfiable",0.009413,"ContradictoryAxioms",0.013628,"Theorem",0.006010,"Unsatisfiable",0.015825
result,"SYN069-1.p","Unsatisfiable","0.00 v2.0.0","Unsatisfiable",0.012275,"Unsatisfiable",0.016890,"Unsatisfiable",0.005449,"Unsatisfiable",0.016151
result,"SYN070+1.p","Theorem","0.00 v5.3.0","Unsatisfiable",0.012940,"Theorem",0.029162,"Theorem",0.005793,"Unsatisfiable",0.015264
result,"SYN070-1.p","Unsatisfiable","0.00 v6.3.0","Unsatisfiable",0.026762,"Unsatisfiable",0.013160,"Unsatisfiable",0.005564,"Unsatisfiable",0.016048
result,"SYN071+1.p","Theorem","0.00 v5.3.0","Unsatisfiable",0.007070,"Theorem",0.012660,"Theorem",0.004876,"Satisfiable",0.014509
result,"SYN071-1.p","Unsatisfiable","0.00 v6.1.0","Unsatisfiable",0.007290,"Unsatisfiable",0.013298,"Unsatisfiable",0.005129,"Satisfiable",0.014714
result,"SYN072+1.p","Theorem","0.00 v5.3.0","Unsatisfiable",0.077142,"Theorem",0.031559,"Theorem",0.005723,"Satisfiable",0.014764
result,"SYN072-1.p","Unsatisfiable","0.00 v6.1.0","Unsatisfiable",0.078066,"Unsatisfiable",0.031161,"Unsatisfiable",0.005479,"Satisfiable",0.014252
result,"SYN073+1.p","Theorem","0.00 v9.1.0","Unsatisfiable",0.005602,"Theorem",0.012111,"Theorem",0.005488,"Unsatisfiable",0.014960
result,"SYN073-1.p","Unsatisfiable","0.00 v2.0.0","Unsatisfiable",0.005788,"Unsatisfiable",0.040142,"Unsatisfiable",0.005596,"Unsatisfiable",0.015279
result,"SYN074+1.p","Theorem","0.18 v9.1.0","Timeout",3.009202,"Theorem",0.116988,"Theorem",0.006060,"Satisfiable",0.015178
result,"SYN074-1.p","Unsatisfiable","0.05 v9.1.0","Unsatisfiable",1.255393,"Unsatisfiable",0.046398,"Unsatisfiable",0.006109,"Timeout",3.753815
result,"SYN075+1.p","Theorem","0.18 v9.1.0","Timeout",3.008811,"Theorem",0.014938,"Theorem",0.006005,"Satisfiable",0.152522
result,"SYN075-1.p","Unsatisfiable","0.05 v9.0.0","Timeout",3.009104,"Unsatisfiable",0.047729,"Unsatisfiable",0.008546,"Timeout",3.243588
result,"SYN076+1.p","Theorem","0.82 v9.1.0","Timeout",3.009837,"Timeout",2.993873,"Timeout",3.052271,"Satisfiable",0.016286
result,"SYN076-1.p","Unsatisfiable","0.82 v9.1.0","Unsatisfiable",0.533974,"Timeout",2.935282,"Timeout",3.051033,"Timeout",4.267891
result,"SYN077+1.p","Theorem","0.18 v9.1.0","Timeout",3.006340,"Theorem",0.048221,"Theorem",0.006277,"Timeout",24.525535
result,"SYN077-1.p","Unsatisfiable","0.09 v9.1.0","Timeout",3.007295,"Unsatisfiable",0.043012,"Unsatisfiable",0.006023,"Timeout",3.685504
result,"SYN078+1.p","Theorem","0.06 v9.0.0","Timeout",3.007165,"Theorem",0.052050,"Theorem",0.005165,"Unsatisfiable",0.015046
result,"SYN078-1.p","Satisfiable","0.12 v9.1.0","Timeout",3.007697,"Satisfiable",0.056697,"Satisfiable",0.005389,"Timeout",29.500531
result,"SYN079+1.p","Theorem","0.00 v5.3.0","Unsatisfiable",0.005828,"Theorem",0.034001,"Theorem",0.005831,"Unsatisfiable",0.015078
result,"SYN079-1.p","Unsatisfiable","0.00 v5.3.0","Unsatisfiable",0.010817,"Unsatisfiable",0.012419,"Unsatisfiable",0.004895,"Unsatisfiable",0.014637
result,"SYN080+1.p","Theorem","0.00 v6.3.0","Unsatisfiable",0.005390,"Theorem",0.012739,"Theorem",0.005063,"Unsatisfiable",0.016289
result,"SYN080-1.p","Unsatisfiable","0.04 v9.1.0","Unsatisfiable",0.007762,"Unsatisfiable",0.013759,"Unsatisfiable",0.005668,"Unsatisfiable",0.016193
result,"SYN081+1.p","Theorem","0.00 v9.1.0","Unsatisfiable",0.005646,"Theorem",0.012491,"Theorem",0.005437,"Unsatisfiable",0.015060
result,"SYN081-1.p","Unsatisfiable","0.00 v6.3.0","Unsatisfiable",0.005781,"Unsatisfiable",0.012300,"Unsatisfiable",0.004772,"Unsatisfiable",0.015087
result,"SYN082+1.p","Theorem","0.00 v9.1.0","Unsatisfiable",0.010193,"Theorem",0.013687,"Theorem",0.005444,"Unsatisfiable",0.014709
result,"SYN082-1.p","Unsatisfiable","0.00 v7.1.0","Unsatisfiable",0.009263,"Unsatisfiable",0.013950,"Unsatisfiable",0.005783,"Unsatisfiable",0.015581
result,"SYN083+1.p","Theorem","0.09 v9.1.0","Unsatisfiable",0.005737,"Theorem",0.013052,"Theorem",0.005007,"Timeout",3.275555
result,"SYN083-1.p","Unsatisfiable","0.04 v9.1.0","Unsatisfiable",0.006075,"Unsatisfiable",0.011481,"Unsatisfiable",0.004633,"Timeout",3.283304
result,"SYN084+1.p","Theorem","0.00 v9.1.0","Unsatisfiable",0.240790,"Theorem",0.037910,"Theorem",0.005924,"Unsatisfiable",0.014960
result,"SYN084-1.p","Satisfiable","0.00 v5.4.0","Timeout",3.008617,"Satisfiable",0.054280,"Satisfiable",0.004835,"Timeout",3.974733
result,"SYN103-1.p","Unsatisfiable","0.00 v7.3.0","Unsatisfiable",0.184708,"Unsatisfiable",0.082444,"Unsatisfiable",0.009713,"Unsatisfiable",0.021652
result,"SYN104-1.p","Unsatisfiable","0.00 v7.3.0","Unsatisfiable",0.105587,"Unsatisfiable",0.013978,"Unsatisfiable",0.009631,"Unsatisfiable",0.020771
result,"SYN105-1.p","Unsatisfiable","0.00 v7.3.0","Unsatisfiable",0.113243,"Unsatisfiable",0.013676,"Unsatisfiable",0.016203,"Unsatisfiable",0.084766
result,"SYN106-1.p","Unsatisfiable","0.00 v7.3.0","Unsatisfiable",0.111838,"Unsatisfiable",0.014131,"Unsatisfiable",0.017020,"Unsatisfiable",0.159935
result,"SYN107-1.p","Unsatisfiable","0.00 v7.3.0","Unsatisfiable",0.126787,"Unsatisfiable",0.015390,"Unsatisfiable",0.017957,"Unsatisfiable",0.248073
result,"SYN108-1.p","Unsatisfiable","0.00 v7.3.0","Unsatisfiable",0.124791,"Unsatisfiable",0.013913,"Unsatisfiable",0.017105,"Unsatisfiable",0.291334
result,"SYN109-1.p","Unsatisfiable","0.00 v7.3.0","Unsatisfiable",0.268592,"Unsatisfiable",0.040860,"Unsatisfiable",0.028152,"Unsatisfiable",2.163148
result,"SYN110-1.p","Unsatisfiable","0.00 v7.3.0","Unsatisfiable",0.714916,"Unsatisfiable",0.059293,"Unsatisfiable",0.026127,"Timeout",3.333311
result,"SYN111-1.p","Unsatisfiable","0.00 v7.3.0","Unsatisfiable",0.312466,"Unsatisfiable",0.069828,"Unsatisfiable",0.022129,"Timeout",3.416122
result,"SYN112-1.p","Unsatisfiable","0.00 v7.3.0","Unsatisfiable",0.128681,"Unsatisfiable",0.014494,"Unsatisfiable",0.016518,"Unsatisfiable",0.120182
result,"SYN113-1.p","Unsatisfiable","0.00 v7.3.0","Unsatisfiable",0.231946,"Unsatisfiable",0.067895,"Unsatisfiable",0.022874,"Unsatisfiable",0.624296
result,"SYN114-1.p","Unsatisfiable","0.00 v7.3.0","Unsatisfiable",0.190286,"Unsatisfiable",0.014960,"Unsatisfiable",0.016835,"Unsatisfiable",0.095434
result,"SYN115-1.p","Unsatisfiable","0.00 v7.3.0","Unsatisfiable",0.846063,"Unsatisfiable",0.065989,"Unsatisfiable",0.034027,"Timeout",3.132609
result,"SYN116-1.p","Unsatisfiable","0.00 v7.3.0","Unsatisfiable",0.359182,"Unsatisfiable",0.039075,"Unsatisfiable",0.019082,"Unsatisfiable",2.562115
result,"SYN117-1.p","Unsatisfiable","0.00 v7.3.0","Unsatisfiable",0.518803,"Unsatisfiable",0.049403,"Unsatisfiable",0.019597,"Timeout",3.344846
result,"SYN118-1.p","Unsatisfiable","0.00 v7.3.0","Unsatisfiable",0.115965,"Unsatisfiable",0.014650,"Unsatisfiable",0.010152,"Unsatisfiable",0.021550
result,"SYN119-1.p","Unsatisfiable","0.00 v7.3.0","Unsatisfiable",0.110396,"Unsatisfiable",0.015139,"Unsatisfiable",0.010040,"Unsatisfiable",0.023914
result,"SYN120-1.p","Unsatisfiable","0.00 v7.3.0","Unsatisfiable",0.111448,"Unsatisfiable",0.014989,"Unsatisfiable",0.017791,"Unsatisfiable",0.119922
result,"SYN121-1.p","Unsatisfiable","0.00 v7.3.0","Unsatisfiable",0.173526,"Unsatisfiable",0.037803,"Unsatisfiable",0.030678,"Timeout",3.317042
result,"SYN122-1.p","Unsatisfiable","0.00 v7.3.0","Unsatisfiable",0.151177,"Unsatisfiable",0.077148,"Unsatisfiable",0.023840,"Timeout",3.111787
result,"SYN123-1.p","Unsatisfiable","0.00 v7.3.0","Unsatisfiable",0.134471,"Unsatisfiable",0.044510,"Unsatisfiable",0.024872,"Unsatisfiable",0.401784
result,"SYN124-1.p","Unsatisfiable","0.00 v7.3.0","Unsatisfiable",0.433925,"Unsatisfiable",0.016347,"Unsatisfiable",0.017852,"Unsatisfiable",0.607751
result,"SYN125-1.p","Unsatisfiable","0.00 v7.3.0","Unsatisfiable",0.134819,"Unsatisfiable",0.019980,"Unsatisfiable",0.022657,"Unsatisfiable",0.418906
result,"SYN126-1.p","Unsatisfiable","0.00 v7.3.0","Unsatisfiable",0.136251,"Unsatisfiable",0.020979,"Unsatisfiable",0.017771,"Timeout",3.249646
result,"SYN127-1.p","Unsatisfiable","0.00 v7.3.0","Unsatisfiable",0.134821,"Unsatisfiable",0.047284,"Unsatisfiable",0.017614,"Timeout",3.258381
result,"SYN128-1.p","Unsatisfiable","0.00 v7.3.0","Timeout",3.010878,"Unsatisfiable",0.046415,"Unsatisfiable",0.038966,"Timeout",3.455088
result,"SYN129-1.p","Unsatisfiable","0.00 v7.3.0","Timeout",3.010760,"Unsatisfiable",0.017536,"Unsatisfiable",0.038771,"Timeout",3.372450
result,"SYN130-1.p","Unsatisfiable","0.00 v7.3.0","Unsatisfiable",0.116362,"Unsatisfiable",0.034646,"Unsatisfiable",0.016725,"Unsatisfiable",0.052170
result,"SYN131-1.p","Unsatisfiable","0.00 v7.3.0","Unsatisfiable",0.106591,"Unsatisfiable",0.014010,"Unsatisfiable",0.010249,"Unsatisfiable",0.035081
result,"SYN132-1.p","Unsatisfiable","0.00 v7.3.0","Unsatisfiable",0.104551,"Unsatisfiable",0.014636,"Unsatisfiable",0.016935,"Unsatisfiable",0.034515
result,"SYN133-1.p","Unsatisfiable","0.00 v7.3.0","Unsatisfiable",0.108346,"Unsatisfiable",0.015212,"Unsatisfiable",0.017509,"Unsatisfiable",0.038851
result,"SYN134-1.p","Unsatisfiable","0.00 v7.3.0","Unsatisfiable",0.119932,"Unsatisfiable",0.015990,"Unsatisfiable",0.023732,"Unsatisfiable",0.635081
result,"SYN135-1.p","Unsatisfiable","0.00 v7.3.0","Unsatisfiable",0.184163,"Unsatisfiable",0.037837,"Unsatisfiable",0.017595,"Unsatisfiable",0.151596
result,"SYN136-1.p","Unsatisfiable","0.00 v7.3.0","Unsatisfiable",0.182393,"Unsatisfiable",0.015439,"Unsatisfiable",0.017641,"Unsatisfiable",1.734983
result,"SYN137-1.p","Unsatisfiable","0.00 v7.3.0","Unsatisfiable",0.604590,"Unsatisfiable",0.041098,"Unsatisfiable",0.043110,"Timeout",3.709647
result,"SYN138-1.p","Unsatisfiable","0.00 v7.3.0","Unsatisfiable",0.786641,"Unsatisfiable",0.041860,"Unsatisfiable",0.031851,"Timeout",3.801850
result,"SYN139-1.p","Unsatisfiable","0.00 v7.3.0","Unsatisfiable",0.656196,"Unsatisfiable",0.066067,"Unsatisfiable",0.045466,"Timeout",3.400349
result,"SYN140-1.p","Unsatisfiable","0.00 v7.3.0","Unsatisfiable",0.702967,"Unsatisfiable",0.080858,"Unsatisfiable",0.040346,"Timeout",3.334147
result,"SYN141-1.p","Unsatisfiable","0.00 v7.3.0","Unsatisfiable",1.107092,"Unsatisfiable",0.040461,"Unsatisfiable",0.033452,"Timeout",3.240573
result,"SYN142-1.p","Unsatisfiable","0.00 v7.3.0","Unsatisfiable",2.433510,"Unsatisfiable",0.074736,"Unsatisfiable",0.047959,"Timeout",3.353527
result,"SYN143-1.p","Unsatisfiable","0.00 v7.3.0","Unsatisfiable",2.398512,"Unsatisfiable",0.049110,"Unsatisfiable",0.047368,"Timeout",3.292726
result,"SYN144-1.p","Unsatisfiable","0.00 v7.3.0","Unsatisfiable",0.311552,"Unsatisfiable",0.043914,"Unsatisfiable",0.022839,"Timeout",3.350483
result,"SYN145-1.p","Unsatisfiable","0.00 v7.3.0","Unsatisfiable",0.106283,"Unsatisfiable",0.046465,"Unsatisfiable",0.009758,"Unsatisfiable",0.034705
result,"SYN146-1.p","Unsatisfiable","0.00 v7.3.0","Unsatisfiable",0.118570,"Unsatisfiable",0.014468,"Unsatisfiable",0.009885,"Unsatisfiable",0.033205
result,"SYN147-1.p","Unsatisfiable","0.00 v7.3.0","Unsatisfiable",0.120558,"Unsatisfiable",0.028361,"Unsatisfiable",0.010527,"Unsatisfiable",0.034195
result,"SYN148-1.p","Unsatisfiable","0.00 v7.3.0","Unsatisfiable",0.173281,"Unsatisfiable",0.040474,"Unsatisfiable",0.034151,"Unsatisfiable",1.029333
result,"SYN149-1.p","Unsatisfiable","0.00 v7.3.0","Unsatisfiable",0.127703,"Unsatisfiable",0.040546,"Unsatisfiable",0.019119,"Unsatisfiable",0.052636
result,"SYN150-1.p","Unsatisfiable","0.00 v7.3.0","Unsatisfiable",0.120997,"Unsatisfiable",0.014929,"Unsatisfiable",0.020420,"Unsatisfiable",0.378702
result,"SYN151-1.p","Unsatisfiable","0.00 v7.3.0","Unsatisfiable",0.130382,"Unsatisfiable",0.021256,"Unsatisfiable",0.022579,"Unsatisfiable",0.743029
result,"SYN152-1.p","Unsatisfiable","0.00 v7.3.0","Unsatisfiable",0.124146,"Unsatisfiable",0.037613,"Unsatisfiable",0.016722,"Unsatisfiable",0.337612
result,"SYN153-1.p","Unsatisfiable","0.00 v7.3.0","Unsatisfiable",0.168196,"Unsatisfiable",0.019281,"Unsatisfiable",0.017660,"Unsatisfiable",0.617768
result,"SYN154-1.p","Unsatisfiable","0.00 v7.3.0","Unsatisfiable",0.174904,"Unsatisfiable",0.017493,"Unsatisfiable",0.024133,"Unsatisfiable",0.411536
result,"SYN155-1.p","Unsatisfiable","0.00 v7.3.0","Timeout",3.008822,"Unsatisfiable",0.040078,"Unsatisfiable",0.026933,"Timeout",3.225232
result,"SYN156-1.p","Unsatisfiable","0.00 v7.3.0","Timeout",3.009581,"Unsatisfiable",0.055192,"Unsatisfiable",0.028465,"Timeout",3.365859
result,"SYN157-1.p","Unsatisfiable","0.00 v7.3.0","Unsatisfiable",1.121336,"Unsatisfiable",0.020313,"Unsatisfiable",0.028377,"Timeout",3.582609
result,"SYN158-1.p","Unsatisfiable","0.00 v7.3.0","Unsatisfiable",1.000591,"Unsatisfiable",0.055758,"Unsatisfiable",0.028637,"Timeout",3.338223
result,"SYN159-1.p","Unsatisfiable","0.00 v7.3.0","Timeout",3.009461,"Unsatisfiable",0.045651,"Unsatisfiable",0.053801,"Timeout",3.361506
result,"SYN160-1.p","Unsatisfiable","0.00 v7.3.0","Unsatisfiable",0.647387,"Unsatisfiable",0.019528,"Unsatisfiable",0.028429,"Timeout",3.245702
result,"SYN161-1.p","Unsatisfiable","0.00 v7.3.0","Unsatisfiable",0.999413,"Unsatisfiable",0.040755,"Unsatisfiable",0.029398,"Timeout",6.358092
result,"SYN162-1.p","Unsatisfiable","0.00 v7.3.0","Unsatisfiable",0.977935,"Unsatisfiable",0.019610,"Unsatisfiable",0.041957,"Timeout",3.110496
result,"SYN163-1.p","Unsatisfiable","0.00 v7.3.0","Timeout",3.009889,"Unsatisfiable",0.081901,"Unsatisfiable",0.041974,"Timeout",3.401378
result,"SYN164-1.p","Unsatisfiable","0.00 v7.3.0","Unsatisfiable",0.106862,"Unsatisfiable",0.040384,"Unsatisfiable",0.016752,"Unsatisfiable",0.030154
result,"SYN165-1.p","Unsatisfiable","0.00 v7.3.0","Unsatisfiable",0.118585,"Unsatisfiable",0.015987,"Unsatisfiable",0.010366,"Unsatisfiable",0.034421
result,"SYN166-1.p","Unsatisfiable","0.00 v7.3.0","Unsatisfiable",0.177914,"Unsatisfiable",0.044644,"Unsatisfiable",0.023043,"Timeout",3.373305
result,"SYN167-1.p","Unsatisfiable","0.00 v7.3.0","Unsatisfiable",0.123770,"Unsatisfiable",0.036102,"Unsatisfiable",0.017905,"Unsatisfiable",0.039950
result,"SYN168-1.p","Unsatisfiable","0.00 v7.3.0","Unsatisfiable",0.141877,"Unsatisfiable",0.015614,"Unsatisfiable",0.017190,"Unsatisfiable",0.424229
result,"SYN169-1.p","Unsatisfiable","0.00 v7.3.0","Unsatisfiable",0.135138,"Unsatisfiable",0.017863,"Unsatisfiable",0.017786,"Unsatisfiable",0.346136
result,"SYN170-1.p","Unsatisfiable","0.00 v7.3.0","Unsatisfiable",0.222551,"Unsatisfiable",0.014541,"Unsatisfiable",0.018074,"Unsatisfiable",0.540077
result,"SYN171-1.p","Unsatisfiable","0.00 v7.3.0","Timeout",3.114492,"Unsatisfiable",0.098547,"Unsatisfiable",0.051911,"Timeout",3.531256
result,"SYN172-1.p","Unsatisfiable","0.00 v7.3.0","Unsatisfiable",0.106738,"Unsatisfiable",0.013540,"Unsatisfiable",0.010006,"Unsatisfiable",0.035025
result,"SYN173-1.p","Unsatisfiable","0.00 v7.3.0","Unsatisfiable",0.113907,"Unsatisfiable",0.017497,"Unsatisfiable",0.031391,"Timeout",3.455144
result,"SYN174-1.p","Unsatisfiable","0.00 v7.3.0","Unsatisfiable",0.115569,"Unsatisfiable",0.039623,"Unsatisfiable",0.030967,"Timeout",3.497590
result,"SYN175-1.p","Unsatisfiable","0.00 v7.3.0","Unsatisfiable",0.133174,"Unsatisfiable",0.014625,"Unsatisfiable",0.017439,"Unsatisfiable",0.109192
result,"SYN176-1.p","Unsatisfiable","0.00 v7.3.0","Unsatisfiable",0.226078,"Unsatisfiable",0.043540,"Unsatisfiable",0.023810,"Unsatisfiable",0.938627
result,"SYN177-1.p","Unsatisfiable","0.00 v7.3.0","Unsatisfiable",0.185467,"Unsatisfiable",0.015561,"Unsatisfiable",0.030962,"Unsatisfiable",0.910368
result,"SYN178-1.p","Unsatisfiable","0.00 v7.3.0","Unsatisfiable",0.871462,"Unsatisfiable",0.051267,"Unsatisfiable",0.034947,"Unsatisfiable",3.147895
result,"SYN179-1.p","Unsatisfiable","0.00 v7.3.0","Timeout",3.009495,"Unsatisfiable",0.092160,"Unsatisfiable",0.033920,"Timeout",3.307278
result,"SYN180-1.p","Unsatisfiable","0.00 v7.3.0","Timeout",3.010570,"Unsatisfiable",0.097923,"Unsatisfiable",0.040504,"Timeout",3.384775
result,"SYN181-1.p","Unsatisfiable","0.00 v7.3.0","Timeout",3.010499,"Unsatisfiable",0.048287,"Unsatisfiable",0.039442,"Timeout",3.425824
result,"SYN182-1.p","Unsatisfiable","0.00 v7.3.0","Unsatisfiable",0.143870,"Unsatisfiable",0.055937,"Unsatisfiable",0.018515,"Timeout",3.373307
result,"SYN183-1.p","Unsatisfiable","0.00 v7.3.0","Unsatisfiable",0.148119,"Unsatisfiable",0.015165,"Unsatisfiable",0.017774,"Timeout",3.278318
result,"SYN184-1.p","Unsatisfiable","0.00 v7.3.0","Unsatisfiable",0.108578,"Unsatisfiable",0.014874,"Unsatisfiable",0.009941,"Unsatisfiable",0.021550
result,"SYN185-1.p","Unsatisfiable","0.00 v7.3.0","Unsatisfiable",0.108819,"Unsatisfiable",0.015446,"Unsatisfiable",0.009541,"Unsatisfiable",0.021151
result,"SYN186-1.p","Unsatisfiable","0.00 v7.3.0","Unsatisfiable",0.124144,"Unsatisfiable",0.015904,"Unsatisfiable",0.019800,"Unsatisfiable",0.085821
result,"SYN187-1.p","Unsatisfiable","0.00 v7.3.0","Unsatisfiable",0.124231,"Unsatisfiable",0.016453,"Unsatisfiable",0.017571,"Unsatisfiable",0.076772
result,"SYN188-1.p","Unsatisfiable","0.00 v7.3.0","Unsatisfiable",0.122600,"Unsatisfiable",0.016038,"Unsatisfiable",0.019491,"Unsatisfiable",0.077691
result,"SYN189-1.p","Unsatisfiable","0.00 v7.3.0","Unsatisfiable",0.127112,"Unsatisfiable",0.036978,"Unsatisfiable",0.021297,"Unsatisfiable",1.060283
result,"SYN190-1.p","Unsatisfiable","0.00 v7.3.0","Timeout",3.009318,"Unsatisfiable",0.068085,"Unsatisfiable",0.045352,"Timeout",3.334720
result,"SYN191-1.p","Unsatisfiable","0.00 v7.3.0","Unsatisfiable",0.258325,"Unsatisfiable",0.042168,"Unsatisfiable",0.026750,"Timeout",3.689131
result,"SYN192-1.p","Unsatisfiable","0.00 v7.3.0","Unsatisfiable",0.427206,"Unsatisfiable",0.075664,"Unsatisfiable",0.026605,"Unsatisfiable",2.679297
result,"SYN193-1.p","Unsatisfiable","0.00 v7.3.0","Unsatisfiable",0.426251,"Unsatisfiable",0.047911,"Unsatisfiable",0.029516,"Unsatisfiable",2.912086
result,"SYN194-1.p","Unsatisfiable","0.00 v7.3.0","Unsatisfiable",0.313649,"Unsatisfiable",0.016042,"Unsatisfiable",0.019114,"Timeout",3.246616
result,"SYN195-1.p","Unsatisfiable","0.00 v7.3.0","Unsatisfiable",0.316737,"Unsatisfiable",0.035781,"Unsatisfiable",0.018404,"Timeout",3.401241
result,"SYN196-1.p","Unsatisfiable","0.00 v7.3.0","Unsatisfiable",0.143775,"Unsatisfiable",0.020601,"Unsatisfiable",0.017357,"Unsatisfiable",0.351282
result,"SYN197-1.p","Unsatisfiable","0.00 v7.3.0","Unsatisfiable",0.110007,"Unsatisfiable",0.014272,"Unsatisfiable",0.017148,"Unsatisfiable",0.195424
result,"SYN198-1.p","Unsatisfiable","0.00 v7.3.0","Unsatisfiable",0.117964,"Unsatisfiable",0.021254,"Unsatisfiable",0.017660,"Unsatisfiable",0.308835
result,"SYN199-1.p","Unsatisfiable","0.00 v7.3.0","Unsatisfiable",0.118173,"Unsatisfiable",0.021507,"Unsatisfiable",0.016760,"Unsatisfiable",0.341009
result,"SYN200-1.p","Unsatisfiable","0.00 v7.3.0","Unsatisfiable",0.123019,"Unsatisfiable",0.023561,"Unsatisfiable",0.017283,"Unsatisfiable",0.355498
result,"SYN201-1.p","Unsatisfiable","0.00 v7.3.0","Unsatisfiable",0.157513,"Unsatisfiable",0.015534,"Unsatisfiable",0.016928,"Unsatisfiable",0.212381
result,"SYN202-1.p","Unsatisfiable","0.00 v7.3.0","Unsatisfiable",0.565155,"Unsatisfiable",0.039712,"Unsatisfiable",0.047492,"Unsatisfiable",3.039201
result,"SYN203-1.p","Unsatisfiable","0.00 v7.3.0","Unsatisfiable",0.362834,"Unsatisfiable",0.016852,"Unsatisfiable",0.023388,"Unsatisfiable",2.367287
result,"SYN204-1.p","Unsatisfiable","0.00 v7.3.0","Unsatisfiable",0.597125,"Unsatisfiable",0.067571,"Unsatisfiable",0.052297,"Timeout",3.326498
result,"SYN205-1.p","Unsatisfiable","0.00 v7.3.0","Unsatisfiable",0.516771,"Unsatisfiable",0.047983,"Unsatisfiable",0.061939,"Timeout",3.362214
result,"SYN206-1.p","Unsatisfiable","0.00 v7.3.0","Unsatisfiable",0.215056,"Unsatisfiable",0.036414,"Unsatisfiable",0.023494,"Unsatisfiable",2.447532
result,"SYN207-1.p","Unsatisfiable","0.00 v7.3.0","Unsatisfiable",0.471864,"Unsatisfiable",0.041811,"Unsatisfiable",0.034898,"Unsatisfiable",2.358650
result,"SYN208-1.p","Unsatisfiable","0.00 v7.3.0","Unsatisfiable",0.204189,"Unsatisfiable",0.023597,"Unsatisfiable",0.023743,"Timeout",3.274829
result,"SYN209-1.p","Unsatisfiable","0.00 v7.3.0","Unsatisfiable",0.169747,"Unsatisfiable",0.018173,"Unsatisfiable",0.029099,"Unsatisfiable",1.176712
result,"SYN210-1.p","Unsatisfiable","0.00 v7.3.0","Unsatisfiable",0.176197,"Unsatisfiable",0.040617,"Unsatisfiable",0.019325,"Timeout",3.139087
result,"SYN211-1.p","Unsatisfiable","0.00 v7.3.0","Unsatisfiable",0.175784,"Unsatisfiable",0.038338,"Unsatisfiable",0.018822,"Timeout",3.323134
result,"SYN212-1.p","Unsatisfiable","0.00 v7.3.0","Unsatisfiable",0.178010,"Unsatisfiable",0.043552,"Unsatisfiable",0.018719,"Unsatisfiable",2.550417
result,"SYN213-1.p","Unsatisfiable","0.00 v7.3.0","Unsatisfiable",2.372125,"Unsatisfiable",0.016282,"Unsatisfiable",0.028984,"Timeout",3.305645
result,"SYN214-1.p","Unsatisfiable","0.00 v7.3.0","Unsatisfiable",2.416044,"Unsatisfiable",0.072422,"Unsatisfiable",0.029639,"Timeout",3.364240
result,"SYN215-1.p","Unsatisfiable","0.00 v7.3.0","Unsatisfiable",2.281751,"Unsatisfiable",0.016628,"Unsatisfiable",0.028880,"Timeout",3.314994
result,"SYN216-1.p","Unsatisfiable","0.00 v7.3.0","Unsatisfiable",0.132964,"Unsatisfiable",0.020159,"Unsatisfiable",0.022849,"Timeout",3.208252
result,"SYN217-1.p","Unsatisfiable","0.00 v7.3.0","Unsatisfiable",0.134165,"Unsatisfiable",0.017876,"Unsatisfiable",0.024194,"Unsatisfiable",0.540467
result,"SYN218-1.p","Unsatisfiable","0.00 v7.3.0","Unsatisfiable",0.130698,"Unsatisfiable",0.082199,"Unsatisfiable",0.023823,"Timeout",3.574857
result,"SYN219-1.p","Unsatisfiable","0.00 v7.3.0","Unsatisfiable",0.175282,"Unsatisfiable",0.037417,"Unsatisfiable",0.027858,"Timeout",3.423721
result,"SYN220-1.p","Unsatisfiable","0.00 v7.3.0","Unsatisfiable",0.182083,"Unsatisfiable",0.034522,"Unsatisfiable",0.017349,"Unsatisfiable",0.662612
result,"SYN221-1.p","Unsatisfiable","0.00 v7.3.0","Unsatisfiable",0.294922,"Unsatisfiable",0.023966,"Unsatisfiable",0.018380,"Unsatisfiable",0.509616
result,"SYN222-1.p","Unsatisfiable","0.00 v7.3.0","Unsatisfiable",0.581085,"Unsatisfiable",0.014561,"Unsatisfiable",0.018202,"Unsatisfiable",0.458932
result,"SYN223-1.p","Unsatisfiable","0.00 v7.3.0","Unsatisfiable",0.194192,"Unsatisfiable",0.014978,"Unsatisfiable",0.017359,"Unsatisfiable",0.411851
result,"SYN224-1.p","Unsatisfiable","0.00 v7.3.0","Unsatisfiable",0.451273,"Unsatisfiable",0.038287,"Unsatisfiable",0.018159,"Unsatisfiable",0.692665
result,"SYN225-1.p","Unsatisfiable","0.00 v7.3.0","Unsatisfiable",0.130200,"Unsatisfiable",0.019170,"Unsatisfiable",0.020145,"Unsatisfiable",1.343120
result,"SYN226-1.p","Unsatisfiable","0.00 v7.3.0","Unsatisfiable",0.177206,"Unsatisfiable",0.059036,"Unsatisfiable",0.018813,"Unsatisfiable",0.661052
result,"SYN227-1.p","Unsatisfiable","0.00 v7.3.0","Unsatisfiable",0.133270,"Unsatisfiable",0.020288,"Unsatisfiable",0.022359,"Unsatisfiable",1.296747
result,"SYN228-1.p","Unsatisfiable","0.00 v7.3.0","Unsatisfiable",0.123623,"Unsatisfiable",0.056891,"Unsatisfiable",0.019587,"Unsatisfiable",1.136121
result,"SYN229-1.p","Unsatisfiable","0.00 v7.3.0","Unsatisfiable",0.577532,"Unsatisfiable",0.016382,"Unsatisfiable",0.018377,"Unsatisfiable",0.496288
result,"SYN230-1.p","Unsatisfiable","0.00 v7.3.0","Unsatisfiable",1.502388,"Unsatisfiable",0.015823,"Unsatisfiable",0.018427,"Unsatisfiable",0.490947
result,"SYN231-1.p","Unsatisfiable","0.00 v7.3.0","Unsatisfiable",0.567090,"Unsatisfiable",0.016741,"Unsatisfiable",0.017906,"Unsatisfiable",0.838992
result,"SYN232-1.p","Unsatisfiable","0.00 v7.3.0","Unsatisfiable",0.568604,"Unsatisfiable",0.044121,"Unsatisfiable",0.017507,"Unsatisfiable",0.673412
result,"SYN233-1.p","Unsatisfiable","0.00 v7.3.0","Unsatisfiable",0.193994,"Unsatisfiable",0.016709,"Unsatisfiable",0.018037,"Unsatisfiable",0.424961
result,"SYN234-1.p","Unsatisfiable","0.00 v7.3.0","Unsatisfiable",0.136208,"Unsatisfiable",0.042186,"Unsatisfiable",0.021452,"Unsatisfiable",0.420610
result,"SYN235-1.p","Unsatisfiable","0.00 v7.3.0","Unsatisfiable",0.131118,"Unsatisfiable",0.020530,"Unsatisfiable",0.021081,"Unsatisfiable",1.167163
result,"SYN236-1.p","Unsatisfiable","0.00 v7.3.0","Unsatisfiable",0.185937,"Unsatisfiable",0.043167,"Unsatisfiable",0.018062,"Unsatisfiable",0.418218
result,"SYN237-1.p","Unsatisfiable","0.00 v7.3.0","Unsatisfiable",0.118766,"Unsatisfiable",0.014616,"Unsatisfiable",0.010247,"Unsatisfiable",0.036213
result,"SYN238-1.p","Unsatisfiable","0.00 v7.3.0","Unsatisfiable",0.119631,"Unsatisfiable",0.014006,"Unsatisfiable",0.018198,"Unsatisfiable",0.040648
result,"SYN239-1.p","Unsatisfiable","0.00 v7.3.0","Unsatisfiable",0.119702,"Unsatisfiable",0.039228,"Unsatisfiable",0.010453,"Unsatisfiable",0.038684
result,"SYN240-1.p","Unsatisfiable","0.00 v7.3.0","Unsatisfiable",0.117954,"Unsatisfiable",0.015799,"Unsatisfiable",0.011098,"Unsatisfiable",0.034479
result,"SYN241-1.p","Unsatisfiable","0.00 v7.3.0","Unsatisfiable",0.118314,"Unsatisfiable",0.016071,"Unsatisfiable",0.010532,"Unsatisfiable",0.035239
result,"SYN242-1.p","Unsatisfiable","0.00 v7.3.0","Unsatisfiable",0.118617,"Unsatisfiable",0.014974,"Unsatisfiable",0.009861,"Unsatisfiable",0.022439
result,"SYN243-1.p","Unsatisfiable","0.00 v7.3.0","Unsatisfiable",0.130414,"Unsatisfiable",0.017646,"Unsatisfiable",0.018555,"Unsatisfiable",0.615256
result,"SYN244-1.p","Unsatisfiable","0.00 v7.3.0","Unsatisfiable",0.119689,"Unsatisfiable",0.039978,"Unsatisfiable",0.010082,"Unsatisfiable",0.034808
result,"SYN245-1.p","Unsatisfiable","0.00 v7.3.0","Unsatisfiable",0.118515,"Unsatisfiable",0.014834,"Unsatisfiable",0.009615,"Unsatisfiable",0.032599
result,"SYN246-1.p","Unsatisfiable","0.00 v7.3.0","Unsatisfiable",0.121929,"Unsatisfiable",0.021139,"Unsatisfiable",0.026764,"Unsatisfiable",0.227118
result,"SYN247-1.p","Unsatisfiable","0.00 v7.3.0","Unsatisfiable",0.121786,"Unsatisfiable",0.015132,"Unsatisfiable",0.017531,"Unsatisfiable",0.036765
result,"SYN248-1.p","Unsatisfiable","0.00 v7.3.0","Unsatisfiable",0.162300,"Unsatisfiable",0.057385,"Unsatisfiable",0.023544,"Unsatisfiable",0.240252
result,"SYN249-1.p","Unsatisfiable","0.00 v7.3.0","Unsatisfiable",0.159389,"Unsatisfiable",0.036179,"Unsatisfiable",0.024909,"Unsatisfiable",0.201224
result,"SYN250-1.p","Unsatisfiable","0.00 v7.3.0","Unsatisfiable",0.435759,"Unsatisfiable",0.065444,"Unsatisfiable",0.033070,"Unsatisfiable",3.398895
result,"SYN251-1.p","Unsatisfiable","0.00 v7.3.0","Unsatisfiable",0.130793,"Unsatisfiable",0.039237,"Unsatisfiable",0.018500,"Unsatisfiable",0.305340
result,"SYN252-1.p","Unsatisfiable","0.00 v7.3.0","Unsatisfiable",0.652687,"Unsatisfiable",0.049663,"Unsatisfiable",0.047643,"Timeout",3.303181
result,"SYN253-1.p","Unsatisfiable","0.00 v7.3.0","Unsatisfiable",0.654852,"Unsatisfiable",0.050181,"Unsatisfiable",0.051237,"Timeout",3.378858
result,"SYN254-1.p","Unsatisfiable","0.00 v7.3.0","Unsatisfiable",0.639298,"Unsatisfiable",0.080369,"Unsatisfiable",0.041472,"Timeout",3.339664
result,"SYN255-1.p","Unsatisfiable","0.00 v7.3.0","Unsatisfiable",0.124518,"Unsatisfiable",0.036952,"Unsatisfiable",0.017439,"Unsatisfiable",0.411963
result,"SYN256-1.p","Unsatisfiable","0.00 v7.3.0","Unsatisfiable",0.122570,"Unsatisfiable",0.020162,"Unsatisfiable",0.019424,"Unsatisfiable",0.476997
result,"SYN257-1.p","Unsatisfiable","0.00 v7.3.0","Unsatisfiable",0.106664,"Unsatisfiable",0.055077,"Unsatisfiable",0.009823,"Unsatisfiable",0.021859
result,"SYN258-1.p","Unsatisfiable","0.00 v7.3.0","Unsatisfiable",0.121732,"Unsatisfiable",0.014495,"Unsatisfiable",0.018221,"Unsatisfiable",0.054755
result,"SYN259-1.p","Unsatisfiable","0.00 v7.3.0","Unsatisfiable",0.121926,"Unsatisfiable",0.014531,"Unsatisfiable",0.018512,"Unsatisfiable",0.039707
result,"SYN260-1.p","Unsatisfiable","0.00 v7.3.0","Unsatisfiable",0.123144,"Unsatisfiable",0.015280,"Unsatisfiable",0.018490,"Unsatisfiable",0.039989
result,"SYN261-1.p","Unsatisfiable","0.00 v7.3.0","Unsatisfiable",0.116513,"Unsatisfiable",0.014440,"Unsatisfiable",0.017607,"Unsatisfiable",0.046502
result,"SYN262-1.p","Unsatisfiable","0.00 v7.3.0","Unsatisfiable",0.144074,"Unsatisfiable",0.068345,"Unsatisfiable",0.022013,"Unsatisfiable",0.307225
result,"SYN263-1.p","Unsatisfiable","0.00 v7.3.0","Unsatisfiable",0.151830,"Unsatisfiable",0.036175,"Unsatisfiable",0.030576,"Timeout",3.144929
result,"SYN264-1.p","Unsatisfiable","0.00 v7.3.0","Unsatisfiable",0.160803,"Unsatisfiable",0.120430,"Unsatisfiable",0.024590,"Unsatisfiable",0.483689
result,"SYN265-1.p","Unsatisfiable","0.00 v7.3.0","Unsatisfiable",0.132867,"Unsatisfiable",0.015240,"Unsatisfiable",0.017358,"Unsatisfiable",0.368488
result,"SYN266-1.p","Unsatisfiable","0.00 v7.3.0","Unsatisfiable",0.570609,"Unsatisfiable",0.071906,"Unsatisfiable",0.025408,"Timeout",3.381120
result,"SYN267-1.p","Unsatisfiable","0.00 v7.3.0","Unsatisfiable",0.221978,"Unsatisfiable",0.040566,"Unsatisfiable",0.017505,"Unsatisfiable",0.513104
result,"SYN268-1.p","Unsatisfiable","0.00 v7.3.0","Unsatisfiable",0.216798,"Unsatisfiable",0.015211,"Unsatisfiable",0.018089,"Unsatisfiable",0.777331
result,"SYN269-1.p","Unsatisfiable","0.00 v7.3.0","Timeout",3.009502,"Unsatisfiable",0.079729,"Unsatisfiable",0.047230,"Timeout",3.097452
result,"SYN270-1.p","Unsatisfiable","0.00 v7.3.0","Unsatisfiable",0.264483,"Unsatisfiable",0.046815,"Unsatisfiable",0.026776,"Timeout",3.668933
result,"SYN271-1.p","Unsatisfiable","0.00 v7.3.0","Timeout",3.009581,"Unsatisfiable",0.081467,"Unsatisfiable",0.052523,"Timeout",3.814474
result,"SYN272-1.p","Unsatisfiable","0.00 v7.3.0","Unsatisfiable",1.287166,"Unsatisfiable",0.064994,"Unsatisfiable",0.032850,"Timeout",3.728056
result,"SYN273-1.p","Unsatisfiable","0.00 v7.3.0","Unsatisfiable",2.122425,"Unsatisfiable",0.059198,"Unsatisfiable",0.031885,"Timeout",3.828220
result,"SYN274-1.p","Unsatisfiable","0.00 v7.3.0","Unsatisfiable",0.107250,"Unsatisfiable",0.040947,"Unsatisfiable",0.009779,"Unsatisfiable",0.035666
result,"SYN275-1.p","Unsatisfiable","0.00 v7.3.0","Unsatisfiable",0.106274,"Unsatisfiable",0.015209,"Unsatisfiable",0.010378,"Unsatisfiable",0.034318
result,"SYN276-1.p","Unsatisfiable","0.00 v7.3.0","Unsatisfiable",0.106812,"Unsatisfiable",0.019869,"Unsatisfiable",0.010001,"Unsatisfiable",0.020859
result,"SYN277-1.p","Unsatisfiable","0.00 v7.3.0","Unsatisfiable",0.120203,"Unsatisfiable",0.015042,"Unsatisfiable",0.011252,"Unsatisfiable",0.033151
result,"SYN278-1.p","Unsatisfiable","0.00 v7.3.0","Unsatisfiable",0.123315,"Unsatisfiable",0.014583,"Unsatisfiable",0.016742,"Unsatisfiable",0.412660
result,"SYN279-1.p","Unsatisfiable","0.00 v7.3.0","Unsatisfiable",0.116197,"Unsatisfiable",0.048391,"Unsatisfiable",0.030788,"Unsatisfiable",0.099275
result,"SYN280-1.p","Unsatisfiable","0.00 v7.3.0","Unsatisfiable",0.123375,"Unsatisfiable",0.013874,"Unsatisfiable",0.009977,"Unsatisfiable",0.035312
result,"SYN281-1.p","Unsatisfiable","0.00 v7.3.0","Unsatisfiable",0.123813,"Unsatisfiable",0.015120,"Unsatisfiable",0.016406,"Unsatisfiable",0.064330
result,"SYN282-1.p","Unsatisfiable","0.00 v7.3.0","Unsatisfiable",0.120670,"Unsatisfiable",0.014528,"Unsatisfiable",0.009649,"Unsatisfiable",0.034346
result,"SYN283-1.p","Unsatisfiable","0.00 v7.3.0","Unsatisfiable",0.114225,"Unsatisfiable",0.018974,"Unsatisfiable",0.030754,"Timeout",4.175908
result,"SYN284-1.p","Unsatisfiable","0.00 v7.3.0","Unsatisfiable",0.118251,"Unsatisfiable",0.073322,"Unsatisfiable",0.031740,"Timeout",4.163432
result,"SYN285-1.p","Unsatisfiable","0.00 v7.3.0","Unsatisfiable",0.176496,"Unsatisfiable",0.063963,"Unsatisfiable",0.024044,"Unsatisfiable",1.891078
result,"SYN286-1.p","Unsatisfiable","0.00 v7.3.0","Unsatisfiable",0.117767,"Unsatisfiable",0.021618,"Unsatisfiable",0.033545,"Unsatisfiable",0.103850
result,"SYN287-1.p","Unsatisfiable","0.00 v7.3.0","Unsatisfiable",0.119204,"Unsatisfiable",0.014631,"Unsatisfiable",0.010237,"Unsatisfiable",0.036327
result,"SYN288-1.p","Unsatisfiable","0.00 v7.3.0","Unsatisfiable",0.117993,"Unsatisfiable",0.032578,"Unsatisfiable",0.009566,"Unsatisfiable",0.020733
result,"SYN289-1.p","Unsatisfiable","0.00 v7.3.0","Unsatisfiable",0.114858,"Unsatisfiable",0.018491,"Unsatisfiable",0.021096,"Timeout",3.061509
result,"SYN290-1.p","Unsatisfiable","0.00 v7.3.0","Unsatisfiable",0.122561,"Unsatisfiable",0.043235,"Unsatisfiable",0.027980,"Unsatisfiable",0.060761
result,"SYN291-1.p","Unsatisfiable","0.00 v7.3.0","Unsatisfiable",0.121327,"Unsatisfiable",0.015192,"Unsatisfiable",0.009766,"Unsatisfiable",0.032099
result,"SYN292-1.p","Unsatisfiable","0.00 v7.3.0","Unsatisfiable",0.109913,"Unsatisfiable",0.015325,"Unsatisfiable",0.016900,"Unsatisfiable",0.049541
result,"SYN293-1.p","Unsatisfiable","0.00 v7.3.0","Unsatisfiable",0.131562,"Unsatisfiable",0.036188,"Unsatisfiable",0.024702,"Timeout",3.369867
result,"SYN294-1.p","Unsatisfiable","0.00 v7.3.0","Unsatisfiable",0.174466,"Unsatisfiable",0.071048,"Unsatisfiable",0.023973,"Timeout",3.263712
result,"SYN295-1.p","Unsatisfiable","0.00 v7.3.0","Unsatisfiable",0.120588,"Unsatisfiable",0.036746,"Unsatisfiable",0.010036,"Unsatisfiable",0.021384
result,"SYN296-1.p","Unsatisfiable","0.00 v7.3.0","Unsatisfiable",0.115551,"Unsatisfiable",0.018427,"Unsatisfiable",0.030292,"Timeout",3.531660
result,"SYN297-1.p","Unsatisfiable","0.00 v7.3.0","Unsatisfiable",0.121537,"Unsatisfiable",0.036834,"Unsatisfiable",0.012070,"Unsatisfiable",0.346535
result,"SYN298-1.p","Unsatisfiable","0.00 v7.3.0","Unsatisfiable",0.240280,"Unsatisfiable",0.017455,"Unsatisfiable",0.023521,"Unsatisfiable",2.315593
result,"SYN299-1.p","Unsatisfiable","0.00 v7.3.0","Unsatisfiable",0.241811,"Unsatisfiable",0.037640,"Unsatisfiable",0.030020,"Unsatisfiable",3.240925
result,"SYN300-1.p","Unsatisfiable","0.00 v7.3.0","Unsatisfiable",0.218091,"Unsatisfiable",0.033963,"Unsatisfiable",0.024209,"Unsatisfiable",2.383082
result,"SYN301-1.p","Unsatisfiable","0.00 v7.3.0","Unsatisfiable",0.169779,"Unsatisfiable",0.063393,"Unsatisfiable",0.018105,"Timeout",3.316099
result,"SYN303-1.p","Satisfiable","0.00 v8.2.0","Timeout",3.038169,"Satisfiable",0.133167,"Satisfiable",0.004917,"Timeout",3.796089
result,"SYN304-1.p","Satisfiable","0.00 v3.1.0","GaveUp",0.007483,"Satisfiable",0.065041,"Satisfiable",0.005272,"Satisfiable",0.015095
result,"SYN305-1.p","Satisfiable","0.60 v9.1.0","GaveUp",0.005655,"Satisfiable",0.011956,"Satisfiable",0.004990,"Satisfiable",0.016866
result,"SYN306-1.p","Satisfiable","0.00 v5.4.0","Timeout",3.045040,"Satisfiable",0.064830,"Satisfiable",0.005701,"Satisfiable",0.015532
result,"SYN307-1.p","Satisfiable","0.00 v7.3.0","Timeout",3.008162,"Satisfiable",0.100602,"Timeout",3.023217,"Timeout",3.360781
result,"SYN308-1.p","Satisfiable","0.00 v3.1.0","GaveUp",0.006751,"Satisfiable",0.020749,"Satisfiable",0.004962,"Satisfiable",0.015072
result,"SYN309-1.p","Satisfiable","0.00 v3.1.0","GaveUp",0.006423,"Satisfiable",0.020484,"Satisfiable",0.004732,"Satisfiable",0.016111
result,"SYN310-1.p","Unsatisfiable","0.00 v5.5.0","Timeout",3.007344,"Unsatisfiable",0.027979,"Unsatisfiable",0.005402,"Timeout",4.889399
result,"SYN311-1.p","Unsatisfiable","0.06 v9.1.0","Unsatisfiable",1.125493,"Unsatisfiable",0.048022,"Unsatisfiable",0.005396,"Timeout",3.749061
result,"SYN312-1.p","Unsatisfiable","0.12 v9.1.0","Unsatisfiable",0.173111,"Unsatisfiable",0.048424,"Unsatisfiable",0.005781,"Timeout",3.182891
result,"SYN315+1.p","Theorem","0.00 v5.3.0","Unsatisfiable",0.005700,"Theorem",0.011499,"Theorem",0.005161,"Unsatisfiable",0.014820
result,"SYN315-1.p","Unsatisfiable","0.00 v2.0.0","Unsatisfiable",0.006110,"Unsatisfiable",0.012674,"Unsatisfiable",0.004763,"Unsatisfiable",0.015474
result,"SYN316+1.p","CounterSatisfiable","0.00 v5.4.0","Timeout",3.008541,"CounterSatisfiable",0.068344,"CounterSatisfiable",0.012658,"Satisfiable",0.016333
result,"SYN316-1.p","Satisfiable","0.00 v5.4.0","Timeout",3.008780,"Satisfiable",0.035394,"Satisfiable",0.004979,"Satisfiable",0.014366
result,"SYN317+1.p","Theorem","0.00 v4.1.0","Unsatisfiable",0.010779,"Theorem",0.022892,"Theorem",0.010622,"Unsatisfiable",0.016252
result,"SYN317-1.p","Satisfiable","0.00 v2.0.0","GaveUp",0.014155,"Satisfiable",0.012942,"Satisfiable",0.004848,"Satisfiable",0.014328
result,"SYN318+1.p","Theorem","0.05 v9.1.0","Unsatisfiable",0.006207,"Theorem",0.012812,"Theorem",0.005138,"Unsatisfiable",0.014663
result,"SYN318-1.p","Unsatisfiable","0.00 v2.0.0","Unsatisfiable",0.005301,"Unsatisfiable",0.012198,"Unsatisfiable",0.004602,"Unsatisfiable",0.014143
result,"SYN319+1.p","Theorem","0.05 v9.1.0","Unsatisfiable",0.008316,"Theorem",0.014209,"Theorem",0.005380,"Timeout",61.950092
result,"SYN319-1.p","Unsatisfiable","0.00 v7.1.0","Unsatisfiable",0.006746,"Unsatisfiable",0.034294,"Unsatisfiable",0.004563,"Unsatisfiable",0.015353
result,"SYN320+1.p","CounterSatisfiable","0.00 v5.4.0","GaveUp",0.005703,"CounterSatisfiable",0.016533,"CounterSatisfiable",0.004898,"Satisfiable",0.015582
result,"SYN320-1.p","Satisfiable","0.00 v3.1.0","GaveUp",0.005680,"Satisfiable",0.020298,"Satisfiable",0.004766,"Satisfiable",0.014730
result,"SYN321+1.p","Theorem","0.10 v9.1.0","Unsatisfiable",0.007513,"Theorem",0.012485,"Theorem",0.004634,"Unsatisfiable",0.015560
result,"SYN321-1.p","Unsatisfiable","0.00 v5.5.0","Unsatisfiable",0.006836,"Unsatisfiable",0.011791,"Unsatisfiable",0.004656,"Unsatisfiable",0.014892
result,"SYN322+1.p","CounterSatisfiable","0.00 v4.1.0","GaveUp",0.005773,"CounterSatisfiable",0.011964,"CounterSatisfiable",0.004753,"Satisfiable",0.014820
result,"SYN322-1.p","Satisfiable","0.00 v2.0.0","GaveUp",0.005236,"Satisfiable",0.011705,"Satisfiable",0.004385,"Satisfiable",0.017712
result,"SYN323+1.p","Theorem","0.00 v5.5.0","Unsatisfiable",0.005581,"Theorem",0.011980,"Theorem",0.004596,"Unsatisfiable",0.016296
result,"SYN323-1.p","Unsatisfiable","0.00 v2.0.0","Unsatisfiable",0.005558,"Unsatisfiable",0.011392,"Unsatisfiable",0.004538,"Unsatisfiable",0.014775
result,"SYN324+1.p","CounterSatisfiable","0.00 v5.4.0","Timeout",3.008337,"CounterSatisfiable",0.069641,"CounterSatisfiable",0.005019,"Satisfiable",0.014577
result,"SYN324-1.p","Satisfiable","0.00 v5.4.0","Timeout",3.007982,"Satisfiable",0.040089,"Satisfiable",0.005104,"Satisfiable",0.015723
result,"SYN325+1.p","Theorem","0.05 v9.1.0","Unsatisfiable",0.006145,"Theorem",0.013177,"Theorem",0.005464,"Unsatisfiable",0.015258
result,"SYN325-1.p","Unsatisfiable","0.00 v7.1.0","Unsatisfiable",0.009822,"Unsatisfiable",0.013432,"Unsatisfiable",0.005292,"Unsatisfiable",0.014980
result,"SYN326+1.p","Theorem","0.00 v9.1.0","Unsatisfiable",0.005884,"Theorem",0.013267,"Theorem",0.005317,"Unsatisfiable",0.017335
result,"SYN326-1.p","Unsatisfiable","0.00 v2.0.0","Unsatisfiable",0.005662,"Unsatisfiable",0.012266,"Unsatisfiable",0.006019,"Unsatisfiable",0.015588
result,"SYN327+1.p","Theorem","0.00 v3.7.0","Unsatisfiable",0.006485,"Theorem",0.012078,"Theorem",0.005625,"Unsatisfiable",0.015422
result,"SYN327-1.p","Unsatisfiable","0.00 v7.1.0","Unsatisfiable",0.007078,"Unsatisfiable",0.013065,"Unsatisfiable",0.005133,"Unsatisfiable",0.015054
result,"SYN328+1.p","Theorem","0.00 v9.1.0","Timeout",3.008332,"Theorem",0.012651,"Theorem",0.005108,"Unsatisfiable",0.415470
result,"SYN328-1.p","Unsatisfiable","0.23 v9.1.0","Timeout",3.008485,"Unsatisfiable",0.035970,"Unsatisfiable",0.005650,"Unsatisfiable",0.108210
result,"SYN329+1.p","CounterSatisfiable","0.00 v5.4.0","GaveUp",0.005498,"CounterSatisfiable",0.014737,"CounterSatisfiable",0.004878,"Timeout",4.712573
result,"SYN329-1.p","Satisfiable","0.00 v5.5.0","GaveUp",0.036457,"Satisfiable",0.020481,"Satisfiable",0.004927,"Timeout",3.634217
result,"SYN330+1.p","CounterSatisfiable","0.00 v9.1.0","Timeout",3.007338,"CounterSatisfiable",0.057903,"CounterSatisfiable",0.004803,"Timeout",3.257325
result,"SYN330-1.p","Satisfiable","0.00 v5.4.0","Timeout",3.008565,"Satisfiable",0.096486,"Satisfiable",0.005238,"Timeout",3.137893
result,"SYN331+1.p","Theorem","0.00 v9.1.0","Unsatisfiable",0.007215,"Theorem",0.083848,"Theorem",0.005159,"Unsatisfiable",0.474988
result,"SYN331-1.p","Unsatisfiable","0.00 v2.0.0","Unsatisfiable",0.006940,"Unsatisfiable",0.013614,"Unsatisfiable",0.005368,"Timeout",3.160311
result,"SYN332+1.p","Theorem","0.00 v9.1.0","Timeout",3.010770,"Theorem",0.038795,"Theorem",0.018049,"Timeout",3.829318
result,"SYN332-1.p","Unsatisfiable","0.00 v6.3.0","Timeout",3.010740,"Unsatisfiable",0.014157,"Unsatisfiable",0.005962,"Timeout",3.277771
result,"SYN333+1.p","Theorem","0.00 v7.0.0","Unsatisfiable",0.009448,"Theorem",0.030454,"Theorem",0.005191,"Timeout",75.591255
result,"SYN333-1.p","Unsatisfiable","0.06 v9.1.0","Unsatisfiable",0.013059,"Unsatisfiable",0.083971,"Unsatisfiable",0.008634,"Unsatisfiable",0.016875
result,"SYN334+1.p","Theorem","0.05 v9.1.0","Timeout",3.027469,"Theorem",0.043372,"Theorem",0.005145,"Unsatisfiable",0.037493
result,"SYN334-1.p","Unsatisfiable","0.08 v9.1.0","Timeout",3.014315,"Unsatisfiable",0.013107,"Unsatisfiable",0.005277,"Timeout",3.129258
result,"SYN335+1.p","CounterSatisfiable","0.67 v9.1.0","Timeout",3.044207,"CounterSatisfiable",0.142791,"CounterSatisfiable",0.006511,"Timeout",5.260194
result,"SYN335-1.p","Satisfiable","0.00 v6.3.0","Timeout",3.041939,"Satisfiable",0.071112,"Satisfiable",0.007914,"Timeout",3.452214
result,"SYN336+1.p","Theorem","0.00 v9.1.0","Unsatisfiable",0.005905,"Theorem",0.080188,"Theorem",0.005286,"Unsatisfiable",0.015696
result,"SYN336-1.p","Unsatisfiable","0.00 v5.3.0","Unsatisfiable",0.006222,"Unsatisfiable",0.012140,"Unsatisfiable",0.005246,"Unsatisfiable",0.015863
result,"SYN337+1.p","CounterSatisfiable","0.00 v4.1.0","GaveUp",0.009531,"CounterSatisfiable",0.017595,"CounterSatisfiable",0.004948,"Satisfiable",0.014877
result,"SYN337-1.p","Satisfiable","0.00 v2.5.0","GaveUp",0.006056,"Satisfiable",0.021812,"Satisfiable",0.004947,"Satisfiable",0.014960
result,"SYN338+1.p","Theorem","0.00 v7.0.0","Unsatisfiable",0.006626,"Theorem",0.014309,"Theorem",0.005241,"Unsatisfiable",0.016357
result,"SYN338-1.p","Unsatisfiable","0.06 v9.1.0","Unsatisfiable",0.006358,"Unsatisfiable",0.015951,"Unsatisfiable",0.005093,"Unsatisfiable",0.015376
result,"SYN339+1.p","Theorem","0.00 v9.1.0","Unsatisfiable",0.005597,"Theorem",0.012981,"Theorem",0.005412,"Unsatisfiable",0.015348
result,"SYN339-1.p","Unsatisfiable","0.00 v5.3.0","Unsatisfiable",0.006134,"Unsatisfiable",0.016685,"Unsatisfiable",0.005641,"Unsatisfiable",0.015227
result,"SYN340+1.p","Theorem","0.05 v9.1.0","Unsatisfiable",0.111034,"Theorem",0.013662,"Theorem",0.005221,"Timeout",3.775679
result,"SYN340-1.p","Unsatisfiable","0.00 v5.3.0","Unsatisfiable",0.024211,"Unsatisfiable",0.037373,"Unsatisfiable",0.005962,"Unsatisfiable",0.016280
result,"SYN341+1.p","Theorem","0.00 v9.1.0","Unsatisfiable",0.006436,"Theorem",0.019340,"Theorem",0.016826,"Unsatisfiable",0.014972
result,"SYN341-1.p","Unsatisfiable","0.00 v5.3.0","Unsatisfiable",0.006824,"Unsatisfiable",0.015182,"Unsatisfiable",0.005616,"Unsatisfiable",0.015469
result,"SYN342+1.p","CounterSatisfiable","0.00 v4.1.0","GaveUp",0.005816,"CounterSatisfiable",0.016956,"CounterSatisfiable",0.005095,"Satisfiable",0.015586
result,"SYN342-1.p","Satisfiable","0.00 v2.5.0","GaveUp",0.005583,"Satisfiable",0.021697,"Satisfiable",0.004786,"Satisfiable",0.014706
result,"SYN343+1.p","Theorem","0.05 v9.1.0","Unsatisfiable",0.007036,"Theorem",0.013332,"Theorem",0.005428,"Unsatisfiable",0.014912
result,"SYN343-1.p","Unsatisfiable","0.00 v2.0.0","Unsatisfiable",0.006348,"Unsatisfiable",0.011951,"Unsatisfiable",0.004859,"Unsatisfiable",0.015620
result,"SYN344+1.p","CounterSatisfiable","0.00 v5.4.0","GaveUp",0.010121,"CounterSatisfiable",0.015480,"CounterSatisfiable",0.004973,"Timeout",78.863922
result,"SYN344-1.p","Satisfiable","0.00 v5.5.0","GaveUp",0.010427,"Satisfiable",0.059626,"Satisfiable",0.005604,"Satisfiable",0.014872
result,"SYN345+1.p","Theorem","0.00 v9.1.0","Unsatisfiable",0.007188,"Theorem",0.013455,"Theorem",0.005325,"Unsatisfiable",0.019423
result,"SYN345-1.p","Unsatisfiable","0.08 v9.1.0","Unsatisfiable",0.009791,"Unsatisfiable",0.012722,"Unsatisfiable",0.005309,"Unsatisfiable",0.025374
result,"SYN346+1.p","Theorem","0.00 v5.3.0","Unsatisfiable",0.005584,"Theorem",0.013989,"Theorem",0.005419,"Unsatisfiable",0.015208
result,"SYN346-1.p","Unsatisfiable","0.00 v5.3.0","Unsatisfiable",0.005723,"Unsatisfiable",0.011772,"Unsatisfiable",0.005260,"Unsatisfiable",0.015411
result,"SYN347+1.p","Theorem","0.00 v9.1.0","Unsatisfiable",0.098445,"Theorem",0.018928,"Theorem",0.012589,"Unsatisfiable",0.017041
result,"SYN347-1.p","Unsatisfiable","0.00 v2.0.0","Unsatisfiable",0.090672,"Unsatisfiable",0.018212,"Unsatisfiable",0.005554,"Unsatisfiable",0.039803
result,"SYN348+1.p","CounterSatisfiable","0.00 v6.2.0","GaveUp",0.109102,"CounterSatisfiable",0.018808,"CounterSatisfiable",0.009391,"Timeout",3.276485
result,"SYN348-1.p","Satisfiable","0.00 v3.1.0","GaveUp",0.038433,"Satisfiable",0.022066,"Satisfiable",0.006315,"Timeout",3.595181
result,"SYN349+1.p","Theorem","0.00 v9.1.0","Unsatisfiable",0.013681,"Theorem",0.039665,"Theorem",0.006158,"Unsatisfiable",0.014774
result,"SYN349-1.p","Unsatisfiable","0.08 v9.1.0","Unsatisfiable",0.012884,"Unsatisfiable",0.014161,"Unsatisfiable",0.005945,"Timeout",5.385623
result,"SYN350+1.p","Theorem","0.00 v9.1.0","Unsatisfiable",0.012296,"Theorem",0.037116,"Theorem",0.005653,"Unsatisfiable",0.025724
result,"SYN350-1.p","Unsatisfiable","0.00 v2.0.0","Unsatisfiable",0.014792,"Unsatisfiable",0.012595,"Unsatisfiable",0.005480,"Unsatisfiable",0.073818
result,"SYN351+1.p","Theorem","0.05 v9.1.0","Unsatisfiable",0.015593,"Theorem",0.013587,"Theorem",0.005347,"Unsatisfiable",0.019197
result,"SYN351-1.p","Satisfiable","0.00 v5.4.0","Timeout",3.028191,"Satisfiable",0.047452,"Satisfiable",0.008859,"Timeout",3.762581
result,"SYN352+1.p","Theorem","0.00 v9.1.0","Unsatisfiable",0.006841,"Theorem",0.013282,"Theorem",0.005106,"Unsatisfiable",0.015957
result,"SYN352-1.p","Unsatisfiable","0.00 v7.1.0","Unsatisfiable",0.010176,"Unsatisfiable",0.015226,"Unsatisfiable",0.005803,"Unsatisfiable",0.386584
result,"SYN353+1.p","Theorem","0.45 v9.1.0","Timeout",3.007169,"Theorem",0.072898,"Theorem",0.006696,"Timeout",193.297686
result,"SYN353-1.p","Unsatisfiable","0.38 v9.1.0","Timeout",3.009232,"Unsatisfiable",0.043249,"Unsatisfiable",0.006724,"Timeout",3.444010
result,"SYN354+1.p","Theorem","0.05 v9.1.0","Unsatisfiable",0.009603,"Theorem",0.031742,"Theorem",0.005238,"Unsatisfiable",0.015403
result,"SYN354-1.p","Unsatisfiable","0.00 v7.1.0","Unsatisfiable",0.010757,"Unsatisfiable",0.013365,"Unsatisfiable",0.005508,"Unsatisfiable",0.015136
result,"SYN355+1.p","Theorem","0.00 v5.3.0","Unsatisfiable",0.006086,"Theorem",0.012042,"Theorem",0.005415,"Unsatisfiable",0.014559
result,"SYN356+1.p","Theorem","0.00 v5.3.0","Unsatisfiable",0.007173,"Theorem",0.013769,"Theorem",0.005415,"Unsatisfiable",0.015889
result,"SYN357+1.p","Theorem","0.00 v3.2.0","Unsatisfiable",0.005620,"Theorem",0.012992,"Theorem",0.004733,"Unsatisfiable",0.014512
result,"SYN358+1.p","Theorem","0.00 v6.0.0","Unsatisfiable",0.006585,"Theorem",0.012315,"Theorem",0.005070,"Unsatisfiable",0.015330
result,"SYN359+1.p","Theorem","0.00 v5.3.0","Unsatisfiable",0.006267,"Theorem",0.014696,"Theorem",0.005803,"Unsatisfiable",0.016209
result,"SYN360+1.p","Theorem","0.00 v9.1.0","Unsatisfiable",0.006445,"Theorem",0.012881,"Theorem",0.005356,"Unsatisfiable",0.015185
result,"SYN361+1.p","Theorem","0.00 v6.4.0","Unsatisfiable",0.006209,"Theorem",0.013152,"Theorem",0.005820,"Unsatisfiable",0.014841
result,"SYN362+1.p","Theorem","0.00 v6.3.0","Unsatisfiable",0.005823,"Theorem",0.013327,"Theorem",0.005831,"Unsatisfiable",0.016177
result,"SYN363+1.p","Theorem","0.00 v6.3.0","Unsatisfiable",0.007366,"Theorem",0.012789,"Theorem",0.005849,"Unsatisfiable",0.016083
result,"SYN364+1.p","Theorem","0.00 v9.1.0","Unsatisfiable",0.009097,"Theorem",0.015530,"Theorem",0.005935,"Unsatisfiable",0.015664
result,"SYN365+1.p","Theorem","0.00 v9.1.0","Unsatisfiable",0.008896,"Theorem",0.014645,"Theorem",0.006239,"Unsatisfiable",0.016443
result,"SYN366+1.p","Theorem","0.00 v5.3.0","Unsatisfiable",0.008470,"Theorem",0.013126,"Theorem",0.005746,"Unsatisfiable",0.016246
result,"SYN367+1.p","Theorem","0.00 v5.3.0","Unsatisfiable",0.006584,"Theorem",0.013011,"Theorem",0.005346,"Unsatisfiable",0.014779
result,"SYN368+1.p","Theorem","0.00 v4.1.0","Unsatisfiable",0.005390,"Theorem",0.013263,"Theorem",0.005005,"Unsatisfiable",0.014473
result,"SYN369+1.p","Theorem","0.00 v9.1.0","Unsatisfiable",0.006053,"Theorem",0.048507,"Theorem",0.005059,"Unsatisfiable",0.016092
result,"SYN370+1.p","Theorem","0.00 v9.1.0","Unsatisfiable",0.006327,"Theorem",0.013402,"Theorem",0.005217,"Unsatisfiable",0.015147
result,"SYN371+1.p","Theorem","0.00 v9.1.0","Unsatisfiable",0.006668,"Theorem",0.014138,"Theorem",0.005385,"Unsatisfiable",0.016362
result,"SYN372+1.p","Theorem","0.00 v5.3.0","Unsatisfiable",0.005509,"Theorem",0.012810,"Theorem",0.005049,"Unsatisfiable",0.014945
result,"SYN373+1.p","Theorem","0.00 v5.3.0","Unsatisfiable",0.007934,"Theorem",0.013562,"Theorem",0.008828,"Unsatisfiable",0.020223
result,"SYN374+1.p","Theorem","0.00 v9.1.0","Timeout",3.006795,"Theorem",0.045934,"Theorem",0.005731,"Unsatisfiable",0.015538
result,"SYN375+1.p","Theorem","0.00 v9.1.0","Timeout",3.007031,"Theorem",0.056142,"Theorem",0.010604,"Unsatisfiable",0.018687
result,"SYN376+1.p","Theorem","0.00 v5.4.0","Unsatisfiable",0.007217,"Theorem",0.012490,"Theorem",0.006041,"Unsatisfiable",0.023139
result,"SYN377+1.p","Theorem","0.05 v9.1.0","Timeout",3.008653,"Theorem",0.030149,"Theorem",0.005607,"Unsatisfiable",0.014671
result,"SYN378+1.p","Theorem","0.00 v5.3.0","Unsatisfiable",0.005435,"Theorem",0.013096,"Theorem",0.005195,"Unsatisfiable",0.014727
result,"SYN379+1.p","Theorem","0.00 v5.4.0","Unsatisfiable",0.006038,"Theorem",0.012050,"Theorem",0.005494,"Unsatisfiable",0.014716
result,"SYN380+1.p","Theorem","0.00 v9.1.0","Unsatisfiable",0.006508,"Theorem",0.012750,"Theorem",0.005174,"Unsatisfiable",0.014634
result,"SYN381+1.p","Theorem","0.00 v6.3.0","Unsatisfiable",0.006957,"Theorem",0.012901,"Theorem",0.005573,"Unsatisfiable",0.015235
result,"SYN382+1.p","Theorem","0.00 v5.3.0","Unsatisfiable",0.005367,"Theorem",0.012836,"Theorem",0.005166,"Unsatisfiable",0.014697
result,"SYN383+1.p","Theorem","0.00 v9.1.0","Unsatisfiable",0.006513,"Theorem",0.013552,"Theorem",0.005406,"Unsatisfiable",0.014835
result,"SYN384+1.p","Theorem","0.00 v9.1.0","Unsatisfiable",0.006788,"Theorem",0.011995,"Theorem",0.005058,"Unsatisfiable",0.014483
result,"SYN385+1.p","Theorem","0.00 v5.3.0","Unsatisfiable",0.006012,"Theorem",0.012688,"Theorem",0.004822,"Unsatisfiable",0.015611
result,"SYN386+1.p","Theorem","0.10 v9.1.0","Unsatisfiable",0.008489,"Theorem",0.012868,"Theorem",0.005100,"Unsatisfiable",0.220606
result,"SYN387+1.p","Theorem","0.00 v2.1.0","Unsatisfiable",0.006259,"Theorem",0.011922,"Theorem",0.005411,"Unsatisfiable",0.014736
result,"SYN388+1.p","Theorem","0.00 v2.1.0","Unsatisfiable",0.005698,"Theorem",0.012120,"Theorem",0.005569,"Unsatisfiable",0.014463
result,"SYN389+1.p","Theorem","0.00 v4.1.0","Unsatisfiable",0.005762,"Theorem",0.012556,"Theorem",0.005736,"Unsatisfiable",0.014645
result,"SYN390+1.p","Theorem","0.00 v2.1.0","Unsatisfiable",0.005614,"Theorem",0.011936,"Theorem",0.005593,"Unsatisfiable",0.014520
result,"SYN391+1.p","Theorem","0.00 v2.1.0","Unsatisfiable",0.005904,"Theorem",0.012649,"Theorem",0.005286,"Unsatisfiable",0.014672
result,"SYN392+1.p","Theorem","0.00 v4.0.0","Unsatisfiable",0.006045,"Theorem",0.012206,"Theorem",0.005412,"Unsatisfiable",0.015089
result,"SYN394+1.p","Theorem","0.00 v5.3.0","Unsatisfiable",0.005474,"Theorem",0.035376,"Theorem",0.004851,"Unsatisfiable",0.014462
result,"SYN395+1.p","Theorem","0.00 v5.3.0","Unsatisfiable",0.005916,"Theorem",0.012213,"Theorem",0.005180,"Unsatisfiable",0.014564
result,"SYN396+1.p","Theorem","0.00 v5.3.0","Unsatisfiable",0.007070,"Theorem",0.012971,"Theorem",0.005577,"Unsatisfiable",0.014573
result,"SYN397+1.p","Theorem","0.00 v6.1.0","Unsatisfiable",0.005883,"Theorem",0.012602,"Theorem",0.005216,"Unsatisfiable",0.014524
result,"SYN398+1.p","Theorem","0.00 v5.3.0","Unsatisfiable",0.007561,"Theorem",0.012054,"Theorem",0.004812,"Unsatisfiable",0.014288
result,"SYN399+1.p","Theorem","0.00 v5.4.0","Unsatisfiable",0.006229,"Theorem",0.013813,"Theorem",0.005133,"Unsatisfiable",0.015445
result,"SYN400+1.p","Theorem","0.00 v4.0.1","Unsatisfiable",0.005412,"Theorem",0.012435,"Theorem",0.004910,"Unsatisfiable",0.014663
result,"SYN401+1.p","Theorem","0.00 v5.3.0","Unsatisfiable",0.007829,"Theorem",0.012260,"Theorem",0.004931,"Unsatisfiable",0.015062
result,"SYN402+1.p","Theorem","0.00 v5.3.0","Unsatisfiable",0.005639,"Theorem",0.012248,"Theorem",0.005115,"Unsatisfiable",0.014961
result,"SYN403+1.p","Theorem","0.00 v5.3.0","Unsatisfiable",0.005879,"Theorem",0.012466,"Theorem",0.004729,"Unsatisfiable",0.014652
result,"SYN404+1.p","Theorem","0.00 v5.5.0","Unsatisfiable",0.005682,"Theorem",0.012714,"Theorem",0.005180,"Unsatisfiable",0.020408
result,"SYN405+1.p","Theorem","0.00 v5.3.0","Unsatisfiable",0.005430,"Theorem",0.012729,"Theorem",0.005380,"Unsatisfiable",0.014978
result,"SYN406+1.p","Theorem","0.00 v5.3.0","Unsatisfiable",0.005697,"Theorem",0.011498,"Theorem",0.005075,"Unsatisfiable",0.014517
result,"SYN407+1.p","Theorem","0.00 v5.3.0","Unsatisfiable",0.016663,"Theorem",0.021933,"Theorem",0.005257,"Unsatisfiable",0.015203
result,"SYN408+1.p","Theorem","0.00 v5.3.0","Unsatisfiable",0.005833,"Theorem",0.012764,"Theorem",0.005255,"Unsatisfiable",0.015380
result,"SYN409+1.p","Theorem","0.00 v5.3.0","Unsatisfiable",0.006647,"Theorem",0.012645,"Theorem",0.004950,"Unsatisfiable",0.016739
result,"SYN410+1.p","Theorem","0.00 v4.1.0","Unsatisfiable",0.005765,"Theorem",0.013690,"Theorem",0.005287,"Unsatisfiable",0.015606
result,"SYN411+1.p","Theorem","0.00 v5.3.0","Unsatisfiable",0.005668,"Theorem",0.012433,"Theorem",0.005421,"Unsatisfiable",0.015630
result,"SYN412+1.p","Theorem","0.00 v5.3.0","Unsatisfiable",0.006051,"Theorem",0.012460,"Theorem",0.004991,"Unsatisfiable",0.014650
result,"SYN413+1.p","Theorem","0.05 v9.1.0","Timeout",3.039414,"Theorem",0.013662,"Theorem",0.005428,"Unsatisfiable",0.015433
result,"SYN414+1.p","CounterSatisfiable","0.00 v5.3.0","Timeout",3.006762,"CounterSatisfiable",0.038845,"CounterSatisfiable",0.006333,"Satisfiable",0.014786
result,"SYN415+1.p","Theorem","0.12 v9.1.0","Timeout",3.007182,"Theorem",0.043451,"Theorem",0.020767,"Unsatisfiable",0.015638
result,"SYN416+1.p","Theorem","0.00 v4.1.0","Unsatisfiable",0.005861,"Theorem",0.011668,"Theorem",0.005354,"Unsatisfiable",0.015546
result,"SYN417+1.p","Theorem","0.09 v9.1.0","Timeout",3.007169,"Theorem",0.043328,"Theorem",0.007522,"Timeout",3.852277
result,"SYN418+1.p","CounterSatisfiable","0.00 v5.5.0","Timeout",3.016178,"CounterSatisfiable",0.064517,"Timeout",3.097593,"Satisfiable",0.180140
result,"SYN418-1.p","Satisfiable","0.00 v7.3.0","Timeout",3.031709,"Satisfiable",0.071357,"Timeout",3.038840,"Timeout",4.981115
result,"SYN419+1.p","CounterSatisfiable","0.00 v5.5.0","Timeout",3.015941,"CounterSatisfiable",0.093639,"CounterSatisfiable",0.589338,"Satisfiable",0.279666
result,"SYN419-1.p","Satisfiable","0.00 v7.3.0","Timeout",3.010495,"Satisfiable",0.085914,"Satisfiable",0.420910,"Timeout",4.699619
result,"SYN420+1.p","CounterSatisfiable","0.00 v6.1.0","Timeout",3.021039,"CounterSatisfiable",0.067573,"CounterSatisfiable",0.109277,"Satisfiable",0.417149
result,"SYN420-1.p","Satisfiable","0.00 v7.3.0","Timeout",3.011948,"Satisfiable",0.092148,"Satisfiable",1.395387,"Timeout",3.247497
result,"SYN421+1.p","CounterSatisfiable","0.00 v5.5.0","Timeout",3.016550,"CounterSatisfiable",0.063274,"Timeout",3.050695,"Satisfiable",0.055678
result,"SYN421-1.p","Satisfiable","0.00 v7.3.0","Timeout",3.010216,"Satisfiable",0.088431,"Timeout",3.051438,"Timeout",3.134997
result,"SYN422+1.p","CounterSatisfiable","0.00 v5.5.0","Timeout",3.014001,"CounterSatisfiable",0.069047,"CounterSatisfiable",0.210764,"Satisfiable",0.133711
result,"SYN422-1.p","Satisfiable","0.00 v7.3.0","Timeout",3.011729,"Satisfiable",0.087967,"Timeout",3.033837,"Timeout",3.382565
result,"SYN423+1.p","CounterSatisfiable","0.00 v5.5.0","Timeout",3.016893,"CounterSatisfiable",0.097324,"CounterSatisfiable",0.333674,"Timeout",3.984716
result,"SYN423-1.p","Satisfiable","0.00 v7.3.0","Timeout",3.011604,"Satisfiable",0.139003,"Timeout",3.032329,"Timeout",4.386063
result,"SYN424+1.p","CounterSatisfiable","0.00 v6.2.0","Timeout",3.029779,"CounterSatisfiable",0.173808,"Timeout",3.041420,"Timeout",3.223618
result,"SYN424-1.p","Satisfiable","0.00 v7.3.0","Timeout",3.012360,"Satisfiable",0.071935,"Timeout",3.035921,"Timeout",3.883727
result,"SYN425+1.p","CounterSatisfiable","0.00 v5.5.0","Timeout",3.016414,"CounterSatisfiable",0.071369,"Timeout",3.050008,"Satisfiable",0.224944
result,"SYN425-1.p","Satisfiable","0.00 v7.3.0","Timeout",3.011231,"Satisfiable",0.107305,"Timeout",3.038479,"Timeout",3.706511
result,"SYN426+1.p","CounterSatisfiable","0.00 v6.2.0","Timeout",3.021428,"CounterSatisfiable",0.102677,"Timeout",3.048993,"Satisfiable",1.623442
result,"SYN426-1.p","Satisfiable","0.00 v7.3.0","Timeout",3.011890,"Satisfiable",0.121197,"Timeout",3.039488,"Timeout",4.288605
result,"SYN427+1.p","CounterSatisfiable","0.00 v6.2.0","Timeout",3.036022,"CounterSatisfiable",0.124489,"Timeout",3.055796,"Satisfiable",0.516512
result,"SYN427-1.p","Satisfiable","0.00 v7.3.0","Timeout",3.011921,"Satisfiable",0.114327,"Timeout",3.033106,"Timeout",3.455524
result,"SYN428+1.p","CounterSatisfiable","0.00 v5.5.0","Timeout",3.019970,"CounterSatisfiable",0.119124,"Timeout",3.043338,"Timeout",3.311122
result,"SYN428-1.p","Satisfiable","0.00 v7.3.0","Timeout",3.011050,"Satisfiable",0.127154,"Timeout",3.031531,"Timeout",4.799136
result,"SYN429+1.p","CounterSatisfiable","0.00 v5.5.0","Timeout",3.016893,"CounterSatisfiable",0.095310,"Timeout",3.044022,"Timeout",3.198709
result,"SYN429-1.p","Satisfiable","0.00 v7.3.0","Timeout",3.011887,"Satisfiable",0.121354,"Timeout",3.036194,"Timeout",3.588902
result,"SYN430+1.p","CounterSatisfiable","0.00 v4.1.0","Timeout",3.007640,"CounterSatisfiable",0.059438,"CounterSatisfiable",0.060070,"Satisfiable",0.025835
result,"SYN430-1.p","Satisfiable","0.00 v2.2.1","Timeout",3.007459,"Satisfiable",0.056029,"Satisfiable",0.060307,"Satisfiable",0.029189
result,"SYN431+1.p","CounterSatisfiable","0.00 v4.1.0","Timeout",3.008115,"CounterSatisfiable",0.064541,"CounterSatisfiable",0.061741,"Satisfiable",0.024027
result,"SYN431-1.p","Satisfiable","0.00 v6.2.0","Timeout",3.014813,"Satisfiable",0.065519,"Satisfiable",0.056573,"Satisfiable",0.056107
result,"SYN432+1.p","CounterSatisfiable","0.00 v4.1.0","Timeout",3.007560,"CounterSatisfiable",0.052514,"CounterSatisfiable",0.317487,"Satisfiable",0.023897
result,"SYN432-1.p","Satisfiable","0.00 v2.2.1","Timeout",3.007280,"Satisfiable",0.067321,"Satisfiable",0.780790,"Satisfiable",0.020330
result,"SYN433+1.p","CounterSatisfiable","0.00 v4.1.0","Timeout",3.007706,"CounterSatisfiable",0.058120,"Timeout",3.056647,"Satisfiable",0.039670
result,"SYN433-1.p","Satisfiable","0.00 v2.2.1","Timeout",3.006885,"Satisfiable",0.085194,"Timeout",3.035925,"Timeout",3.185973
result,"SYN434+1.p","CounterSatisfiable","0.00 v5.5.0","Timeout",3.008247,"CounterSatisfiable",0.090285,"Timeout",3.052700,"Satisfiable",0.099868
result,"SYN434-1.p","Satisfiable","0.00 v7.3.0","Timeout",3.008374,"Satisfiable",0.054093,"Timeout",3.041842,"Timeout",3.841572
result,"SYN435+1.p","CounterSatisfiable","0.00 v5.5.0","Timeout",3.007730,"CounterSatisfiable",0.056173,"Timeout",3.045196,"Satisfiable",0.068227
result,"SYN435-1.p","Satisfiable","0.00 v7.3.0","Timeout",3.007387,"Satisfiable",0.055484,"Timeout",3.047700,"Timeout",6.365909
result,"SYN436+1.p","Theorem","0.00 v6.1.0","Timeout",3.007428,"Theorem",0.125213,"Theorem",0.662061,"Unsatisfiable",0.268751
result,"SYN436-1.p","Unsatisfiable","0.00 v7.0.0","Timeout",3.006952,"Unsatisfiable",0.088051,"Unsatisfiable",0.731074,"Timeout",3.835476
result,"SYN437+1.p","CounterSatisfiable","0.00 v5.5.0","Timeout",3.013084,"CounterSatisfiable",0.067552,"Timeout",3.050116,"Timeout",3.359764
result,"SYN437-1.p","Satisfiable","0.00 v7.3.0","Timeout",3.007728,"Satisfiable",0.061643,"Timeout",3.042124,"Timeout",3.041394
result,"SYN438+1.p","CounterSatisfiable","0.00 v5.5.0","Timeout",3.008107,"CounterSatisfiable",0.067071,"Timeout",3.055140,"Satisfiable",0.168905
result,"SYN438-1.p","Satisfiable","0.00 v7.3.0","Timeout",3.022083,"Satisfiable",0.057757,"Timeout",3.079319,"Timeout",3.467447
result,"SYN439+1.p","Theorem","0.00 v7.0.0","Timeout",3.007619,"Theorem",0.103130,"Theorem",0.486930,"Timeout",4.453356
result,"SYN439-1.p","Unsatisfiable","0.00 v7.3.0","Timeout",3.008535,"Unsatisfiable",0.103979,"Timeout",3.049869,"Timeout",3.267228
result,"SYN440+1.p","Theorem","0.00 v7.0.0","Timeout",3.008831,"Theorem",0.102548,"Theorem",0.519899,"Timeout",4.655579
result,"SYN440-1.p","Unsatisfiable","0.00 v7.3.0","Timeout",3.007995,"Unsatisfiable",0.131158,"Unsatisfiable",0.560207,"Timeout",3.393758
result,"SYN441+1.p","CounterSatisfiable","0.00 v5.5.0","Timeout",3.008224,"CounterSatisfiable",0.085829,"Timeout",3.046120,"Timeout",3.051878
result,"SYN441-1.p","Satisfiable","0.00 v7.3.0","Timeout",3.007876,"Satisfiable",0.085217,"Timeout",3.040267,"Timeout",3.173283
result,"SYN442+1.p","Theorem","0.00 v6.1.0","Timeout",3.008438,"Theorem",0.123750,"Theorem",0.675312,"Unsatisfiable",0.178165
result,"SYN442-1.p","Unsatisfiable","0.00 v7.0.0","Timeout",3.015859,"Unsatisfiable",0.090511,"Unsatisfiable",0.547945,"Timeout",3.440216
result,"SYN443+1.p","Theorem","0.00 v5.5.0","Timeout",3.007148,"Theorem",0.073427,"Theorem",0.505361,"Unsatisfiable",0.131123
result,"SYN443-1.p","Unsatisfiable","0.00 v7.0.0","Timeout",3.007800,"Unsatisfiable",0.082302,"Unsatisfiable",0.564765,"Timeout",3.198344
result,"SYN444+1.p","Theorem","0.00 v6.1.0","Timeout",3.009901,"Theorem",0.078049,"Theorem",0.606349,"Unsatisfiable",0.141248
result,"SYN444-1.p","Unsatisfiable","0.00 v7.0.0","Timeout",3.013910,"Unsatisfiable",0.100689,"Unsatisfiable",0.530647,"Timeout",3.738604
result,"SYN445+1.p","Theorem","0.00 v6.1.0","Timeout",3.007255,"Theorem",0.069721,"Theorem",0.420158,"Unsatisfiable",0.091007
result,"SYN445-1.p","Unsatisfiable","0.00 v7.0.0","Timeout",3.016390,"Unsatisfiable",0.084148,"Unsatisfiable",0.473106,"Timeout",3.444581
result,"SYN446+1.p","CounterSatisfiable","0.00 v5.5.0","Timeout",3.007593,"CounterSatisfiable",0.070225,"Timeout",3.050403,"Satisfiable",0.045266
result,"SYN446-1.p","Satisfiable","0.00 v7.3.0","Timeout",3.007155,"Satisfiable",0.056343,"Timeout",3.046262,"Timeout",3.055050
result,"SYN447+1.p","Theorem","0.00 v6.1.0","Timeout",3.008612,"Theorem",0.102849,"Theorem",0.486715,"Timeout",3.062869
result,"SYN447-1.p","Unsatisfiable","0.00 v7.0.0","Timeout",3.007874,"Unsatisfiable",0.125152,"Unsatisfiable",0.570166,"Timeout",3.068975
result,"SYN448+1.p","Theorem","0.00 v6.1.0","Timeout",3.007601,"Theorem",0.115576,"Theorem",0.515776,"Unsatisfiable",0.123597
result,"SYN448-1.p","Unsatisfiable","0.00 v7.0.0","Timeout",3.007268,"Unsatisfiable",0.098561,"Unsatisfiable",0.482725,"Timeout",3.935189
result,"SYN449+1.p","CounterSatisfiable","0.00 v6.1.0","Timeout",3.008189,"CounterSatisfiable",0.082197,"Timeout",3.056461,"Satisfiable",0.120501
result,"SYN449-1.p","Satisfiable","0.00 v7.3.0","Timeout",3.007177,"Satisfiable",0.082138,"Timeout",3.049151,"Timeout",3.603983
result,"SYN450+1.p","Theorem","0.00 v5.5.0","Timeout",3.008113,"Theorem",0.088489,"Timeout",3.052966,"Unsatisfiable",0.168577
result,"SYN450-1.p","Unsatisfiable","0.00 v7.0.0","Timeout",3.029442,"Unsatisfiable",0.097671,"Unsatisfiable",0.680005,"Timeout",3.337856
result,"SYN451+1.p","Theorem","0.00 v6.1.0","Timeout",3.007402,"Theorem",0.084471,"Theorem",0.659826,"Unsatisfiable",0.087441
result,"SYN451-1.p","Unsatisfiable","0.00 v7.0.0","Timeout",3.009885,"Unsatisfiable",0.091017,"Unsatisfiable",0.731363,"Timeout",4.029375
result,"SYN452+1.p","Theorem","0.00 v6.1.0","Timeout",3.018849,"Theorem",0.084024,"Theorem",0.648889,"Unsatisfiable",0.149260
result,"SYN452-1.p","Unsatisfiable","0.00 v7.0.0","Timeout",3.032743,"Unsatisfiable",0.096241,"Unsatisfiable",0.590010,"Timeout",3.518533
result,"SYN453+1.p","CounterSatisfiable","0.00 v5.5.0","Timeout",3.008450,"CounterSatisfiable",0.094121,"Timeout",3.046700,"Timeout",3.717877
result,"SYN453-1.p","Satisfiable","0.00 v7.3.0","Timeout",3.007958,"Satisfiable",0.092049,"Timeout",3.045359,"Timeout",3.435394
result,"SYN454+1.p","Theorem","0.00 v6.1.0","Timeout",3.007171,"Theorem",0.079866,"Theorem",0.630330,"Unsatisfiable",0.118915
result,"SYN454-1.p","Unsatisfiable","0.00 v7.0.0","Timeout",3.012931,"Unsatisfiable",0.092973,"Unsatisfiable",0.549533,"Timeout",3.863581
result,"SYN455+1.p","Theorem","0.00 v6.1.0","Timeout",3.007029,"Theorem",0.085870,"Theorem",0.611910,"Unsatisfiable",0.121755
result,"SYN455-1.p","Unsatisfiable","0.00 v7.0.0","Timeout",3.007201,"Unsatisfiable",0.083048,"Unsatisfiable",0.652665,"Timeout",3.845796
result,"SYN456+1.p","CounterSatisfiable","0.00 v5.5.0","Timeout",3.007590,"CounterSatisfiable",0.097652,"Timeout",3.098352,"Satisfiable",0.201003
result,"SYN456-1.p","Satisfiable","0.00 v7.3.0","Timeout",3.006926,"Satisfiable",0.090135,"Timeout",3.071535,"Timeout",3.696171
result,"SYN457+1.p","Theorem","0.33 v9.1.0","Timeout",3.009348,"Theorem",0.101802,"Timeout",3.044524,"Timeout",3.426513
result,"SYN457-1.p","Unsatisfiable","0.00 v7.3.0","Timeout",3.008456,"Unsatisfiable",0.109748,"Timeout",3.044664,"Timeout",3.455440
result,"SYN458+1.p","Theorem","0.00 v6.1.0","Timeout",3.008436,"Theorem",0.081416,"Theorem",0.610961,"Unsatisfiable",0.087838
result,"SYN458-1.p","Unsatisfiable","0.00 v7.0.0","Timeout",3.007843,"Unsatisfiable",0.081584,"Unsatisfiable",0.595832,"Timeout",4.442425
result,"SYN459+1.p","Theorem","0.00 v6.1.0","Timeout",3.024291,"Theorem",0.093836,"Theorem",0.622720,"Unsatisfiable",0.127701
result,"SYN459-1.p","Unsatisfiable","0.00 v7.0.0","Timeout",3.007505,"Unsatisfiable",0.079460,"Unsatisfiable",0.628247,"Timeout",3.408279
result,"SYN460+1.p","Theorem","0.00 v6.1.0","Timeout",3.009556,"Theorem",0.096081,"Theorem",0.563429,"Timeout",3.783727
result,"SYN460-1.p","Unsatisfiable","0.00 v7.0.0","Timeout",3.008211,"Unsatisfiable",0.095398,"Unsatisfiable",0.524743,"Timeout",3.377290
result,"SYN461+1.p","Theorem","0.00 v6.1.0","Timeout",3.007868,"Theorem",0.087229,"Theorem",0.590576,"Unsatisfiable",0.153500
result,"SYN461-1.p","Unsatisfiable","0.00 v7.0.0","Timeout",3.007417,"Unsatisfiable",0.073367,"Unsatisfiable",0.561787,"Timeout",3.970783
result,"SYN462+1.p","Theorem","0.00 v6.1.0","Timeout",3.013210,"Theorem",0.084016,"Theorem",0.523259,"Unsatisfiable",0.190324
result,"SYN462-1.p","Unsatisfiable","0.00 v7.0.0","Timeout",3.007857,"Unsatisfiable",0.089159,"Unsatisfiable",0.470657,"Timeout",4.005821
result,"SYN463+1.p","CounterSatisfiable","0.00 v5.5.0","Timeout",3.008314,"CounterSatisfiable",0.065272,"Timeout",3.075714,"Satisfiable",0.110865
result,"SYN463-1.p","Satisfiable","0.00 v7.3.0","Timeout",3.007113,"Satisfiable",0.068562,"Timeout",3.046938,"Satisfiable",1.677048
result,"SYN464+1.p","CounterSatisfiable","0.00 v5.5.0","Timeout",3.008112,"CounterSatisfiable",0.091214,"Timeout",3.043787,"Timeout",3.587651
result,"SYN464-1.p","Satisfiable","0.00 v7.3.0","Timeout",3.008473,"Satisfiable",0.095317,"Timeout",3.072793,"Timeout",3.457892
result,"SYN465+1.p","Theorem","0.00 v5.5.0","Timeout",3.035325,"Theorem",0.097057,"Theorem",0.647004,"Unsatisfiable",0.169561
result,"SYN465-1.p","Unsatisfiable","0.00 v7.0.0","Timeout",3.010261,"Unsatisfiable",0.081269,"Unsatisfiable",0.700127,"Timeout",3.621092
result,"SYN466+1.p","Theorem","0.00 v6.1.0","Timeout",3.007289,"Theorem",0.089680,"Theorem",0.513935,"Unsatisfiable",0.220529
result,"SYN466-1.p","Unsatisfiable","0.00 v7.0.0","Timeout",3.007987,"Unsatisfiable",0.080999,"Unsatisfiable",0.486408,"Timeout",3.650441
result,"SYN467+1.p","Theorem","0.00 v5.5.0","Timeout",3.007420,"Theorem",0.096347,"Theorem",0.636737,"Unsatisfiable",0.177764
result,"SYN467-1.p","Unsatisfiable","0.00 v7.0.0","Timeout",3.008393,"Unsatisfiable",0.086344,"Unsatisfiable",0.638001,"Timeout",3.554508
result,"SYN468+1.p","Theorem","0.00 v6.1.0","Timeout",3.007635,"Theorem",0.113708,"Theorem",0.549116,"Unsatisfiable",0.117844
result,"SYN468-1.p","Unsatisfiable","0.00 v7.0.0","Timeout",3.007445,"Unsatisfiable",0.083126,"Unsatisfiable",0.536457,"Timeout",4.325724
result,"SYN469+1.p","Theorem","0.00 v5.5.0","Timeout",3.014677,"Theorem",0.093822,"Theorem",3.025025,"Unsatisfiable",0.138028
result,"SYN469-1.p","Unsatisfiable","0.00 v7.0.0","Timeout",3.011044,"Unsatisfiable",0.107640,"Unsatisfiable",2.823116,"Timeout",3.975704
result,"SYN470+1.p","Theorem","0.00 v6.1.0","Timeout",3.010669,"Theorem",0.085097,"Theorem",0.686506,"Unsatisfiable",0.200231
result,"SYN470-1.p","Unsatisfiable","0.00 v7.0.0","Timeout",3.009530,"Unsatisfiable",0.087396,"Unsatisfiable",2.773630,"Timeout",3.803055
result,"SYN471+1.p","Theorem","0.00 v5.5.0","Timeout",3.006938,"Theorem",0.084200,"Theorem",0.550156,"Unsatisfiable",0.186635
result,"SYN471-1.p","Unsatisfiable","0.00 v7.0.0","Timeout",3.006976,"Unsatisfiable",0.080759,"Unsatisfiable",0.502960,"Timeout",3.061552
result,"SYN472+1.p","Theorem","0.00 v5.5.0","Timeout",3.007225,"Theorem",0.087600,"Theorem",0.603577,"Unsatisfiable",0.248259
result,"SYN472-1.p","Unsatisfiable","0.00 v7.0.0","Timeout",3.007718,"Unsatisfiable",0.079654,"Unsatisfiable",0.536159,"Timeout",3.370512
result,"SYN473+1.p","Theorem","0.00 v5.5.0","Timeout",3.007019,"Theorem",0.085779,"Theorem",0.566623,"Unsatisfiable",0.318550
result,"SYN473-1.p","Unsatisfiable","0.00 v7.0.0","Timeout",3.007195,"Unsatisfiable",0.075028,"Unsatisfiable",0.553955,"Timeout",3.498279
result,"SYN474+1.p","Theorem","0.00 v6.1.0","Timeout",3.007667,"Theorem",0.104060,"Theorem",0.540234,"Unsatisfiable",0.188041
result,"SYN474-1.p","Unsatisfiable","0.00 v7.0.0","Timeout",3.006730,"Unsatisfiable",0.082847,"Unsatisfiable",0.561083,"Timeout",4.093392
result,"SYN475+1.p","Theorem","0.00 v5.5.0","Timeout",3.007084,"Theorem",0.101412,"Theorem",0.542035,"Unsatisfiable",0.110034
result,"SYN475-1.p","Unsatisfiable","0.00 v7.0.0","Timeout",3.014095,"Unsatisfiable",0.083644,"Unsatisfiable",0.544913,"Timeout",3.897386
result,"SYN476+1.p","Theorem","0.00 v6.1.0","Timeout",3.008864,"Theorem",0.100569,"Theorem",0.563315,"Unsatisfiable",0.275186
result,"SYN476-1.p","Unsatisfiable","0.00 v7.0.0","Timeout",3.007595,"Unsatisfiable",0.096941,"Unsatisfiable",0.470925,"Timeout",3.839933
result,"SYN477+1.p","Theorem","0.00 v6.1.0","Timeout",3.009630,"Theorem",0.087734,"Theorem",2.242884,"Unsatisfiable",0.157138
result,"SYN477-1.p","Unsatisfiable","0.00 v7.0.0","Timeout",3.007612,"Unsatisfiable",0.143916,"Unsatisfiable",2.372517,"Timeout",3.402035
result,"SYN478+1.p","Theorem","0.00 v6.1.0","Timeout",3.007533,"Theorem",0.086871,"Theorem",0.570988,"Unsatisfiable",0.143026
result,"SYN478-1.p","Unsatisfiable","0.00 v7.0.0","Timeout",3.006996,"Unsatisfiable",0.092722,"Unsatisfiable",0.457803,"Timeout",3.483166
result,"SYN479+1.p","Theorem","0.00 v6.1.0","Timeout",3.007284,"Theorem",0.146009,"Theorem",0.471611,"Unsatisfiable",0.157414
result,"SYN479-1.p","Unsatisfiable","0.00 v7.0.0","Timeout",3.007503,"Unsatisfiable",0.086545,"Unsatisfiable",0.533689,"Timeout",3.375516
result,"SYN480+1.p","Theorem","0.00 v5.5.0","Timeout",3.007126,"Theorem",0.098694,"Theorem",0.659871,"Unsatisfiable",0.235060
result,"SYN480-1.p","Unsatisfiable","0.00 v7.0.0","Timeout",3.009415,"Unsatisfiable",0.081098,"Unsatisfiable",0.568973,"Timeout",3.851834
result,"SYN481+1.p","Theorem","0.00 v6.1.0","Timeout",3.016172,"Theorem",0.095084,"Theorem",0.651066,"Unsatisfiable",0.195729
result,"SYN481-1.p","Unsatisfiable","0.00 v7.0.0","Timeout",3.007325,"Unsatisfiable",0.081009,"Unsatisfiable",0.617740,"Timeout",3.170885
result,"SYN482+1.p","Theorem","0.00 v5.5.0","Timeout",3.007891,"Theorem",0.089215,"Theorem",0.605011,"Unsatisfiable",0.258603
result,"SYN482-1.p","Unsatisfiable","0.00 v7.0.0","Timeout",3.008431,"Unsatisfiable",0.087730,"Unsatisfiable",0.576382,"Timeout",3.624808
result,"SYN483+1.p","Theorem","0.00 v6.1.0","Timeout",3.008122,"Theorem",0.087099,"Theorem",0.549696,"Unsatisfiable",0.164197
result,"SYN483-1.p","Unsatisfiable","0.00 v7.0.0","Timeout",3.008110,"Unsatisfiable",0.092228,"Unsatisfiable",0.530391,"Timeout",3.729262
result,"SYN484+1.p","Theorem","0.00 v5.5.0","Timeout",3.007334,"Theorem",0.105474,"Theorem",0.555097,"Unsatisfiable",0.140276
result,"SYN484-1.p","Unsatisfiable","0.00 v7.0.0","Timeout",3.011537,"Unsatisfiable",0.081610,"Unsatisfiable",0.643475,"Timeout",3.142279
result,"SYN485+1.p","Theorem","0.00 v5.5.0","Timeout",3.009597,"Theorem",0.088720,"Theorem",0.499888,"Unsatisfiable",0.145310
result,"SYN485-1.p","Unsatisfiable","0.00 v7.0.0","Timeout",3.010303,"Unsatisfiable",0.085413,"Unsatisfiable",0.524777,"Timeout",3.894547
result,"SYN486+1.p","Theorem","0.00 v6.1.0","Timeout",3.008963,"Theorem",0.089810,"Theorem",0.543270,"Unsatisfiable",0.223304
result,"SYN486-1.p","Unsatisfiable","0.00 v7.0.0","Timeout",3.008273,"Unsatisfiable",0.082527,"Unsatisfiable",0.534458,"Timeout",3.314006
result,"SYN487+1.p","Theorem","0.00 v6.1.0","Timeout",3.007937,"Theorem",0.088410,"Theorem",0.653640,"Unsatisfiable",0.152519
result,"SYN487-1.p","Unsatisfiable","0.00 v7.0.0","Timeout",3.014629,"Unsatisfiable",0.085639,"Unsatisfiable",0.567315,"Timeout",3.484809
result,"SYN488+1.p","Theorem","0.00 v6.1.0","Timeout",3.008502,"Theorem",0.090650,"Theorem",0.706459,"Unsatisfiable",0.180658
result,"SYN488-1.p","Unsatisfiable","0.00 v7.0.0","Timeout",3.008981,"Unsatisfiable",0.097080,"Unsatisfiable",0.683033,"Timeout",3.980463
result,"SYN489+1.p","Theorem","0.00 v5.5.0","Timeout",3.008343,"Theorem",0.091415,"Theorem",0.609255,"Unsatisfiable",0.256556
result,"SYN489-1.p","Unsatisfiable","0.00 v7.0.0","Timeout",3.009928,"Unsatisfiable",0.087801,"Unsatisfiable",0.632512,"Timeout",3.633855
result,"SYN490+1.p","CounterSatisfiable","0.00 v4.1.0","Timeout",3.007088,"CounterSatisfiable",0.057099,"CounterSatisfiable",0.013004,"Satisfiable",0.017971
result,"SYN490-1.p","Satisfiable","0.00 v2.2.0","Timeout",3.007128,"Satisfiable",0.055359,"Satisfiable",0.021276,"Satisfiable",0.016182
result,"SYN491+1.p","CounterSatisfiable","0.00 v5.5.0","Timeout",3.007896,"CounterSatisfiable",0.051782,"CounterSatisfiable",0.008283,"Satisfiable",0.016026
result,"SYN491-1.p","Satisfiable","0.00 v2.2.0","Timeout",3.015648,"Satisfiable",0.071216,"Satisfiable",0.008093,"Satisfiable",0.015871
result,"SYN492+1.p","CounterSatisfiable","0.00 v5.4.0","Timeout",3.007317,"CounterSatisfiable",0.052131,"CounterSatisfiable",0.009400,"Satisfiable",0.016155
result,"SYN492-1.p","Satisfiable","0.00 v2.2.0","Timeout",3.007213,"Satisfiable",0.055431,"Satisfiable",0.009200,"Satisfiable",0.016370
result,"SYN493+1.p","CounterSatisfiable","0.00 v4.1.0","Timeout",3.007011,"CounterSatisfiable",0.070885,"CounterSatisfiable",0.021050,"Satisfiable",0.018564
result,"SYN493-1.p","Satisfiable","0.00 v2.2.0","Timeout",3.008413,"Satisfiable",0.080130,"Satisfiable",0.024856,"Timeout",3.635541
result,"SYN494+1.p","CounterSatisfiable","0.00 v4.1.0","Timeout",3.006895,"CounterSatisfiable",0.050630,"CounterSatisfiable",0.009171,"Satisfiable",0.016538
result,"SYN494-1.p","Satisfiable","0.00 v2.2.0","Timeout",3.006908,"Satisfiable",0.050786,"Satisfiable",0.007370,"Satisfiable",0.017097
result,"SYN495+1.p","CounterSatisfiable","0.00 v4.1.0","Timeout",3.007239,"CounterSatisfiable",0.053332,"CounterSatisfiable",0.007465,"Satisfiable",0.017793
result,"SYN495-1.p","Satisfiable","0.00 v2.1.0","Timeout",3.006761,"Satisfiable",0.121670,"Satisfiable",0.007134,"Satisfiable",0.015962
result,"SYN496+1.p","CounterSatisfiable","0.00 v6.1.0","Timeout",3.009179,"CounterSatisfiable",0.059561,"CounterSatisfiable",0.009010,"Satisfiable",0.019686
result,"SYN496-1.p","Satisfiable","0.00 v2.2.0","Timeout",3.007122,"Satisfiable",0.057894,"Satisfiable",0.008906,"Satisfiable",0.016227
result,"SYN497+1.p","CounterSatisfiable","0.00 v4.1.0","Timeout",3.008455,"CounterSatisfiable",0.052635,"CounterSatisfiable",0.009000,"Satisfiable",0.017040
result,"SYN497-1.p","Satisfiable","0.00 v2.2.0","Timeout",3.014143,"Satisfiable",0.050976,"Satisfiable",0.008827,"Satisfiable",0.017754
result,"SYN498+1.p","Theorem","0.00 v6.1.0","Timeout",3.009581,"Theorem",0.124210,"Theorem",0.905811,"Unsatisfiable",0.143360
result,"SYN498-1.p","Unsatisfiable","0.00 v7.0.0","Timeout",3.009366,"Unsatisfiable",0.086499,"Unsatisfiable",0.764566,"Timeout",3.337851
result,"SYN499+1.p","Theorem","0.00 v6.1.0","Timeout",3.008171,"Theorem",0.085804,"Theorem",0.786220,"Unsatisfiable",0.125795
result,"SYN499-1.p","Unsatisfiable","0.00 v7.0.0","Timeout",3.009149,"Unsatisfiable",0.087303,"Unsatisfiable",0.895211,"Timeout",3.943481
result,"SYN500+1.p","Theorem","0.00 v6.1.0","Timeout",3.007737,"Theorem",0.089735,"Theorem",0.647205,"Unsatisfiable",0.227247
result,"SYN500-1.p","Unsatisfiable","0.00 v7.0.0","Timeout",3.007728,"Unsatisfiable",0.095362,"Unsatisfiable",0.534525,"Timeout",3.316410
result,"SYN501+1.p","Theorem","0.00 v6.1.0","Timeout",3.007693,"Theorem",0.139383,"Theorem",0.522789,"Unsatisfiable",0.120603
result,"SYN501-1.p","Unsatisfiable","0.00 v7.0.0","Timeout",3.008822,"Unsatisfiable",0.096186,"Unsatisfiable",0.521059,"Timeout",3.611231
result,"SYN502+1.p","Theorem","0.00 v6.1.0","Timeout",3.380732,"Theorem",0.094426,"Theorem",0.699369,"Unsatisfiable",0.161109
result,"SYN502-1.p","Unsatisfiable","0.00 v7.0.0","Timeout",3.009479,"Unsatisfiable",0.090141,"Unsatisfiable",0.648481,"Timeout",3.221345
result,"SYN503+1.p","Theorem","0.00 v5.5.0","Timeout",3.008494,"Theorem",0.095132,"Theorem",0.691734,"Unsatisfiable",0.142748
result,"SYN503-1.p","Unsatisfiable","0.00 v7.0.0","Timeout",3.008905,"Unsatisfiable",0.082330,"Unsatisfiable",0.676501,"Timeout",3.428833
result,"SYN504+1.p","Theorem","0.00 v6.1.0","Timeout",3.007762,"Theorem",0.095496,"Theorem",0.563612,"Unsatisfiable",0.241310
result,"SYN504-1.p","Unsatisfiable","0.00 v7.0.0","Timeout",3.007765,"Unsatisfiable",0.081135,"Unsatisfiable",0.561919,"Timeout",3.274767
result,"SYN505+1.p","Theorem","0.00 v5.5.0","Timeout",3.007793,"Theorem",0.084254,"Theorem",0.588731,"Unsatisfiable",0.142397
result,"SYN505-1.p","Unsatisfiable","0.00 v7.0.0","Timeout",3.007615,"Unsatisfiable",0.098667,"Unsatisfiable",0.530206,"Timeout",3.310313
result,"SYN506+1.p","Theorem","0.00 v6.1.0","Timeout",3.010261,"Theorem",0.089375,"Theorem",0.639059,"Unsatisfiable",0.122525
result,"SYN506-1.p","Unsatisfiable","0.00 v7.0.0","Timeout",3.008068,"Unsatisfiable",0.070903,"Unsatisfiable",0.592162,"Timeout",3.678663
result,"SYN507+1.p","Theorem","0.00 v6.1.0","Timeout",3.008071,"Theorem",0.110730,"Theorem",0.772740,"Unsatisfiable",0.262422
result,"SYN507-1.p","Unsatisfiable","0.00 v7.0.0","Timeout",3.009580,"Unsatisfiable",0.094133,"Unsatisfiable",0.837125,"Timeout",3.233976
result,"SYN508+1.p","Theorem","0.00 v6.1.0","Timeout",3.007667,"Theorem",0.114250,"Theorem",0.584527,"Unsatisfiable",0.194627
result,"SYN508-1.p","Unsatisfiable","0.00 v7.0.0","Timeout",3.007990,"Unsatisfiable",0.078227,"Unsatisfiable",0.534313,"Timeout",3.346852
result,"SYN509+1.p","Theorem","0.00 v5.5.0","Timeout",3.007027,"Theorem",0.135243,"Theorem",0.571664,"Unsatisfiable",0.330072
result,"SYN509-1.p","Unsatisfiable","0.00 v7.0.0","Timeout",3.007690,"Unsatisfiable",0.088126,"Unsatisfiable",0.537788,"Timeout",3.194694
result,"SYN510+1.p","Theorem","0.00 v6.1.0","Timeout",3.009080,"Theorem",0.094906,"Theorem",0.526643,"Unsatisfiable",0.156074
result,"SYN510-1.p","Unsatisfiable","0.00 v7.0.0","Timeout",3.008062,"Unsatisfiable",0.098630,"Unsatisfiable",0.567987,"Timeout",3.665369
result,"SYN511+1.p","Theorem","0.00 v6.1.0","Timeout",3.008823,"Theorem",0.090531,"Theorem",0.462807,"Unsatisfiable",0.141517
result,"SYN511-1.p","Unsatisfiable","0.00 v7.0.0","Timeout",3.007382,"Unsatisfiable",0.077725,"Unsatisfiable",0.511068,"Timeout",3.267084
result,"SYN512+1.p","Theorem","0.00 v6.1.0","Timeout",3.007739,"Theorem",0.113305,"Theorem",0.669871,"Unsatisfiable",0.128668
result,"SYN512-1.p","Unsatisfiable","0.00 v7.0.0","Timeout",3.007375,"Unsatisfiable",0.119802,"Unsatisfiable",0.640428,"Timeout",3.403745
result,"SYN513+1.p","CounterSatisfiable","0.00 v6.2.0","Timeout",3.013857,"CounterSatisfiable",0.091809,"Timeout",3.034140,"Satisfiable",2.872471
result,"SYN513-1.p","Satisfiable","0.00 v7.3.0","Timeout",3.010087,"Satisfiable",0.110704,"Satisfiable",3.000557,"Timeout",3.098377
result,"SYN514+1.p","CounterSatisfiable","0.00 v5.5.0","Timeout",3.012094,"CounterSatisfiable",0.119401,"Timeout",3.040124,"Timeout",3.391233
result,"SYN514-1.p","Satisfiable","0.00 v7.3.0","Timeout",3.008978,"Satisfiable",0.104838,"Timeout",3.042869,"Timeout",4.491753
result,"SYN515+1.p","CounterSatisfiable","0.00 v4.1.0","Timeout",3.009203,"CounterSatisfiable",0.061261,"CounterSatisfiable",0.023289,"Satisfiable",0.015999
result,"SYN515-1.p","Satisfiable","0.00 v2.2.1","Timeout",3.007404,"Satisfiable",0.120102,"Satisfiable",0.007725,"Satisfiable",0.016795
result,"SYN516+1.p","CounterSatisfiable","0.00 v4.1.0","Timeout",3.007972,"CounterSatisfiable",0.057063,"CounterSatisfiable",0.009833,"Satisfiable",0.023469
result,"SYN516-1.p","Satisfiable","0.00 v2.1.0","Timeout",3.009121,"Satisfiable",0.065701,"Satisfiable",0.008141,"Satisfiable",0.018280
result,"SYN517+1.p","CounterSatisfiable","0.00 v5.5.0","Timeout",3.008490,"CounterSatisfiable",0.068134,"CounterSatisfiable",0.008918,"Satisfiable",0.020365
result,"SYN517-1.p","Satisfiable","0.00 v2.2.0","Timeout",3.007470,"Satisfiable",0.082355,"Satisfiable",0.008218,"Satisfiable",0.017956
result,"SYN518+1.p","CounterSatisfiable","0.00 v5.5.0","Timeout",3.980808,"CounterSatisfiable",0.089035,"CounterSatisfiable",1.117574,"Timeout",3.095865
result,"SYN518-1.p","Satisfiable","0.00 v7.3.0","Timeout",3.061506,"Satisfiable",0.069596,"Timeout",3.030997,"Timeout",4.177022
result,"SYN519+1.p","CounterSatisfiable","0.00 v6.2.0","Timeout",3.015257,"CounterSatisfiable",0.354989,"Timeout",3.058492,"Timeout",3.919450
result,"SYN519-1.p","Satisfiable","0.00 v7.3.0","Timeout",3.018297,"Satisfiable",0.140528,"Timeout",3.037558,"Timeout",4.906804
result,"SYN520+1.p","CounterSatisfiable","0.00 v6.2.0","Timeout",3.041190,"CounterSatisfiable",0.340688,"Timeout",3.045024,"Timeout",3.390350
result,"SYN520-1.p","Satisfiable","0.00 v7.3.0","Timeout",3.030330,"Satisfiable",0.118884,"Timeout",3.041188,"Timeout",3.400645
result,"SYN521+1.p","CounterSatisfiable","0.00 v4.1.0","Timeout",3.009464,"CounterSatisfiable",0.049603,"CounterSatisfiable",0.011969,"Satisfiable",0.019693
result,"SYN521-1.p","Satisfiable","0.00 v2.2.1","Timeout",3.020388,"Satisfiable",0.049775,"Satisfiable",0.007483,"Satisfiable",0.022242
result,"SYN522+1.p","CounterSatisfiable","0.00 v4.1.0","Timeout",3.010161,"CounterSatisfiable",0.058173,"CounterSatisfiable",0.019603,"Satisfiable",0.030150
result,"SYN522-1.p","Satisfiable","0.00 v5.0.0","Timeout",3.015838,"Satisfiable",0.058837,"Satisfiable",0.171662,"Satisfiable",0.029445
result,"SYN523+1.p","CounterSatisfiable","0.00 v4.1.0","Timeout",3.007854,"CounterSatisfiable",0.033085,"CounterSatisfiable",0.006840,"Satisfiable",0.015795
result,"SYN523-1.p","Satisfiable","0.00 v2.1.0","Timeout",3.008652,"Satisfiable",0.035450,"Satisfiable",0.006612,"Satisfiable",0.016018
result,"SYN524+1.p","CounterSatisfiable","0.00 v4.1.0","Timeout",3.007000,"CounterSatisfiable",0.072395,"CounterSatisfiable",0.014490,"Satisfiable",0.021423
result,"SYN524-1.p","Satisfiable","0.00 v2.2.1","Timeout",3.008187,"Satisfiable",0.051224,"Satisfiable",0.013680,"Satisfiable",0.018058
result,"SYN525+1.p","CounterSatisfiable","0.00 v6.0.0","Timeout",3.007755,"CounterSatisfiable",0.050047,"CounterSatisfiable",0.019968,"Satisfiable",0.025142
result,"SYN525-1.p","Satisfiable","0.00 v2.2.1","Timeout",3.007247,"Satisfiable",0.059404,"Satisfiable",0.007678,"Satisfiable",0.017716
result,"SYN526+1.p","CounterSatisfiable","0.00 v4.1.0","Timeout",3.008685,"CounterSatisfiable",0.118188,"CounterSatisfiable",0.025808,"Satisfiable",0.021580
result,"SYN526-1.p","Satisfiable","0.00 v2.2.1","Timeout",3.009177,"Satisfiable",0.051918,"Satisfiable",0.012788,"Satisfiable",0.021615
result,"SYN527+1.p","CounterSatisfiable","0.00 v4.1.0","Timeout",3.007788,"CounterSatisfiable",0.103749,"CounterSatisfiable",0.010137,"Satisfiable",0.015653
result,"SYN527-1.p","Satisfiable","0.00 v2.1.0","Timeout",3.007694,"Satisfiable",0.062660,"Satisfiable",0.007929,"Satisfiable",0.019856
result,"SYN528+1.p","CounterSatisfiable","0.00 v4.1.0","Timeout",3.027955,"CounterSatisfiable",0.068829,"CounterSatisfiable",0.014443,"Satisfiable",0.016334
result,"SYN528-1.p","Satisfiable","0.00 v2.2.1","Timeout",3.009129,"Satisfiable",0.073464,"Satisfiable",0.013795,"Satisfiable",0.016774
result,"SYN529+1.p","CounterSatisfiable","0.00 v4.1.0","Timeout",3.008964,"CounterSatisfiable",0.075656,"CounterSatisfiable",0.027948,"Satisfiable",0.025595
result,"SYN529-1.p","Satisfiable","0.00 v2.2.1","Timeout",3.010129,"Satisfiable",0.090107,"Satisfiable",0.029888,"Satisfiable",0.027517
result,"SYN530+1.p","CounterSatisfiable","0.00 v4.1.0","Timeout",3.008975,"CounterSatisfiable",0.066162,"CounterSatisfiable",0.013535,"Satisfiable",0.021711
result,"SYN530-1.p","Satisfiable","0.00 v7.3.0","Timeout",3.007359,"Satisfiable",0.054373,"Satisfiable",0.008498,"Timeout",5.995304
result,"SYN531+1.p","CounterSatisfiable","0.00 v4.1.0","Timeout",3.007901,"CounterSatisfiable",0.049178,"CounterSatisfiable",0.014523,"Satisfiable",0.016610
result,"SYN531-1.p","Satisfiable","0.00 v2.2.0","Timeout",3.007354,"Satisfiable",0.062124,"Satisfiable",0.008580,"Satisfiable",0.021236
result,"SYN532+1.p","CounterSatisfiable","0.00 v5.5.0","Timeout",3.017553,"CounterSatisfiable",0.106868,"CounterSatisfiable",0.014851,"Satisfiable",0.016281
result,"SYN532-1.p","Satisfiable","0.00 v2.2.1","Timeout",3.007770,"Satisfiable",0.055444,"Satisfiable",0.008798,"Satisfiable",0.021770
result,"SYN533+1.p","CounterSatisfiable","0.00 v5.5.0","Timeout",3.007433,"CounterSatisfiable",0.071099,"CounterSatisfiable",0.012768,"Satisfiable",0.016318
result,"SYN533-1.p","Satisfiable","0.00 v2.2.1","Timeout",3.007297,"Satisfiable",0.069427,"Satisfiable",0.008156,"Satisfiable",0.016153
result,"SYN534+1.p","CounterSatisfiable","0.00 v4.1.0","Timeout",3.009070,"CounterSatisfiable",0.050148,"CounterSatisfiable",0.018454,"Satisfiable",0.016850
result,"SYN534-1.p","Satisfiable","0.00 v2.2.0","Timeout",3.007508,"Satisfiable",0.054851,"Satisfiable",0.008071,"Satisfiable",0.018243
result,"SYN535+1.p","CounterSatisfiable","0.00 v4.1.0","Timeout",3.007602,"CounterSatisfiable",0.057084,"CounterSatisfiable",0.013360,"Satisfiable",0.018290
result,"SYN535-1.p","Satisfiable","0.00 v2.2.1","Timeout",3.007847,"Satisfiable",0.072971,"Satisfiable",0.008769,"Satisfiable",0.059981
result,"SYN536+1.p","CounterSatisfiable","0.00 v4.1.0","Timeout",3.008104,"CounterSatisfiable",0.084112,"CounterSatisfiable",0.016719,"Satisfiable",0.016154
result,"SYN536-1.p","Satisfiable","0.00 v2.4.0","Timeout",3.009149,"Satisfiable",0.069305,"Satisfiable",0.009575,"Satisfiable",0.016410
result,"SYN537+1.p","CounterSatisfiable","0.00 v4.1.0","Timeout",3.008687,"CounterSatisfiable",0.049062,"CounterSatisfiable",0.014782,"Satisfiable",0.016324
result,"SYN537-1.p","Satisfiable","0.00 v2.2.1","Timeout",3.007689,"Satisfiable",0.067239,"Satisfiable",0.012278,"Satisfiable",0.038469
result,"SYN538+1.p","CounterSatisfiable","0.00 v4.1.0","Timeout",3.013931,"CounterSatisfiable",0.065050,"CounterSatisfiable",0.022705,"Satisfiable",0.018615
result,"SYN538-1.p","Satisfiable","0.00 v5.0.0","Timeout",3.011934,"Satisfiable",0.083697,"Timeout",3.030449,"Timeout",3.169762
result,"SYN539+1.p","CounterSatisfiable","0.00 v4.1.0","Timeout",3.009416,"CounterSatisfiable",0.057147,"CounterSatisfiable",0.030178,"Satisfiable",0.132423
result,"SYN539-1.p","Satisfiable","0.00 v3.1.0","Timeout",3.008069,"Satisfiable",0.090619,"Timeout",3.039303,"Timeout",3.417689
result,"SYN540+1.p","CounterSatisfiable","0.00 v5.5.0","Timeout",3.008865,"CounterSatisfiable",0.062418,"CounterSatisfiable",0.019052,"Satisfiable",0.022308
result,"SYN540-1.p","Satisfiable","0.00 v6.2.0","Timeout",3.007191,"Satisfiable",0.062660,"Satisfiable",0.019222,"Satisfiable",0.029129
result,"SYN541+1.p","CounterSatisfiable","0.00 v4.1.0","Timeout",3.010398,"CounterSatisfiable",0.053798,"CounterSatisfiable",0.026552,"Satisfiable",0.050126
result,"SYN541-1.p","Satisfiable","0.00 v3.2.0","Timeout",3.008230,"Satisfiable",0.082480,"Satisfiable",0.037502,"Timeout",4.229577
result,"SYN542+1.p","CounterSatisfiable","0.00 v5.5.0","Timeout",3.007317,"CounterSatisfiable",0.105536,"Timeout",3.064006,"Satisfiable",0.076677
result,"SYN542-1.p","Satisfiable","0.00 v7.3.0","Timeout",3.009254,"Satisfiable",0.116818,"Timeout",3.051830,"Timeout",3.079771
result,"SYN543+1.p","CounterSatisfiable","0.00 v5.5.0","Timeout",3.009717,"CounterSatisfiable",0.113692,"Timeout",3.041656,"Satisfiable",0.222408
result,"SYN543-1.p","Satisfiable","0.00 v7.3.0","Timeout",3.008377,"Satisfiable",0.116477,"Timeout",3.051027,"Timeout",3.269878
result,"SYN544+1.p","CounterSatisfiable","0.00 v6.0.0","Timeout",3.015978,"CounterSatisfiable",0.141837,"CounterSatisfiable",0.117863,"Satisfiable",0.322679
result,"SYN544-1.p","Satisfiable","0.00 v6.2.0","Timeout",3.010331,"Satisfiable",0.066003,"Timeout",3.034549,"Timeout",3.355583
result,"SYN545+1.p","CounterSatisfiable","0.00 v5.5.0","Timeout",3.015352,"CounterSatisfiable",0.078218,"Timeout",3.050539,"Timeout",3.402158
result,"SYN545-1.p","Satisfiable","0.00 v7.3.0","Timeout",3.011356,"Satisfiable",0.090782,"Timeout",3.040684,"Timeout",3.376358
result,"SYN546+1.p","CounterSatisfiable","0.00 v5.5.0","Timeout",3.014904,"CounterSatisfiable",0.103268,"Timeout",3.048363,"Satisfiable",0.516987
result,"SYN546-1.p","Satisfiable","0.00 v7.3.0","Timeout",3.014818,"Satisfiable",0.099534,"Timeout",3.073296,"Timeout",4.417437
result,"SYN547+1.p","CounterSatisfiable","0.00 v5.5.0","Timeout",3.017951,"CounterSatisfiable",0.063949,"CounterSatisfiable",0.914891,"Satisfiable",0.104071
result,"SYN547-1.p","Satisfiable","0.00 v7.3.0","Timeout",3.010532,"Satisfiable",0.081045,"Satisfiable",0.342007,"Timeout",3.054470
result,"SYN548+1.p","Theorem","0.25 v9.1.0","Timeout",3.007827,"Timeout",2.988702,"Timeout",3.063127,"Timeout",3.479712
result,"SYN549+1.p","Theorem","0.15 v9.1.0","Timeout",3.008300,"Theorem",0.085951,"Timeout",3.054889,"Unsatisfiable",0.026088
result,"SYN550+1.p","Theorem","0.15 v9.1.0","Timeout",3.007322,"Theorem",0.032181,"Timeout",3.045653,"Unsatisfiable",0.256608
result,"SYN551+1.p","Theorem","0.09 v9.1.0","Timeout",3.006869,"Theorem",0.049166,"Theorem",0.597644,"Satisfiable",0.021173
result,"SYN552-1.p","Satisfiable","0.00 v6.1.0","GaveUp",0.025182,"Satisfiable",0.016971,"Satisfiable",0.007977,"Satisfiable",0.020957
result,"SYN553-1.p","Unsatisfiable","0.06 v9.1.0","Unsatisfiable",0.024399,"Unsatisfiable",0.016175,"Unsatisfiable",0.008238,"Timeout",4.000802
result,"SYN554-1.p","Unsatisfiable","0.00 v2.5.0","Unsatisfiable",0.011874,"Unsatisfiable",0.035545,"Unsatisfiable",0.006403,"Timeout",3.854518
result,"SYN555-1.p","Unsatisfiable","0.00 v5.3.0","Unsatisfiable",0.017880,"Unsatisfiable",0.038945,"Unsatisfiable",0.009741,"Timeout",3.369452
result,"SYN556-1.p","Unsatisfiable","0.29 v9.1.0","Timeout",3.011283,"Unsatisfiable",0.035083,"Timeout",3.077677,"Timeout",3.781589
result,"SYN557-1.p","Unsatisfiable","0.06 v9.1.0","Timeout",3.015351,"Unsatisfiable",0.038194,"Unsatisfiable",0.007079,"Timeout",4.463124
result,"SYN558-1.p","Unsatisfiable","0.06 v9.1.0","Timeout",3.007845,"Unsatisfiable",0.057009,"Unsatisfiable",0.017010,"Timeout",4.058883
result,"SYN559-1.p","Unsatisfiable","0.06 v9.1.0","Timeout",3.009520,"Unsatisfiable",0.034940,"Unsatisfiable",0.006263,"Timeout",4.788059
result,"SYN560-1.p","Unsatisfiable","0.00 v9.1.0","Unsatisfiable",0.040157,"Unsatisfiable",0.074113,"Unsatisfiable",0.009899,"Timeout",3.792096
result,"SYN561-1.p","Unsatisfiable","0.06 v9.1.0","Timeout",3.015813,"Unsatisfiable",0.035146,"Unsatisfiable",0.007067,"Timeout",3.065012
result,"SYN562-1.p","Unsatisfiable","0.06 v9.1.0","Unsatisfiable",0.021843,"Unsatisfiable",0.035300,"Unsatisfiable",0.007337,"Timeout",3.072320
result,"SYN563-1.p","Unsatisfiable","0.06 v9.1.0","Timeout",3.013635,"Unsatisfiable",0.081412,"Unsatisfiable",0.372599,"Unsatisfiable",2.973588
result,"SYN564-1.p","Unsatisfiable","0.06 v9.1.0","Timeout",3.008677,"Unsatisfiable",0.038818,"Unsatisfiable",0.172146,"Timeout",3.244154
result,"SYN565-1.p","Unsatisfiable","0.06 v9.1.0","Timeout",3.015161,"Unsatisfiable",0.118267,"Unsatisfiable",0.176335,"Timeout",3.425397
result,"SYN566-1.p","Unsatisfiable","0.06 v9.1.0","Unsatisfiable",0.023074,"Unsatisfiable",0.040012,"Unsatisfiable",0.009640,"Timeout",3.795226
result,"SYN567-1.p","Unsatisfiable","0.00 v2.5.0","Unsatisfiable",0.012557,"Unsatisfiable",0.077530,"Unsatisfiable",0.009419,"Timeout",3.258633
result,"SYN568-1.p","Unsatisfiable","0.00 v2.6.0","Unsatisfiable",0.013989,"Unsatisfiable",0.048715,"Unsatisfiable",0.005631,"Timeout",3.073451
result,"SYN569-1.p","Unsatisfiable","0.06 v9.1.0","Unsatisfiable",0.862796,"Unsatisfiable",0.039264,"Unsatisfiable",0.252659,"Timeout",4.562144
result,"SYN570-1.p","Unsatisfiable","0.00 v5.4.0","Unsatisfiable",0.018333,"Unsatisfiable",0.039337,"Unsatisfiable",0.013358,"Unsatisfiable",0.082360
result,"SYN571-1.p","Unsatisfiable","0.08 v9.1.0","Timeout",3.010783,"Unsatisfiable",0.097876,"Unsatisfiable",0.296430,"Timeout",3.470095
result,"SYN572-1.p","Unsatisfiable","0.18 v9.1.0","Timeout",3.019473,"Unsatisfiable",0.470344,"Timeout",3.065656,"Timeout",4.884385
result,"SYN573-1.p","Unsatisfiable","0.00 v9.1.0","Unsatisfiable",0.014644,"Unsatisfiable",0.046031,"Unsatisfiable",0.028937,"Timeout",3.745426
result,"SYN574-1.p","Unsatisfiable","0.00 v6.3.0","Unsatisfiable",0.096616,"Unsatisfiable",0.081485,"Unsatisfiable",0.066842,"Timeout",3.346085
result,"SYN575-1.p","Unsatisfiable","0.00 v7.1.0","Unsatisfiable",0.146066,"Unsatisfiable",0.063527,"Unsatisfiable",0.075872,"Timeout",3.217252
result,"SYN576-1.p","Unsatisfiable","0.23 v9.1.0","Timeout",3.008647,"Unsatisfiable",0.038255,"Timeout",3.051167,"Timeout",3.373075
result,"SYN577-1.p","Unsatisfiable","0.18 v9.1.0","Timeout",3.007731,"Unsatisfiable",0.093951,"Unsatisfiable",0.007338,"Timeout",3.335908
result,"SYN578-1.p","Unsatisfiable","0.00 v7.1.0","Timeout",3.008528,"Unsatisfiable",0.072313,"Unsatisfiable",0.014560,"Timeout",3.794014
result,"SYN579-1.p","Unsatisfiable","0.00 v7.1.0","Timeout",3.008381,"Unsatisfiable",0.086408,"Unsatisfiable",0.010613,"Unsatisfiable",2.917230
result,"SYN580-1.p","Unsatisfiable","0.00 v6.3.0","Unsatisfiable",0.089571,"Unsatisfiable",0.033175,"Unsatisfiable",0.196278,"Unsatisfiable",0.042317
result,"SYN581-1.p","Unsatisfiable","0.00 v2.5.0","Unsatisfiable",0.039574,"Unsatisfiable",0.014921,"Unsatisfiable",0.029188,"Timeout",3.235862
result,"SYN582-1.p","Unsatisfiable","0.00 v2.5.0","Unsatisfiable",0.030631,"Unsatisfiable",0.030673,"Unsatisfiable",0.008643,"Timeout",3.800280
result,"SYN583-1.p","Unsatisfiable","0.00 v5.0.0","Unsatisfiable",0.033787,"Unsatisfiable",0.037829,"Unsatisfiable",0.011197,"Timeout",3.794126
result,"SYN584-1.p","Unsatisfiable","0.00 v6.1.0","Unsatisfiable",0.013813,"Unsatisfiable",0.034276,"Unsatisfiable",0.033668,"Timeout",4.718991
result,"SYN585-1.p","Unsatisfiable","0.08 v9.1.0","Timeout",3.012540,"Unsatisfiable",0.046498,"Unsatisfiable",1.810757,"Timeout",5.079615
result,"SYN586-1.p","Unsatisfiable","0.08 v9.1.0","Unsatisfiable",0.064077,"Unsatisfiable",0.032472,"Unsatisfiable",0.469514,"Timeout",3.051853
result,"SYN587-1.p","Unsatisfiable","0.00 v6.0.0","Unsatisfiable",0.036277,"Unsatisfiable",0.033318,"Timeout",3.071016,"Timeout",3.646053
result,"SYN588-1.p","Unsatisfiable","0.06 v9.1.0","Unsatisfiable",0.025873,"Unsatisfiable",0.040992,"Unsatisfiable",0.008213,"Timeout",3.065208
result,"SYN589-1.p","Unsatisfiable","0.06 v9.1.0","Unsatisfiable",0.028804,"Unsatisfiable",0.040901,"Unsatisfiable",0.008024,"Timeout",4.620711
result,"SYN590-1.p","Unsatisfiable","0.00 v5.3.0","Unsatisfiable",1.580826,"Unsatisfiable",0.040285,"Unsatisfiable",0.018347,"Unsatisfiable",2.267986
result,"SYN591-1.p","Unsatisfiable","0.00 v7.1.0","Unsatisfiable",1.777297,"Unsatisfiable",0.032473,"Unsatisfiable",0.094427,"Timeout",3.057732
result,"SYN592-1.p","Unsatisfiable","0.00 v7.1.0","Unsatisfiable",0.112687,"Unsatisfiable",0.054581,"Unsatisfiable",0.095681,"Timeout",3.267461
result,"SYN593-1.p","Unsatisfiable","0.00 v2.5.0","Unsatisfiable",0.029909,"Unsatisfiable",0.042320,"Unsatisfiable",0.006368,"Unsatisfiable",0.023128
result,"SYN594-1.p","Unsatisfiable","0.00 v2.5.0","Unsatisfiable",0.085161,"Unsatisfiable",0.013016,"Unsatisfiable",0.007097,"Timeout",4.781590
result,"SYN595-1.p","Unsatisfiable","0.00 v9.1.0","Unsatisfiable",0.038029,"Unsatisfiable",0.044187,"Unsatisfiable",0.007314,"Timeout",3.691031
result,"SYN596-1.p","Unsatisfiable","0.00 v5.3.0","Unsatisfiable",0.016918,"Unsatisfiable",0.039988,"Unsatisfiable",0.007646,"Timeout",4.097289
result,"SYN597-1.p","Unsatisfiable","0.41 v9.1.0","Unsatisfiable",0.023100,"Unsatisfiable",0.050880,"Timeout",3.068693,"Timeout",4.349533
result,"SYN598-1.p","Unsatisfiable","0.24 v9.1.0","Unsatisfiable",0.017915,"Unsatisfiable",0.036641,"Unsatisfiable",1.294068,"Timeout",4.250185
result,"SYN599-1.p","Unsatisfiable","0.29 v9.1.0","Unsatisfiable",0.018973,"Unsatisfiable",0.034238,"Timeout",3.067866,"Timeout",4.065595
result,"SYN600-1.p","Unsatisfiable","0.24 v9.1.0","Timeout",3.009397,"Unsatisfiable",0.038176,"Unsatisfiable",0.053669,"Timeout",3.494191
result,"SYN601-1.p","Unsatisfiable","0.24 v9.1.0","Unsatisfiable",0.025163,"Unsatisfiable",0.037075,"Unsatisfiable",0.300267,"Timeout",4.733702
result,"SYN602-1.p","Unsatisfiable","0.18 v9.1.0","Timeout",3.009071,"Unsatisfiable",0.082065,"Unsatisfiable",1.095548,"Timeout",4.419850
result,"SYN603-1.p","Unsatisfiable","0.18 v9.1.0","Timeout",3.009642,"Unsatisfiable",0.129296,"Unsatisfiable",1.677873,"Timeout",3.060341
result,"SYN604-1.p","Unsatisfiable","0.00 v9.1.0","Unsatisfiable",2.061370,"Unsatisfiable",0.129100,"Unsatisfiable",0.013693,"Timeout",3.288178
result,"SYN605-1.p","Unsatisfiable","0.00 v9.1.0","Unsatisfiable",0.034435,"Unsatisfiable",0.064531,"Unsatisfiable",0.974907,"Timeout",3.320530
result,"SYN606-1.p","Unsatisfiable","0.00 v9.1.0","Unsatisfiable",0.032537,"Unsatisfiable",0.033278,"Unsatisfiable",0.852498,"Timeout",3.110995
result,"SYN607-1.p","Unsatisfiable","0.00 v9.1.0","Unsatisfiable",0.033917,"Unsatisfiable",0.037912,"Unsatisfiable",0.899901,"Timeout",3.234742
result,"SYN608-1.p","Unsatisfiable","0.00 v9.1.0","Unsatisfiable",0.034213,"Unsatisfiable",0.035111,"Unsatisfiable",1.059092,"Timeout",5.000633
result,"SYN609-1.p","Unsatisfiable","0.08 v9.1.0","Unsatisfiable",0.043716,"Unsatisfiable",0.038272,"Unsatisfiable",0.881545,"Timeout",5.155466
result,"SYN610-1.p","Unsatisfiable","0.08 v9.1.0","Unsatisfiable",0.389558,"Unsatisfiable",0.032642,"Unsatisfiable",1.035250,"Timeout",4.400408
result,"SYN611-1.p","Unsatisfiable","0.08 v9.1.0","Unsatisfiable",0.479198,"Unsatisfiable",0.035864,"Unsatisfiable",0.890921,"Timeout",4.596394
result,"SYN612-1.p","Unsatisfiable","0.08 v9.1.0","Unsatisfiable",0.271555,"Unsatisfiable",0.078513,"Unsatisfiable",0.790233,"Timeout",4.385727
result,"SYN613-1.p","Unsatisfiable","0.00 v5.0.0","Unsatisfiable",0.291968,"Unsatisfiable",0.034069,"Unsatisfiable",0.070347,"Timeout",4.799744
result,"SYN614-1.p","Unsatisfiable","0.47 v9.0.0","Timeout",3.011355,"Unsatisfiable",0.126028,"Timeout",3.056616,"Timeout",3.495581
result,"SYN615-1.p","Unsatisfiable","0.71 v9.1.0","Timeout",3.013273,"Unsatisfiable",0.048742,"Timeout",3.053168,"Timeout",3.425969
result,"SYN616-1.p","Unsatisfiable","0.53 v9.1.0","Unsatisfiable",0.196691,"Unsatisfiable",0.095251,"Timeout",3.083854,"Timeout",4.200161
result,"SYN617-1.p","Unsatisfiable","0.59 v9.1.0","Unsatisfiable",0.201161,"Unsatisfiable",0.079734,"Timeout",3.065883,"Timeout",3.252885
result,"SYN618-1.p","Unsatisfiable","0.00 v5.3.0","Unsatisfiable",0.052300,"Unsatisfiable",0.053809,"Unsatisfiable",0.010799,"Timeout",3.632139
result,"SYN619-1.p","Unsatisfiable","0.08 v9.1.0","Unsatisfiable",0.109335,"Unsatisfiable",0.050351,"Unsatisfiable",0.006843,"Unsatisfiable",0.103479
result,"SYN620-1.p","Unsatisfiable","0.00 v6.3.0","Unsatisfiable",0.022089,"Unsatisfiable",0.014011,"Unsatisfiable",2.592567,"Timeout",3.979871
result,"SYN621-1.p","Unsatisfiable","0.08 v9.1.0","Unsatisfiable",0.028902,"Unsatisfiable",0.054831,"Unsatisfiable",0.023111,"Unsatisfiable",0.324263
result,"SYN622-1.p","Unsatisfiable","0.00 v9.1.0","Timeout",3.008516,"Unsatisfiable",0.042767,"Unsatisfiable",0.251630,"Timeout",3.663800
result,"SYN623-1.p","Unsatisfiable","0.00 v7.0.0","Unsatisfiable",0.185672,"Unsatisfiable",0.074550,"Unsatisfiable",0.024090,"Timeout",3.438896
result,"SYN624-1.p","Unsatisfiable","0.08 v9.1.0","Timeout",3.009989,"Unsatisfiable",0.039011,"Unsatisfiable",1.166980,"Timeout",3.128139
result,"SYN625-1.p","Unsatisfiable","0.00 v7.1.0","Unsatisfiable",0.158934,"Unsatisfiable",0.315484,"Unsatisfiable",0.007738,"Timeout",3.816797
result,"SYN626-1.p","Unsatisfiable","0.00 v2.5.0","Unsatisfiable",0.018590,"Unsatisfiable",0.039601,"Unsatisfiable",0.013776,"Timeout",3.570793
result,"SYN627-1.p","Unsatisfiable","0.00 v5.0.0","Timeout",3.013082,"Unsatisfiable",0.121512,"Unsatisfiable",0.040148,"Timeout",3.622795
result,"SYN628-1.p","Unsatisfiable","0.29 v9.1.0","Timeout",3.009136,"Unsatisfiable",0.048213,"Timeout",3.067636,"Timeout",4.111876
result,"SYN629-1.p","Unsatisfiable","0.47 v9.1.0","Timeout",3.011095,"Unsatisfiable",0.041636,"Timeout",3.054338,"Timeout",4.200034
result,"SYN630-1.p","Unsatisfiable","0.00 v4.0.0","Unsatisfiable",0.102418,"Unsatisfiable",0.052334,"Unsatisfiable",0.018237,"Unsatisfiable",0.057437
result,"SYN631-1.p","Unsatisfiable","0.24 v9.1.0","Timeout",3.009684,"Unsatisfiable",0.070405,"Unsatisfiable",0.811862,"Timeout",5.515413
result,"SYN632-1.p","Unsatisfiable","0.00 v5.3.0","Unsatisfiable",0.050503,"Unsatisfiable",0.038247,"Unsatisfiable",0.051175,"Timeout",3.726444
result,"SYN633-1.p","Unsatisfiable","0.08 v9.1.0","Unsatisfiable",0.098553,"Unsatisfiable",0.034008,"Unsatisfiable",0.015265,"Unsatisfiable",0.342365
result,"SYN634-1.p","Unsatisfiable","0.08 v9.1.0","Unsatisfiable",0.089147,"Unsatisfiable",0.014884,"Unsatisfiable",0.013275,"Unsatisfiable",0.547177
result,"SYN635-1.p","Unsatisfiable","0.08 v9.1.0","Unsatisfiable",0.090703,"Unsatisfiable",0.049191,"Unsatisfiable",0.017222,"Unsatisfiable",0.275973
result,"SYN636-1.p","Unsatisfiable","0.08 v9.1.0","Unsatisfiable",0.087310,"Unsatisfiable",0.014716,"Unsatisfiable",0.010567,"Unsatisfiable",0.556617
result,"SYN637-1.p","Unsatisfiable","0.00 v8.1.0","Unsatisfiable",0.043614,"Unsatisfiable",0.040407,"Unsatisfiable",0.009383,"Timeout",4.343494
result,"SYN638-1.p","Unsatisfiable","0.00 v8.1.0","Unsatisfiable",0.035445,"Unsatisfiable",0.034600,"Unsatisfiable",0.010212,"Timeout",4.879520
result,"SYN639-1.p","Unsatisfiable","0.24 v9.1.0","Timeout",3.012012,"Unsatisfiable",0.152277,"Unsatisfiable",0.424417,"Timeout",3.459285
result,"SYN640-1.p","Unsatisfiable","0.24 v9.1.0","Timeout",3.011789,"Unsatisfiable",0.095930,"Unsatisfiable",0.422339,"Timeout",3.426013
result,"SYN641-1.p","Unsatisfiable","0.00 v7.1.0","Unsatisfiable",0.723260,"Unsatisfiable",0.038151,"Unsatisfiable",0.074873,"Timeout",3.326135
result,"SYN642-1.p","Unsatisfiable","0.00 v7.1.0","Unsatisfiable",1.641566,"Unsatisfiable",0.052142,"Unsatisfiable",0.057407,"Timeout",3.172148
result,"SYN643-1.p","Unsatisfiable","0.00 v7.1.0","Unsatisfiable",0.372191,"Unsatisfiable",0.075247,"Unsatisfiable",0.083244,"Timeout",3.278559
result,"SYN644-1.p","Unsatisfiable","0.15 v9.1.0","Timeout",3.009847,"Unsatisfiable",0.113408,"Timeout",3.049695,"Timeout",3.202916
result,"SYN645-1.p","Unsatisfiable","0.15 v9.1.0","Timeout",3.008315,"Unsatisfiable",0.110525,"Unsatisfiable",0.027729,"Timeout",3.393822
result,"SYN646-1.p","Unsatisfiable","0.24 v9.1.0","Timeout",3.015517,"Unsatisfiable",0.081313,"Unsatisfiable",0.008502,"Timeout",3.327620
result,"SYN647-1.p","Unsatisfiable","0.24 v9.1.0","Timeout",3.011339,"Unsatisfiable",0.108205,"Unsatisfiable",0.008513,"Timeout",3.326317
result,"SYN648-1.p","Unsatisfiable","0.08 v9.1.0","Unsatisfiable",0.146076,"Unsatisfiable",0.052395,"Unsatisfiable",0.008377,"Timeout",3.392122
result,"SYN649-1.p","Unsatisfiable","0.06 v9.1.0","Unsatisfiable",0.322123,"Unsatisfiable",0.047396,"Unsatisfiable",0.010731,"Timeout",4.100908
result,"SYN650-1.p","Unsatisfiable","0.23 v9.1.0","Timeout",3.015629,"Unsatisfiable",1.173870,"Timeout",3.044013,"Timeout",3.408796
result,"SYN651-1.p","Unsatisfiable","0.00 v5.4.0","Unsatisfiable",0.061541,"Unsatisfiable",0.048182,"Unsatisfiable",0.817183,"Timeout",4.900039
result,"SYN652-1.p","Unsatisfiable","0.00 v5.4.0","Unsatisfiable",0.074192,"Unsatisfiable",0.035273,"Unsatisfiable",0.036443,"Timeout",3.596540
result,"SYN653-1.p","Unsatisfiable","0.12 v9.1.0","Timeout",3.008521,"Unsatisfiable",0.090612,"Unsatisfiable",0.018722,"Timeout",4.558556
result,"SYN654-1.p","Unsatisfiable","0.06 v9.1.0","Timeout",3.008243,"Unsatisfiable",0.053228,"Unsatisfiable",1.952886,"Timeout",4.686101
result,"SYN655-1.p","Unsatisfiable","0.06 v9.1.0","Timeout",3.008466,"Unsatisfiable",0.087758,"Unsatisfiable",1.932454,"Timeout",4.765151
result,"SYN656-1.p","Unsatisfiable","0.00 v7.1.0","Unsatisfiable",0.073633,"Unsatisfiable",0.045085,"Unsatisfiable",0.007875,"Timeout",4.085865
result,"SYN657-1.p","Unsatisfiable","0.08 v9.1.0","Unsatisfiable",0.081676,"Unsatisfiable",0.038960,"Unsatisfiable",0.067774,"Timeout",3.626197
result,"SYN658-1.p","Unsatisfiable","0.08 v9.1.0","Unsatisfiable",0.091399,"Unsatisfiable",0.041073,"Timeout",3.049696,"Timeout",3.710731
result,"SYN659-1.p","Unsatisfiable","0.00 v5.5.0","Unsatisfiable",0.045245,"Unsatisfiable",0.057916,"Unsatisfiable",0.101875,"Timeout",4.705840
result,"SYN660-1.p","Unsatisfiable","0.00 v7.1.0","Unsatisfiable",0.058350,"Unsatisfiable",0.039643,"Unsatisfiable",0.036658,"Timeout",3.518225
result,"SYN661-1.p","Unsatisfiable","0.00 v7.4.0","Unsatisfiable",0.097875,"Unsatisfiable",0.051190,"Unsatisfiable",0.036297,"Timeout",4.119068
result,"SYN662-1.p","Unsatisfiable","0.00 v7.1.0","Unsatisfiable",0.056149,"Unsatisfiable",0.038075,"Unsatisfiable",0.031977,"Timeout",4.180004
result,"SYN663-1.p","Unsatisfiable","0.00 v5.0.0","Unsatisfiable",0.095168,"Unsatisfiable",0.042889,"Unsatisfiable",0.034244,"Timeout",4.186015
result,"SYN664-1.p","Unsatisfiable","0.00 v7.1.0","Unsatisfiable",0.058734,"Unsatisfiable",0.051707,"Unsatisfiable",0.039931,"Timeout",3.709698
result,"SYN665-1.p","Unsatisfiable","0.00 v7.1.0","Unsatisfiable",0.099004,"Unsatisfiable",0.033328,"Unsatisfiable",0.038857,"Timeout",3.612052
result,"SYN666-1.p","Unsatisfiable","0.00 v2.5.0","Unsatisfiable",0.051891,"Unsatisfiable",0.043827,"Unsatisfiable",0.021369,"Timeout",4.110117
result,"SYN667-1.p","Unsatisfiable","0.00 v2.5.0","Unsatisfiable",0.084709,"Unsatisfiable",0.037795,"Unsatisfiable",0.019594,"Timeout",3.261174
result,"SYN668-1.p","Unsatisfiable","0.00 v2.5.0","Unsatisfiable",0.264049,"Unsatisfiable",0.100666,"Unsatisfiable",0.018227,"Timeout",4.297212
result,"SYN669-1.p","Unsatisfiable","0.00 v2.5.0","Unsatisfiable",0.093029,"Unsatisfiable",0.038808,"Unsatisfiable",0.018301,"Timeout",3.736746
result,"SYN670-1.p","Unsatisfiable","0.00 v2.5.0","Unsatisfiable",0.047411,"Unsatisfiable",0.033082,"Unsatisfiable",0.015872,"Timeout",3.910438
result,"SYN671-1.p","Unsatisfiable","0.00 v2.5.0","Unsatisfiable",0.080863,"Unsatisfiable",0.038071,"Unsatisfiable",0.014096,"Timeout",4.290878
result,"SYN672-1.p","Unsatisfiable","0.00 v5.2.0","Unsatisfiable",0.098265,"Unsatisfiable",0.032026,"Unsatisfiable",0.475257,"Timeout",3.474420
result,"SYN673-1.p","Unsatisfiable","0.08 v9.1.0","Timeout",3.023693,"Unsatisfiable",0.042517,"Unsatisfiable",0.009996,"Timeout",3.407575
result,"SYN674-1.p","Unsatisfiable","0.00 v5.0.0","Unsatisfiable",0.064689,"Unsatisfiable",0.033962,"Unsatisfiable",0.033941,"Timeout",4.252447
result,"SYN675-1.p","Unsatisfiable","0.00 v5.0.0","Unsatisfiable",0.104859,"Unsatisfiable",0.032057,"Unsatisfiable",0.032685,"Timeout",3.225089
result,"SYN676-1.p","Unsatisfiable","0.00 v5.0.0","Unsatisfiable",0.062296,"Unsatisfiable",0.034355,"Unsatisfiable",0.030606,"Timeout",4.034428
result,"SYN677-1.p","Unsatisfiable","0.08 v9.1.0","Unsatisfiable",0.099093,"Unsatisfiable",0.058265,"Unsatisfiable",0.030346,"Timeout",3.778164
result,"SYN678-1.p","Unsatisfiable","0.00 v5.0.0","Unsatisfiable",0.063793,"Unsatisfiable",0.037429,"Unsatisfiable",0.038611,"Timeout",3.792671
result,"SYN679-1.p","Unsatisfiable","0.00 v7.0.0","Unsatisfiable",0.105914,"Unsatisfiable",0.039134,"Unsatisfiable",0.037714,"Timeout",4.079906
result,"SYN680-1.p","Unsatisfiable","0.00 v5.0.0","Unsatisfiable",0.066382,"Unsatisfiable",0.050718,"Unsatisfiable",0.036974,"Timeout",3.786155
result,"SYN681-1.p","Unsatisfiable","0.00 v5.0.0","Unsatisfiable",0.107831,"Unsatisfiable",0.032081,"Unsatisfiable",0.037597,"Timeout",4.327108
result,"SYN682-1.p","Unsatisfiable","0.00 v5.0.0","Unsatisfiable",0.064328,"Unsatisfiable",0.042344,"Unsatisfiable",0.037544,"Timeout",3.706014
result,"SYN683-1.p","Unsatisfiable","0.00 v5.0.0","Unsatisfiable",0.104290,"Unsatisfiable",0.035769,"Unsatisfiable",0.037711,"Timeout",4.294129
result,"SYN684-1.p","Unsatisfiable","0.00 v5.0.0","Unsatisfiable",0.060980,"Unsatisfiable",0.050085,"Unsatisfiable",0.040373,"Timeout",4.072885
result,"SYN685-1.p","Unsatisfiable","0.08 v9.1.0","Unsatisfiable",0.098693,"Unsatisfiable",0.040731,"Unsatisfiable",0.039060,"Timeout",4.210494
result,"SYN686-1.p","Unsatisfiable","0.00 v5.4.0","Unsatisfiable",0.125184,"Unsatisfiable",0.039635,"Unsatisfiable",1.419032,"Timeout",3.236384
result,"SYN687-1.p","Unsatisfiable","0.08 v9.1.0","Timeout",3.047648,"Unsatisfiable",0.053268,"Unsatisfiable",1.177652,"Timeout",3.673747
result,"SYN688-1.p","Unsatisfiable","0.00 v8.1.0","Unsatisfiable",1.263923,"Unsatisfiable",0.070331,"Unsatisfiable",0.406229,"Timeout",3.644554
result,"SYN689-1.p","Unsatisfiable","0.00 v8.1.0","Unsatisfiable",1.275104,"Unsatisfiable",0.133916,"Unsatisfiable",0.416678,"Timeout",4.037117
result,"SYN690-1.p","Unsatisfiable","0.23 v9.1.0","Unsatisfiable",0.141267,"Unsatisfiable",0.117887,"Unsatisfiable",0.021116,"Timeout",3.314259
result,"SYN691-1.p","Unsatisfiable","0.00 v5.4.0","Timeout",3.011305,"Unsatisfiable",0.034489,"Unsatisfiable",0.008724,"Timeout",3.180304
result,"SYN692-1.p","Unsatisfiable","0.15 v9.1.0","Timeout",3.012764,"Unsatisfiable",0.056841,"Unsatisfiable",0.027928,"Timeout",4.257443
result,"SYN693-1.p","Unsatisfiable","0.08 v9.1.0","Timeout",3.010487,"Unsatisfiable",0.091399,"Unsatisfiable",0.026158,"Timeout",3.148234
result,"SYN694-1.p","Unsatisfiable","0.15 v9.1.0","Timeout",3.009777,"Unsatisfiable",0.049072,"Unsatisfiable",0.049812,"Timeout",3.584237
result,"SYN695-1.p","Unsatisfiable","0.15 v9.1.0","Timeout",3.008953,"Unsatisfiable",0.041119,"Unsatisfiable",0.026109,"Timeout",4.075187
result,"SYN696-1.p","Unsatisfiable","0.15 v9.1.0","Timeout",3.009112,"Unsatisfiable",0.041413,"Unsatisfiable",0.046535,"Timeout",3.075791
result,"SYN697-1.p","Unsatisfiable","0.08 v9.1.0","Timeout",3.014439,"Unsatisfiable",0.049297,"Unsatisfiable",0.026163,"Timeout",3.591919
result,"SYN698-1.p","Unsatisfiable","0.15 v9.1.0","Timeout",3.009578,"Unsatisfiable",0.056709,"Unsatisfiable",0.058532,"Timeout",3.723938
result,"SYN699-1.p","Unsatisfiable","0.15 v9.1.0","Timeout",3.009084,"Unsatisfiable",0.071994,"Unsatisfiable",0.025891,"Timeout",3.200710
result,"SYN700-1.p","Unsatisfiable","0.15 v9.1.0","Timeout",3.009475,"Unsatisfiable",0.053332,"Unsatisfiable",0.045562,"Timeout",4.018695
result,"SYN701-1.p","Unsatisfiable","0.08 v9.1.0","Timeout",3.011788,"Unsatisfiable",0.080277,"Unsatisfiable",0.026683,"Timeout",3.326518
result,"SYN702-1.p","Unsatisfiable","0.00 v8.1.0","Timeout",3.020359,"Unsatisfiable",0.093937,"Unsatisfiable",0.012861,"Timeout",4.474516
result,"SYN703-1.p","Unsatisfiable","0.00 v8.1.0","Timeout",3.015466,"Unsatisfiable",0.033691,"Unsatisfiable",0.012873,"Timeout",3.267498
result,"SYN704-1.p","Unsatisfiable","0.18 v9.1.0","Timeout",3.012205,"Unsatisfiable",0.038201,"Unsatisfiable",0.031394,"Timeout",4.840779
result,"SYN705-1.p","Unsatisfiable","0.00 v8.1.0","Timeout",3.011771,"Unsatisfiable",0.047025,"Unsatisfiable",0.012363,"Timeout",3.993443
result,"SYN706-1.p","Unsatisfiable","0.00 v8.1.0","Timeout",3.024810,"Unsatisfiable",0.053970,"Unsatisfiable",0.017267,"Timeout",3.340370
result,"SYN707-1.p","Unsatisfiable","0.24 v9.1.0","Unsatisfiable",1.692949,"Unsatisfiable",0.094420,"Unsatisfiable",0.711603,"Timeout",5.077356
result,"SYN708-1.p","Unsatisfiable","0.24 v9.1.0","Unsatisfiable",1.717926,"Unsatisfiable",0.058535,"Unsatisfiable",0.723221,"Timeout",4.989684
result,"SYN709-1.p","Unsatisfiable","0.00 v8.1.0","Unsatisfiable",0.183272,"Unsatisfiable",0.039856,"Unsatisfiable",0.156454,"Timeout",3.051058
result,"SYN710-1.p","Unsatisfiable","0.00 v6.3.0","Unsatisfiable",0.100733,"Unsatisfiable",0.045024,"Unsatisfiable",0.009284,"Timeout",3.469843
result,"SYN711-1.p","Unsatisfiable","0.29 v9.1.0","Unsatisfiable",0.065332,"Unsatisfiable",0.045043,"Unsatisfiable",0.035846,"Timeout",3.235899
result,"SYN712-1.p","Unsatisfiable","0.00 v8.1.0","Timeout",3.017403,"Unsatisfiable",0.042544,"Unsatisfiable",0.016891,"Timeout",3.334034
result,"SYN713-1.p","Unsatisfiable","0.00 v7.1.0","Unsatisfiable",0.098900,"Unsatisfiable",0.032244,"Timeout",3.054586,"Timeout",3.635574
result,"SYN714-1.p","Unsatisfiable","0.00 v5.5.0","Unsatisfiable",0.339315,"Unsatisfiable",0.036185,"Unsatisfiable",0.011188,"Timeout",3.215165
result,"SYN715-1.p","Unsatisfiable","0.00 v5.4.0","Unsatisfiable",0.287959,"Unsatisfiable",0.051800,"Unsatisfiable",0.017491,"Timeout",3.347123
result,"SYN716-1.p","Unsatisfiable","0.00 v8.1.0","Timeout",3.015497,"Unsatisfiable",0.035908,"Unsatisfiable",0.011105,"Timeout",3.595089
result,"SYN717-1.p","Unsatisfiable","0.00 v7.4.0","Unsatisfiable",0.127883,"Unsatisfiable",0.034666,"Unsatisfiable",0.012472,"Timeout",3.249832
result,"SYN718-1.p","Unsatisfiable","0.31 v9.1.0","Unsatisfiable",0.932015,"Unsatisfiable",0.776994,"Timeout",3.049898,"Timeout",3.640221
result,"SYN719-1.p","Unsatisfiable","0.06 v9.1.0","Unsatisfiable",0.143455,"Unsatisfiable",0.044962,"Unsatisfiable",0.700981,"Timeout",3.444289
result,"SYN720-1.p","Satisfiable","0.00 v3.2.0","Timeout",3.012280,"Satisfiable",0.132806,"Satisfiable",0.145047,"Timeout",3.494987
result,"SYN721+1.p","Theorem","0.00 v2.5.0","Unsatisfiable",0.007374,"Theorem",0.085887,"Theorem",0.005468,"Unsatisfiable",0.021951
result,"SYN721-1.p","Unsatisfiable","0.00 v2.5.0","Unsatisfiable",0.011233,"Unsatisfiable",0.012536,"Unsatisfiable",0.005275,"Unsatisfiable",0.020886
result,"SYN722+1.p","Theorem","0.00 v5.5.0","Unsatisfiable",0.013937,"Theorem",0.013258,"Theorem",0.004964,"Unsatisfiable",0.016443
result,"SYN723+1.p","Theorem","0.20 v9.0.0","Error",5.844434,"Theorem",0.170474,"Timeout",3.035787,"Unsatisfiable",0.025041
result,"SYN724+1.p","Theorem","0.00 v4.0.1","Unsatisfiable",0.079765,"Theorem",0.040587,"Theorem",0.005414,"Unsatisfiable",0.020532
result,"SYN724-1.p","Unsatisfiable","0.00 v2.5.0","Unsatisfiable",0.007614,"Unsatisfiable",0.011495,"Unsatisfiable",0.005197,"Unsatisfiable",0.017435
result,"SYN725+1.p","CounterSatisfiable","0.00 v4.1.0","GaveUp",0.005571,"CounterSatisfiable",0.011872,"CounterSatisfiable",0.005048,"Satisfiable",0.020338
result,"SYN726+1.p","Theorem","0.00 v5.3.0","Unsatisfiable",0.503134,"Theorem",0.029149,"Theorem",0.005890,"Unsatisfiable",0.161211
result,"SYN726-1.p","Unsatisfiable","0.00 v2.5.0","Unsatisfiable",0.530257,"Unsatisfiable",0.043956,"Unsatisfiable",0.005384,"Unsatisfiable",0.029479
result,"SYN727+1.p","Theorem","0.00 v6.3.0","Unsatisfiable",0.005901,"Theorem",0.012832,"Theorem",0.004834,"Unsatisfiable",0.026123
result,"SYN727-1.p","Unsatisfiable","0.00 v5.4.0","Unsatisfiable",0.005998,"Unsatisfiable",0.012334,"Unsatisfiable",0.005526,"Unsatisfiable",0.020709
result,"SYN728+1.p","Theorem","0.00 v9.1.0","Unsatisfiable",0.009315,"Theorem",0.014057,"Theorem",0.005492,"Unsatisfiable",0.021083
result,"SYN728-1.p","Unsatisfiable","0.00 v7.1.0","Unsatisfiable",0.008503,"Unsatisfiable",0.013321,"Unsatisfiable",0.005452,"Unsatisfiable",0.022672
result,"SYN729+1.p","Theorem","0.00 v9.1.0","Unsatisfiable",0.012691,"Theorem",0.013834,"Theorem",0.005259,"Unsatisfiable",0.020917
result,"SYN729-1.p","Unsatisfiable","0.00 v5.3.0","Unsatisfiable",0.007417,"Unsatisfiable",0.013063,"Unsatisfiable",0.005560,"Unsatisfiable",0.022492
result,"SYN730+1.p","Theorem","0.00 v9.1.0","Unsatisfiable",0.006160,"Theorem",0.012813,"Theorem",0.004950,"Unsatisfiable",0.020452
result,"SYN731+1.p","Theorem","0.00 v9.1.0","Unsatisfiable",0.007280,"Theorem",0.012678,"Theorem",0.005219,"Unsatisfiable",0.020725
result,"SYN731-1.p","Unsatisfiable","0.00 v5.3.0","Unsatisfiable",0.005402,"Unsatisfiable",0.012784,"Unsatisfiable",0.005497,"Unsatisfiable",0.020172
result,"SYN732+1.p","Theorem","0.00 v9.1.0","Unsatisfiable",0.005654,"Theorem",0.012916,"Theorem",0.005102,"Unsatisfiable",0.020963
result,"SYN733+1.p","Theorem","0.05 v9.1.0","Unsatisfiable",0.005963,"Theorem",0.013283,"Theorem",0.005164,"Unsatisfiable",0.020443
result,"SYN734-1.p","Satisfiable","0.00 v5.4.0","Timeout",3.006921,"Satisfiable",0.093186,"Satisfiable",0.006632,"Timeout",5.338254
result,"SYN735-1.p","Satisfiable","0.00 v3.1.0","Timeout",3.009782,"Satisfiable",0.210122,"Satisfiable",0.007038,"Satisfiable",0.021381
result,"SYN736-1.p","Satisfiable","0.00 v5.5.0","Timeout",3.008155,"Satisfiable",0.066527,"Satisfiable",0.046704,"Timeout",3.326095
result,"SYN737-1.p","Satisfiable","0.00 v5.5.0","Timeout",3.007096,"Satisfiable",0.696838,"Satisfiable",0.008430,"Timeout",3.394495
result,"SYN738-1.p","Satisfiable","0.00 v3.1.0","Timeout",3.007486,"Satisfiable",0.052073,"Satisfiable",0.006969,"Timeout",3.457262
result,"SYN739-1.p","Satisfiable","0.00 v5.4.0","Timeout",3.007127,"Satisfiable",0.068538,"Satisfiable",0.008522,"Timeout",3.730554
result,"SYN740-1.p","Satisfiable","0.00 v3.1.0","Timeout",3.010166,"Satisfiable",0.059609,"Satisfiable",0.008266,"Timeout",3.179688
result,"SYN741-1.p","Satisfiable","0.00 v5.4.0","Timeout",3.007474,"Satisfiable",0.347950,"Satisfiable",0.024369,"Timeout",3.597064
result,"SYN742-1.p","Satisfiable","0.00 v5.4.0","Timeout",3.007597,"Satisfiable",0.216873,"Satisfiable",0.018423,"Timeout",3.397489
result,"SYN743-1.p","Satisfiable","0.00 v3.5.0","Timeout",3.007527,"Satisfiable",0.062631,"Satisfiable",0.008440,"Satisfiable",0.021731
result,"SYN744-1.p","Satisfiable","0.00 v3.1.0","Timeout",3.007850,"Satisfiable",0.073486,"Satisfiable",0.007719,"Satisfiable",0.021757
result,"SYN745-1.p","Satisfiable","0.00 v5.5.0","Timeout",3.010862,"Satisfiable",0.263539,"Satisfiable",0.053458,"Timeout",3.561828
result,"SYN746-1.p","Satisfiable","0.00 v5.5.0","Timeout",3.007973,"Timeout",2.992242,"Satisfiable",0.077248,"Timeout",4.980482
result,"SYN747-1.p","Satisfiable","0.00 v5.5.0","Timeout",3.011394,"Timeout",2.946130,"Satisfiable",0.066749,"Timeout",4.747663
result,"SYN748-1.p","Satisfiable","0.00 v5.4.0","Timeout",3.008696,"Timeout",2.926720,"Timeout",3.051776,"Satisfiable",0.019513
result,"SYN749-1.p","Satisfiable","0.00 v5.4.0","Timeout",3.011327,"Satisfiable",0.425584,"Satisfiable",0.021926,"Timeout",4.518370
result,"SYN750-1.p","Satisfiable","0.00 v5.5.0","Timeout",3.008753,"Timeout",2.928218,"Timeout",3.036674,"Timeout",4.873444
result,"SYN751-1.p","Satisfiable","0.00 v5.5.0","Timeout",3.007062,"Satisfiable",0.241471,"Timeout",3.034062,"Timeout",4.951792
result,"SYN752-1.p","Satisfiable","0.00 v5.4.0","Timeout",3.007446,"Timeout",2.918202,"Satisfiable",0.608401,"Timeout",4.701929
result,"SYN753-1.p","Satisfiable","0.00 v5.5.0","Timeout",3.007752,"Timeout",2.924607,"Timeout",3.040527,"Timeout",5.002064
result,"SYN754-1.p","Satisfiable","0.00 v5.5.0","Timeout",3.013372,"Satisfiable",0.250353,"Satisfiable",0.050934,"Timeout",5.025632
result,"SYN755-1.p","Unsatisfiable","0.15 v9.1.0","Timeout",3.018021,"Unsatisfiable",0.071708,"Unsatisfiable",0.011167,"Timeout",5.102327
result,"SYN756-1.p","Satisfiable","0.00 v3.1.0","Timeout",3.008525,"Satisfiable",0.083442,"Satisfiable",0.009709,"Timeout",5.333697
result,"SYN757-1.p","Satisfiable","0.00 v5.4.0","Timeout",3.007172,"Satisfiable",0.769221,"Satisfiable",0.009514,"Timeout",4.744011
result,"SYN758-1.p","Unsatisfiable","0.31 v9.1.0","Timeout",3.007984,"Timeout",3.001163,"Unsatisfiable",0.075592,"Timeout",3.449669
result,"SYN759-1.p","Unsatisfiable","0.23 v9.1.0","Timeout",3.008042,"Timeout",2.914196,"Unsatisfiable",0.095595,"Timeout",4.666188
result,"SYN760-1.p","Satisfiable","0.00 v5.4.0","Timeout",3.009540,"Satisfiable",0.259854,"Satisfiable",0.125040,"Timeout",3.844370
result,"SYN761-1.p","Satisfiable","0.00 v5.5.0","Timeout",3.008401,"Timeout",3.001000,"Satisfiable",0.057351,"Timeout",5.021614
result,"SYN762-1.p","Unsatisfiable","0.31 v9.1.0","Timeout",3.007488,"Timeout",3.012341,"Unsatisfiable",0.062200,"Timeout",4.965857
result,"SYN763-1.p","Satisfiable","0.00 v5.4.0","Timeout",3.060487,"Satisfiable",1.462794,"Satisfiable",0.018731,"Timeout",4.684479
result,"SYN764-1.p","Satisfiable","0.00 v5.5.0","Timeout",3.107443,"Timeout",2.939735,"Timeout",3.043582,"Timeout",3.178611
result,"SYN765-1.p","Satisfiable","0.00 v5.5.0","Timeout",3.009071,"Timeout",2.940046,"Timeout",3.050480,"Timeout",4.753137
result,"SYN766-1.p","Satisfiable","0.00 v5.5.0","Timeout",3.009917,"Satisfiable",2.747250,"Timeout",3.037489,"Timeout",3.089791
result,"SYN767-1.p","Satisfiable","0.00 v5.5.0","Timeout",3.070461,"Timeout",2.912193,"Timeout",3.042489,"Timeout",4.812960
result,"SYN768-1.p","Satisfiable","0.00 v5.5.0","Timeout",3.051377,"Satisfiable",0.237432,"Satisfiable",0.027144,"Timeout",4.721859
result,"SYN769-1.p","Satisfiable","0.00 v5.4.0","Timeout",3.007113,"Timeout",2.924146,"Timeout",3.049796,"Satisfiable",0.022856
result,"SYN770-1.p","Satisfiable","0.00 v5.5.0","Timeout",3.007355,"Timeout",2.934341,"Timeout",3.045528,"Timeout",4.884953
result,"SYN771-1.p","Satisfiable","0.00 v5.5.0","Timeout",3.007861,"Timeout",2.948053,"Timeout",3.037727,"Timeout",4.941046
result,"SYN772-1.p","Satisfiable","0.00 v3.1.0","Timeout",3.007033,"Satisfiable",0.398211,"Satisfiable",0.016953,"Satisfiable",0.021361
result,"SYN773-1.p","Satisfiable","0.00 v5.4.0","Timeout",3.007957,"Satisfiable",0.226272,"Timeout",3.044562,"Timeout",4.874367
result,"SYN774-1.p","Satisfiable","0.00 v5.4.0","Timeout",3.007232,"Satisfiable",0.352561,"Satisfiable",0.084676,"Timeout",5.049686
result,"SYN775-1.p","Satisfiable","0.00 v5.5.0","Timeout",3.008526,"Satisfiable",1.314708,"Satisfiable",0.028115,"Timeout",5.358787
result,"SYN776-1.p","Satisfiable","0.00 v5.5.0","Timeout",3.009731,"Timeout",2.938469,"Timeout",3.062516,"Timeout",5.130852
result,"SYN777-1.p","Satisfiable","0.00 v5.5.0","Timeout",3.007431,"Timeout",2.932793,"Timeout",3.073899,"Timeout",5.123712
result,"SYN778-1.p","Satisfiable","0.00 v5.5.0","Timeout",3.007370,"Timeout",2.966859,"Timeout",3.043206,"Timeout",3.191017
result,"SYN779-1.p","Satisfiable","0.00 v5.5.0","Timeout",3.007245,"Timeout",2.982331,"Timeout",3.045971,"Timeout",3.324100
result,"SYN780-1.p","Satisfiable","0.00 v5.4.0","Timeout",3.347422,"Timeout",2.919782,"Timeout",3.050171,"Satisfiable",0.023191
result,"SYN781-1.p","Satisfiable","0.00 v5.4.0","Timeout",3.012019,"Timeout",2.910001,"Timeout",3.065907,"Timeout",3.667443
result,"SYN782-1.p","Satisfiable","0.00 v5.5.0","Timeout",3.008917,"Timeout",2.940939,"Timeout",3.053994,"Timeout",3.597236
result,"SYN783-1.p","Satisfiable","0.00 v5.5.0","Timeout",3.008190,"Timeout",2.955261,"Timeout",3.056449,"Timeout",3.536247
result,"SYN784-1.p","Unsatisfiable","0.15 v9.1.0","Timeout",3.007612,"Unsatisfiable",0.210979,"Unsatisfiable",0.044897,"Timeout",3.346599
result,"SYN785-1.p","Satisfiable","0.00 v5.4.0","Timeout",3.007208,"Satisfiable",0.337267,"Satisfiable",0.033425,"Timeout",3.692409
result,"SYN786-1.p","Satisfiable","0.00 v5.4.0","Timeout",3.008231,"Timeout",2.977662,"Timeout",3.073504,"Satisfiable",0.024332
result,"SYN787-1.p","Satisfiable","0.00 v5.5.0","Timeout",3.008050,"Timeout",2.936980,"Timeout",3.052252,"Timeout",3.958693
result,"SYN788-1.p","Satisfiable","0.00 v8.1.0","Timeout",3.008345,"Satisfiable",0.271733,"Timeout",3.049740,"Timeout",3.327208
result,"SYN789-1.p","Satisfiable","0.00 v8.1.0","Timeout",3.026868,"Timeout",2.940166,"Timeout",3.063139,"Timeout",4.937756
result,"SYN790-1.p","Satisfiable","0.00 v5.5.0","Timeout",3.007552,"Timeout",2.933506,"Timeout",3.051884,"Timeout",3.805484
result,"SYN791-1.p","Satisfiable","0.00 v5.5.0","Timeout",3.007134,"Timeout",2.971540,"Timeout",3.034272,"Timeout",3.174604
result,"SYN792-1.p","Satisfiable","0.00 v5.5.0","Timeout",3.007648,"Timeout",2.976665,"Timeout",3.043190,"Timeout",3.612171
result,"SYN793-1.p","Satisfiable","0.00 v5.5.0","Timeout",3.007824,"Timeout",2.939193,"Timeout",3.046180,"Timeout",3.647458
result,"SYN794-1.p","Satisfiable","0.00 v5.4.0","Timeout",3.878512,"Satisfiable",0.342393,"Timeout",3.054958,"Timeout",3.523643
result,"SYN795-1.p","Satisfiable","0.00 v5.5.0","Timeout",3.017952,"Timeout",2.997317,"Timeout",3.045263,"Timeout",4.016835
result,"SYN796-1.p","Unsatisfiable","0.15 v9.1.0","Timeout",3.014395,"Unsatisfiable",0.253363,"Unsatisfiable",0.022513,"Timeout",3.774047
result,"SYN797-1.p","Satisfiable","0.00 v5.5.0","Timeout",3.008115,"Satisfiable",1.216820,"Satisfiable",0.030148,"Timeout",3.975450
result,"SYN798-1.p","Satisfiable","0.00 v5.4.0","Timeout",3.008179,"Satisfiable",0.347921,"Timeout",3.062048,"Timeout",3.483704
result,"SYN799-1.p","Satisfiable","0.00 v5.5.0","Timeout",3.008847,"Timeout",2.943971,"Timeout",3.042240,"Timeout",3.295867
result,"SYN800-1.p","Satisfiable","0.00 v5.5.0","Timeout",3.007096,"Timeout",2.992383,"Timeout",3.043158,"Timeout",4.091443
result,"SYN801-1.p","Satisfiable","0.00 v5.5.0","Timeout",3.009459,"Timeout",2.933863,"Timeout",3.041557,"Timeout",3.338280
result,"SYN802-1.p","Unsatisfiable","0.46 v9.1.0","Timeout",3.007986,"Timeout",2.956870,"Unsatisfiable",2.776919,"Timeout",3.562165
result,"SYN803-1.p","Satisfiable","0.00 v5.5.0","Timeout",3.008017,"Timeout",3.003883,"Timeout",3.039497,"Timeout",3.394090
result,"SYN804-1.p","Satisfiable","0.00 v5.5.0","Timeout",3.009319,"Timeout",2.933215,"Timeout",3.051749,"Timeout",4.088094
result,"SYN805-1.p","Satisfiable","0.00 v5.5.0","Timeout",3.009864,"Timeout",3.006411,"Timeout",3.040737,"Timeout",3.490787
result,"SYN806-1.p","Satisfiable","0.00 v5.5.0","Timeout",3.012382,"Timeout",2.992138,"Timeout",3.061234,"Timeout",3.441917
result,"SYN807-1.p","Satisfiable","0.00 v5.5.0","Timeout",3.008025,"Timeout",2.937531,"Timeout",3.053395,"Timeout",3.363857
result,"SYN808-1.p","Satisfiable","0.00 v5.5.0","Timeout",3.008928,"Timeout",2.912532,"Timeout",3.045842,"Timeout",3.490569
result,"SYN809-1.p","Satisfiable","0.00 v5.5.0","Timeout",3.013498,"Timeout",2.929054,"Timeout",3.063586,"Timeout",3.238237
result,"SYN810-1.p","Satisfiable","0.00 v5.5.0","Timeout",3.007551,"Timeout",3.010978,"Timeout",3.041799,"Timeout",3.894656
result,"SYN811-1.p","Satisfiable","0.00 v7.3.0","Timeout",3.100068,"Satisfiable",0.293580,"Satisfiable",0.345668,"Timeout",12.444592
result,"SYN812-1.p","Satisfiable","0.00 v7.3.0","Timeout",3.945466,"Satisfiable",2.424520,"Satisfiable",1.206084,"Timeout",11.221235
result,"SYN813-1.p","Unsatisfiable","0.12 v9.1.0","Timeout",3.044231,"Unsatisfiable",0.919277,"Unsatisfiable",0.257005,"Timeout",3.391832
result,"SYN814-1.p","Satisfiable","0.00 v7.3.0","Timeout",3.123248,"Satisfiable",2.376363,"Satisfiable",0.277772,"Timeout",3.086461
result,"SYN815-1.p","Satisfiable","0.00 v7.3.0","Timeout",3.366038,"Satisfiable",1.530274,"Satisfiable",0.568698,"Timeout",3.267345
result,"SYN816-1.p","Satisfiable","0.00 v7.3.0","Timeout",3.359876,"Satisfiable",2.040061,"Satisfiable",0.558706,"Timeout",3.198822
result,"SYN817-1.p","Satisfiable","0.00 v7.3.0","Timeout",3.398181,"Satisfiable",1.407014,"Satisfiable",0.582791,"Timeout",3.077995
result,"SYN818-1.p","Satisfiable","0.00 v7.3.0","Timeout",4.235142,"Timeout",2.944239,"Satisfiable",1.803936,"Timeout",14.634147
result,"SYN819-1.p","Unsatisfiable","0.12 v9.1.0","Timeout",3.048637,"Unsatisfiable",0.600367,"Unsatisfiable",0.091665,"Timeout",6.404249
result,"SYN820-1.p","Unsatisfiable","0.12 v9.1.0","Timeout",3.047263,"Unsatisfiable",0.264416,"Unsatisfiable",0.072057,"Timeout",7.184443
result,"SYN821-1.p","Satisfiable","0.00 v7.3.0","Timeout",3.418345,"Satisfiable",1.644939,"Timeout",3.059632,"Timeout",3.204283
result,"SYN822-1.p","Satisfiable","0.00 v7.3.0","Timeout",3.430730,"Timeout",2.999926,"Timeout",3.067029,"Timeout",3.089042
result,"SYN823-1.p","Satisfiable","0.00 v7.3.0","Timeout",3.034526,"Satisfiable",0.070669,"Satisfiable",0.047491,"Timeout",5.783598
result,"SYN824-1.p","Satisfiable","0.00 v7.3.0","Timeout",3.246507,"Satisfiable",1.151855,"Satisfiable",0.315354,"Timeout",3.298924
result,"SYN825-1.p","Satisfiable","0.00 v7.3.0","Timeout",3.801804,"Satisfiable",2.319629,"Satisfiable",1.021062,"Timeout",9.021337
result,"SYN826-1.p","Satisfiable","0.00 v7.3.0","Timeout",3.866493,"Satisfiable",2.471872,"Satisfiable",1.132733,"Timeout",10.110145
result,"SYN827-1.p","Satisfiable","0.00 v7.3.0","Timeout",3.048670,"Satisfiable",0.096446,"Satisfiable",0.067730,"Timeout",3.392313
result,"SYN828-1.p","Satisfiable","0.00 v7.3.0","Timeout",3.344911,"Satisfiable",1.334072,"Satisfiable",0.480920,"Timeout",3.116670
result,"SYN829-1.p","Satisfiable","0.00 v7.3.0","Timeout",4.147140,"Timeout",2.953284,"Satisfiable",1.576251,"Timeout",13.107155
result,"SYN830-1.p","Satisfiable","0.00 v7.3.0","Timeout",4.234828,"Timeout",2.998273,"Satisfiable",1.714677,"Timeout",14.756569
result,"SYN831-1.p","Satisfiable","0.00 v7.3.0","Timeout",4.176152,"Timeout",2.953226,"Satisfiable",1.590220,"Timeout",13.650641
result,"SYN832-1.p","Satisfiable","0.00 v7.3.0","Timeout",4.054018,"Timeout",2.923948,"Satisfiable",1.370406,"Timeout",11.988718
result,"SYN833-1.p","Unsatisfiable","0.12 v9.1.0","Timeout",3.044733,"Unsatisfiable",0.239981,"Unsatisfiable",0.074283,"Timeout",3.294815
result,"SYN834-1.p","Unsatisfiable","0.12 v9.1.0","Timeout",3.044489,"Unsatisfiable",0.199475,"Unsatisfiable",0.073383,"Timeout",3.247166
result,"SYN835-1.p","Satisfiable","0.00 v7.3.0","Timeout",3.044214,"Satisfiable",0.230564,"Satisfiable",0.079544,"Timeout",3.064415
result,"SYN836-1.p","Unsatisfiable","0.12 v9.1.0","Timeout",3.044154,"Unsatisfiable",0.203486,"Unsatisfiable",0.075519,"Timeout",3.361060
result,"SYN837-1.p","Unsatisfiable","0.25 v9.1.0","Timeout",3.128270,"Unsatisfiable",0.963065,"Unsatisfiable",0.185419,"Timeout",3.076245
result,"SYN838-1.p","Satisfiable","0.00 v7.3.0","Timeout",3.413088,"Satisfiable",1.546820,"Satisfiable",0.579645,"Timeout",3.079056
result,"SYN839-1.p","Satisfiable","0.00 v7.3.0","Timeout",4.327349,"Timeout",2.975598,"Satisfiable",1.866979,"Timeout",15.600211
result,"SYN840-1.p","Satisfiable","0.00 v7.3.0","Timeout",4.350946,"Timeout",2.992216,"Satisfiable",1.851474,"Timeout",15.727744
result,"SYN841-1.p","Satisfiable","0.00 v7.3.0","Timeout",4.340750,"Timeout",2.967677,"Satisfiable",1.871933,"Timeout",15.573561
result,"SYN842-1.p","Satisfiable","0.00 v7.3.0","Timeout",4.470318,"Timeout",2.933081,"Satisfiable",2.093516,"Timeout",16.957873
result,"SYN843-1.p","Unsatisfiable","0.12 v9.1.0","Timeout",3.049508,"Unsatisfiable",0.104217,"Unsatisfiable",0.078135,"Timeout",8.350697
result,"SYN844-1.p","Unsatisfiable","0.12 v9.1.0","Timeout",3.056709,"Unsatisfiable",0.223790,"Unsatisfiable",0.079391,"Timeout",8.773795
result,"SYN845-1.p","Unsatisfiable","0.12 v9.1.0","Timeout",3.046425,"Unsatisfiable",0.096731,"Unsatisfiable",0.077170,"Timeout",8.265172
result,"SYN846-1.p","Unsatisfiable","0.25 v9.1.0","Timeout",3.127405,"Unsatisfiable",1.124380,"Unsatisfiable",0.201652,"Timeout",3.991435
result,"SYN847-1.p","Unsatisfiable","0.12 v9.1.0","Timeout",3.121727,"Unsatisfiable",0.335368,"Unsatisfiable",0.196180,"Timeout",3.691660
result,"SYN848-1.p","Unsatisfiable","0.12 v9.1.0","Timeout",3.125400,"Unsatisfiable",0.382860,"Unsatisfiable",0.198846,"Timeout",3.696635
result,"SYN849-1.p","Unsatisfiable","0.12 v9.1.0","Timeout",3.123326,"Unsatisfiable",0.312693,"Unsatisfiable",0.210185,"Timeout",3.963732
result,"SYN850-1.p","Unsatisfiable","0.25 v9.1.0","Timeout",3.432805,"Unsatisfiable",1.331003,"Unsatisfiable",0.639918,"Timeout",3.051863
result,"SYN851-1.p","Satisfiable","0.00 v7.3.0","Timeout",3.441179,"Satisfiable",1.493239,"Satisfiable",0.632597,"Timeout",3.141505
result,"SYN852-1.p","Satisfiable","0.00 v7.3.0","Timeout",4.510454,"Timeout",2.923740,"Satisfiable",2.131247,"Timeout",17.510673
result,"SYN853-1.p","Satisfiable","0.00 v7.3.0","Timeout",4.487556,"Timeout",2.948425,"Satisfiable",2.131762,"Timeout",17.767137
result,"SYN854-1.p","Satisfiable","0.00 v7.3.0","Timeout",4.495428,"Timeout",2.947210,"Satisfiable",2.162404,"Timeout",17.055036
result,"SYN855-1.p","Satisfiable","0.00 v7.3.0","Timeout",4.424865,"Timeout",2.946864,"Satisfiable",2.043007,"Timeout",16.312200
result,"SYN856-1.p","Unsatisfiable","0.12 v9.1.0","Timeout",3.048818,"Unsatisfiable",0.226386,"Unsatisfiable",0.085248,"Timeout",8.185409
result,"SYN857-1.p","Unsatisfiable","0.12 v9.1.0","Timeout",3.073180,"Unsatisfiable",0.226777,"Unsatisfiable",0.093596,"Timeout",8.354055
result,"SYN858-1.p","Unsatisfiable","0.12 v9.1.0","Timeout",3.130585,"Unsatisfiable",0.378929,"Unsatisfiable",0.206041,"Timeout",3.099902
result,"SYN859-1.p","Unsatisfiable","0.12 v9.1.0","Timeout",3.130963,"Unsatisfiable",0.325135,"Unsatisfiable",0.203756,"Timeout",3.163593
result,"SYN860-1.p","Unsatisfiable","0.12 v9.1.0","Timeout",3.130368,"Unsatisfiable",0.922929,"Unsatisfiable",0.213046,"Timeout",3.584344
result,"SYN861-1.p","Unsatisfiable","0.25 v9.1.0","Timeout",3.442779,"Unsatisfiable",1.428509,"Unsatisfiable",0.666461,"Timeout",3.207528
result,"SYN862-1.p","Unsatisfiable","0.25 v9.1.0","Timeout",3.436529,"Unsatisfiable",1.538645,"Unsatisfiable",0.661744,"Timeout",3.065153
result,"SYN863-1.p","Satisfiable","0.00 v7.3.0","Timeout",3.423107,"Satisfiable",1.639808,"Satisfiable",0.642247,"Timeout",3.149048
result,"SYN864-1.p","Satisfiable","0.00 v7.3.0","Timeout",3.447609,"Satisfiable",1.616773,"Satisfiable",0.664611,"Timeout",3.152602
result,"SYN865-1.p","Unsatisfiable","0.25 v9.1.0","Timeout",3.503547,"Unsatisfiable",1.389964,"Unsatisfiable",0.676583,"Timeout",3.139282
result,"SYN866-1.p","Unsatisfiable","0.25 v9.1.0","Timeout",3.424181,"Unsatisfiable",1.454288,"Unsatisfiable",0.634404,"Timeout",3.167489
result,"SYN867-1.p","Satisfiable","0.00 v7.3.0","Timeout",3.012388,"Satisfiable",0.038302,"Satisfiable",0.013062,"Timeout",3.446312
result,"SYN868-1.p","Satisfiable","0.00 v7.3.0","Timeout",3.150412,"Satisfiable",0.043516,"Satisfiable",0.012644,"Timeout",4.013983
result,"SYN869-1.p","Unsatisfiable","0.12 v9.1.0","Timeout",3.011012,"Unsatisfiable",0.047344,"Unsatisfiable",0.011322,"Timeout",4.579161
result,"SYN870-1.p","Satisfiable","0.00 v7.3.0","Timeout",3.010127,"Satisfiable",0.053208,"Satisfiable",0.011539,"Timeout",3.138511
result,"SYN871-1.p","Unsatisfiable","0.12 v9.1.0","Timeout",3.011388,"Unsatisfiable",0.062174,"Unsatisfiable",0.011450,"Timeout",4.743355
result,"SYN872-1.p","Satisfiable","0.00 v7.3.0","Timeout",3.054817,"Satisfiable",0.072563,"Satisfiable",0.051488,"Timeout",5.455570
result,"SYN873-1.p","Unsatisfiable","0.12 v9.1.0","Timeout",3.012615,"Unsatisfiable",0.074493,"Unsatisfiable",0.013157,"Timeout",3.568934
result,"SYN874-1.p","Unsatisfiable","0.12 v9.1.0","Timeout",3.011476,"Unsatisfiable",0.069779,"Unsatisfiable",0.013169,"Timeout",4.602575
result,"SYN875-1.p","Unsatisfiable","0.12 v9.1.0","Timeout",3.011216,"Unsatisfiable",0.066137,"Unsatisfiable",0.012988,"Timeout",4.790018
result,"SYN876-1.p","Unsatisfiable","0.12 v9.1.0","Timeout",3.015889,"Unsatisfiable",0.087570,"Unsatisfiable",0.019733,"Timeout",3.365480
result,"SYN877-1.p","Unsatisfiable","0.12 v9.1.0","Timeout",3.012821,"Unsatisfiable",0.066390,"Unsatisfiable",0.015542,"Timeout",5.124774
result,"SYN878-1.p","Unsatisfiable","0.12 v9.1.0","Timeout",3.011883,"Unsatisfiable",0.068277,"Unsatisfiable",0.014545,"Timeout",5.452419
result,"SYN879-1.p","Unsatisfiable","0.12 v9.1.0","Timeout",3.013425,"Unsatisfiable",0.071990,"Unsatisfiable",0.015303,"Timeout",3.289168
result,"SYN880-1.p","Unsatisfiable","0.12 v9.1.0","Timeout",3.019928,"Unsatisfiable",0.078087,"Unsatisfiable",0.020688,"Timeout",3.086113
result,"SYN881-1.p","Unsatisfiable","0.12 v9.1.0","Timeout",3.017272,"Unsatisfiable",0.080998,"Unsatisfiable",0.021065,"Timeout",3.236289
result,"SYN882-1.p","Unsatisfiable","0.12 v9.1.0","Timeout",3.017958,"Unsatisfiable",0.087247,"Unsatisfiable",0.020494,"Timeout",3.132666
result,"SYN883-1.p","Unsatisfiable","0.12 v9.1.0","Timeout",3.019694,"Unsatisfiable",0.089148,"Unsatisfiable",0.021098,"Timeout",3.469488
result,"SYN884-1.p","Unsatisfiable","0.12 v9.1.0","Timeout",3.031051,"Unsatisfiable",0.123522,"Unsatisfiable",0.035566,"Timeout",8.232154
result,"SYN885-1.p","Unsatisfiable","0.25 v9.1.0","Timeout",3.030536,"Unsatisfiable",0.148704,"Unsatisfiable",0.037091,"Timeout",4.644321
result,"SYN886-1.p","Unsatisfiable","0.12 v9.1.0","Timeout",3.031400,"Unsatisfiable",0.113191,"Unsatisfiable",0.034486,"Timeout",5.694789
result,"SYN887-1.p","Unsatisfiable","0.12 v9.1.0","Timeout",3.037791,"Unsatisfiable",0.160030,"Unsatisfiable",0.036661,"Timeout",11.099624
result,"SYN888-1.p","Satisfiable","0.00 v7.3.0","Timeout",3.064252,"Satisfiable",0.141642,"Satisfiable",0.072913,"Timeout",3.365809
result,"SYN889-1.p","Unsatisfiable","0.12 v9.1.0","Timeout",3.014846,"Unsatisfiable",0.056262,"Unsatisfiable",0.017311,"Timeout",3.821908
result,"SYN890-1.p","Unsatisfiable","0.12 v9.1.0","Timeout",3.034638,"Unsatisfiable",0.060919,"Unsatisfiable",0.015229,"Timeout",3.474830
result,"SYN891-1.p","Unsatisfiable","0.12 v9.1.0","Timeout",3.014543,"Unsatisfiable",0.058337,"Unsatisfiable",0.016066,"Timeout",4.631769
result,"SYN892-1.p","Unsatisfiable","0.12 v9.1.0","Timeout",3.020454,"Unsatisfiable",0.063453,"Unsatisfiable",0.015696,"Timeout",4.620704
result,"SYN893-1.p","Unsatisfiable","0.12 v9.1.0","Timeout",3.019983,"Unsatisfiable",0.086579,"Unsatisfiable",0.022741,"Timeout",3.100053
result,"SYN894-1.p","Unsatisfiable","0.12 v9.1.0","Timeout",3.020083,"Unsatisfiable",0.065080,"Unsatisfiable",0.024666,"Timeout",3.058793
result,"SYN895-1.p","Unsatisfiable","0.12 v9.1.0","Timeout",3.021224,"Unsatisfiable",0.078799,"Unsatisfiable",0.028825,"Timeout",3.131680
result,"SYN896-1.p","Unsatisfiable","0.12 v9.1.0","Timeout",3.030930,"Unsatisfiable",0.082897,"Unsatisfiable",0.025322,"Timeout",3.364787
result,"SYN897-1.p","Unsatisfiable","0.25 v9.1.0","Timeout",3.035636,"Unsatisfiable",0.169811,"Unsatisfiable",0.043293,"Timeout",6.906122
result,"SYN898-1.p","Unsatisfiable","0.12 v9.1.0","Timeout",3.033903,"Unsatisfiable",0.549548,"Unsatisfiable",0.041521,"Timeout",3.800399
result,"SYN899-1.p","Unsatisfiable","0.12 v9.1.0","Timeout",3.034751,"Unsatisfiable",0.599432,"Unsatisfiable",0.040367,"Timeout",4.914912
result,"SYN900-1.p","Unsatisfiable","0.12 v9.1.0","Timeout",3.035975,"Unsatisfiable",0.712908,"Unsatisfiable",0.038570,"Timeout",4.242060
result,"SYN901-1.p","Unsatisfiable","0.25 v9.1.0","Timeout",3.068397,"Unsatisfiable",0.600839,"Unsatisfiable",0.072424,"Timeout",3.421620
result,"SYN902-1.p","Satisfiable","0.00 v7.3.0","Timeout",3.071271,"Satisfiable",0.073262,"Satisfiable",0.079441,"Timeout",3.363173
result,"SYN903-1.p","Satisfiable","0.00 v5.5.0","Timeout",3.010514,"Timeout",2.946161,"Timeout",3.048828,"Timeout",4.695647
result,"SYN904-1.p","Satisfiable","0.00 v5.4.0","Timeout",3.013580,"Timeout",2.927370,"Timeout",3.047237,"Timeout",4.663326
result,"SYN905-1.p","Satisfiable","0.00 v5.4.0","Timeout",3.012314,"Timeout",2.909620,"Timeout",3.048780,"Timeout",3.087626
result,"SYN906-1.p","Satisfiable","0.00 v6.3.0","Timeout",3.021281,"Timeout",2.968132,"Timeout",3.050777,"Timeout",4.994283
result,"SYN907-1.p","Satisfiable","0.00 v6.3.0","Timeout",3.013793,"Timeout",2.993854,"Timeout",3.054780,"Timeout",5.049342
result,"SYN908-1.p","Satisfiable","0.00 v6.3.0","Timeout",3.025228,"Timeout",2.938460,"Timeout",3.050093,"Timeout",3.124637
result,"SYN909-1.p","Satisfiable","0.00 v5.4.0","Timeout",3.016590,"Timeout",2.944369,"Timeout",3.059754,"Timeout",3.471621
result,"SYN910-1.p","Satisfiable","0.00 v5.5.0","Timeout",3.030460,"Timeout",2.924033,"Timeout",3.042133,"Timeout",5.074505
result,"SYN911-1.p","Satisfiable","0.00 v6.3.0","Timeout",3.018810,"Timeout",2.977463,"Timeout",3.053451,"Timeout",4.902959
result,"SYN912-1.p","Satisfiable","0.00 v5.4.0","Timeout",3.018381,"Timeout",2.911562,"Timeout",3.048402,"Timeout",4.776696
result,"SYN913-1.p","Satisfiable","0.00 v6.3.0","Timeout",3.019024,"Timeout",2.947577,"Timeout",3.070141,"Timeout",4.860574
result,"SYN914-1.p","Unsatisfiable","0.85 v9.1.0","Timeout",3.009590,"Unsatisfiable",0.156662,"Timeout",3.024765,"Satisfiable",0.020172
result,"SYN915+1.p","Theorem","0.00 v4.1.0","Unsatisfiable",0.006090,"Theorem",0.042549,"Theorem",0.005025,"Unsatisfiable",0.016000
result,"SYN915-1.p","Unsatisfiable","0.00 v3.3.0","Unsatisfiable",0.005838,"Unsatisfiable",0.011394,"Unsatisfiable",0.005136,"Unsatisfiable",0.021114
result,"SYN916+1.p","CounterSatisfiable","0.00 v4.1.0","GaveUp",0.006259,"CounterSatisfiable",0.011316,"CounterSatisfiable",0.004904,"Satisfiable",0.020974
result,"SYN916-1.p","Satisfiable","0.33 v5.4.0","GaveUp",0.005215,"Satisfiable",0.010536,"Satisfiable",0.004630,"Satisfiable",0.019767
result,"SYN917+1.p","Theorem","0.15 v9.1.0","Error",4.411585,"Theorem",0.109095,"Theorem",0.033259,"Unsatisfiable",0.019822
result,"SYN918+1.p","Theorem","0.00 v9.1.0","Timeout",3.109011,"Theorem",0.035410,"Theorem",0.005490,"Unsatisfiable",0.018680
result,"SYN919+1.p","Theorem","0.00 v5.3.0","Unsatisfiable",0.006939,"Theorem",0.013274,"Theorem",0.005243,"Unsatisfiable",0.017946
result,"SYN920+1.p","Theorem","0.00 v5.3.0","Unsatisfiable",0.014310,"Theorem",0.012647,"Theorem",0.005529,"Unsatisfiable",0.021039
result,"SYN921+1.p","Theorem","0.00 v5.3.0","Unsatisfiable",0.005962,"Theorem",0.012342,"Theorem",0.004809,"Unsatisfiable",0.017142
result,"SYN922+1.p","Theorem","0.00 v5.3.0","Unsatisfiable",0.007672,"Theorem",0.013073,"Theorem",0.005325,"Unsatisfiable",0.020140
result,"SYN923+1.p","Theorem","0.00 v5.3.0","Unsatisfiable",0.006212,"Theorem",0.012487,"Theorem",0.005289,"Unsatisfiable",0.017086
result,"SYN924+1.p","Theorem","0.00 v5.3.0","Unsatisfiable",0.009010,"Theorem",0.012995,"Theorem",0.005486,"Unsatisfiable",0.019778
result,"SYN925+1.p","Theorem","0.00 v5.3.0","Unsatisfiable",0.014688,"Theorem",0.012484,"Theorem",0.005215,"Unsatisfiable",0.018066
result,"SYN926+1.p","Theorem","0.00 v5.3.0","Unsatisfiable",0.005973,"Theorem",0.013762,"Theorem",0.006003,"Unsatisfiable",0.020671
result,"SYN927+1.p","Theorem","0.00 v5.3.0","Unsatisfiable",0.005747,"Theorem",0.012685,"Theorem",0.005405,"Unsatisfiable",0.021196
result,"SYN928+1.p","Theorem","0.00 v5.5.0","Unsatisfiable",0.005666,"Theorem",0.012084,"Theorem",0.004894,"Unsatisfiable",0.018673
result,"SYN929+1.p","Theorem","0.00 v5.3.0","Unsatisfiable",0.005666,"Theorem",0.013081,"Theorem",0.004758,"Unsatisfiable",0.020650
result,"SYN930+1.p","Theorem","0.00 v5.3.0","Unsatisfiable",0.006870,"Theorem",0.011793,"Theorem",0.004928,"Unsatisfiable",0.017629
result,"SYN931+1.p","Theorem","0.00 v5.5.0","Unsatisfiable",0.006857,"Theorem",0.013652,"Theorem",0.005229,"Unsatisfiable",0.019817
result,"SYN932+1.p","Theorem","0.00 v4.0.1","Unsatisfiable",0.007260,"Theorem",0.012127,"Theorem",0.004912,"Unsatisfiable",0.015963
result,"SYN933+1.p","Theorem","0.00 v4.0.1","Unsatisfiable",0.005984,"Theorem",0.012576,"Theorem",0.005311,"Unsatisfiable",0.020391
result,"SYN934+1.p","Theorem","0.00 v5.3.0","Unsatisfiable",0.007226,"Theorem",0.045615,"Theorem",0.005416,"Unsatisfiable",0.020495
result,"SYN935+1.p","Theorem","0.00 v5.3.0","Unsatisfiable",0.007304,"Theorem",0.012748,"Theorem",0.005130,"Unsatisfiable",0.020381
result,"SYN936+1.p","Theorem","0.00 v5.3.0","Unsatisfiable",0.006626,"Theorem",0.012254,"Theorem",0.004947,"Unsatisfiable",0.018109
result,"SYN937+1.p","Theorem","0.00 v5.3.0","Unsatisfiable",0.007213,"Theorem",0.012772,"Theorem",0.005259,"Unsatisfiable",0.020904
result,"SYN938+1.p","Theorem","0.30 v9.1.0","Error",3.516094,"Theorem",0.055757,"Theorem",0.153726,"Unsatisfiable",0.031103
result,"SYN939+1.p","Theorem","0.00 v9.1.0","Unsatisfiable",0.034451,"Theorem",0.015355,"Theorem",0.005266,"Unsatisfiable",0.018146
result,"SYN940+1.p","Theorem","0.00 v9.1.0","Unsatisfiable",0.016149,"Theorem",0.014971,"Theorem",0.006019,"Unsatisfiable",0.020778
result,"SYN941+1.p","Theorem","0.05 v9.1.0","Unsatisfiable",0.007508,"Theorem",0.013335,"Theorem",0.004972,"Unsatisfiable",0.015336
result,"SYN942+1.p","Theorem","0.00 v5.3.0","Unsatisfiable",0.005808,"Theorem",0.012989,"Theorem",0.005259,"Unsatisfiable",0.020405
result,"SYN943+1.p","Theorem","0.00 v9.1.0","Unsatisfiable",0.007262,"Theorem",0.012789,"Theorem",0.005341,"Unsatisfiable",0.019393
result,"SYN944+1.p","Theorem","0.00 v5.3.0","Unsatisfiable",0.007288,"Theorem",0.015935,"Theorem",0.006460,"Unsatisfiable",0.021885
result,"SYN945+1.p","Theorem","0.00 v5.3.0","Unsatisfiable",0.007405,"Theorem",0.013085,"Theorem",0.005565,"Unsatisfiable",0.022169
result,"SYN946+1.p","Theorem","0.00 v5.3.0","Unsatisfiable",0.005876,"Theorem",0.013040,"Theorem",0.005366,"Unsatisfiable",0.020162
result,"SYN947+1.p","Theorem","0.05 v9.1.0","Unsatisfiable",0.005776,"Theorem",0.012846,"Theorem",0.005514,"Unsatisfiable",0.020675
result,"SYN948+1.p","Theorem","0.00 v9.1.0","Unsatisfiable",0.006077,"Theorem",0.013343,"Theorem",0.007153,"Unsatisfiable",0.021674
result,"SYN949+1.p","Theorem","0.00 v5.3.0","Unsatisfiable",0.012028,"Theorem",0.012498,"Theorem",0.005384,"Unsatisfiable",0.021015
result,"SYN950+1.p","Theorem","0.00 v5.4.0","Unsatisfiable",0.006543,"Theorem",0.015350,"Theorem",0.008606,"Unsatisfiable",0.017975
result,"SYN951+1.p","Theorem","0.00 v5.3.0","Unsatisfiable",0.011008,"Theorem",0.013293,"Theorem",0.005488,"Unsatisfiable",0.020726
result,"SYN952+1.p","Theorem","0.00 v5.3.0","Unsatisfiable",0.006141,"Theorem",0.012928,"Theorem",0.004910,"Unsatisfiable",0.020475
result,"SYN953+1.p","Theorem","0.00 v5.3.0","Unsatisfiable",0.006996,"Theorem",0.012557,"Theorem",0.004911,"Unsatisfiable",0.025716
result,"SYN954+1.p","Theorem","0.00 v5.3.0","Unsatisfiable",0.012790,"Theorem",0.014806,"Theorem",0.006829,"Unsatisfiable",0.022849
result,"SYN955+1.p","Theorem","0.00 v5.3.0","Unsatisfiable",0.014259,"Theorem",0.067341,"Theorem",0.005519,"Unsatisfiable",0.022789
result,"SYN956+1.p","Theorem","0.00 v5.3.0","Unsatisfiable",0.010174,"Theorem",0.012134,"Theorem",0.004844,"Unsatisfiable",0.022185
result,"SYN957+1.p","Theorem","0.00 v5.3.0","Unsatisfiable",0.008882,"Theorem",0.014176,"Theorem",0.006925,"Unsatisfiable",0.020956
result,"SYN958+1.p","Theorem","0.00 v5.3.0","Unsatisfiable",0.011972,"Theorem",0.014256,"Theorem",0.005795,"Unsatisfiable",0.025517
result,"SYN959+1.p","Theorem","0.00 v5.3.0","Unsatisfiable",0.009980,"Theorem",0.012347,"Theorem",0.006597,"Unsatisfiable",0.020264
result,"SYN960+1.p","Theorem","0.00 v5.3.0","Unsatisfiable",0.006190,"Theorem",0.017886,"Theorem",0.005240,"Unsatisfiable",0.020878
result,"SYN961+1.p","Theorem","0.00 v5.3.0","Unsatisfiable",0.006453,"Theorem",0.011423,"Theorem",0.005001,"Unsatisfiable",0.020624
result,"SYN962+1.p","Theorem","0.00 v5.3.0","Unsatisfiable",0.005759,"Theorem",0.013405,"Theorem",0.013005,"Unsatisfiable",0.028718
result,"SYN963+1.p","Theorem","0.00 v5.3.0","Unsatisfiable",0.005509,"Theorem",0.020565,"Theorem",0.006102,"Unsatisfiable",0.022370
result,"SYN964+1.p","Theorem","0.00 v5.3.0","Unsatisfiable",0.009807,"Theorem",0.012200,"Theorem",0.006657,"Unsatisfiable",0.023483
result,"SYN965+1.p","Theorem","0.05 v9.1.0","Unsatisfiable",0.012594,"Theorem",0.013863,"Theorem",0.010851,"Unsatisfiable",0.028140
result,"SYN966+1.p","Theorem","0.00 v9.1.0","Unsatisfiable",0.024068,"Theorem",0.013744,"Theorem",0.006658,"Unsatisfiable",0.022487
result,"SYN967+1.p","Theorem","0.00 v5.3.0","Unsatisfiable",0.006455,"Theorem",0.014890,"Theorem",0.006013,"Unsatisfiable",0.023483
result,"SYN968+1.p","Theorem","0.00 v5.3.0","Unsatisfiable",0.005447,"Theorem",0.013369,"Theorem",0.004857,"Unsatisfiable",0.023781
result,"SYN969+1.p","Theorem","0.00 v5.3.0","Unsatisfiable",0.006826,"Theorem",0.016562,"Theorem",0.006536,"Unsatisfiable",0.020407
result,"SYN970+1.p","Theorem","0.00 v5.3.0","Unsatisfiable",0.005586,"Theorem",0.012066,"Theorem",0.005055,"Unsatisfiable",0.020685
result,"SYN971+1.p","Theorem","0.00 v9.1.0","Unsatisfiable",0.005600,"Theorem",0.013048,"Theorem",0.005206,"Unsatisfiable",0.021001
result,"SYN972+1.p","Theorem","0.00 v5.4.0","Unsatisfiable",0.005770,"Theorem",0.012644,"Theorem",0.005116,"Unsatisfiable",0.024815
result,"SYN973+1.p","Theorem","0.00 v5.3.0","Unsatisfiable",0.013174,"Theorem",0.015895,"Theorem",0.012115,"Unsatisfiable",0.018099
result,"SYN974+1.p","Theorem","0.00 v5.3.0","Unsatisfiable",0.006483,"Theorem",0.012978,"Theorem",0.011083,"Unsatisfiable",0.022222
result,"SYN975+1.p","Theorem","0.00 v5.3.0","Unsatisfiable",0.005605,"Theorem",0.069972,"Theorem",0.008719,"Unsatisfiable",0.025245
result,"SYN976+1.p","Theorem","0.00 v5.3.0","Unsatisfiable",0.006004,"Theorem",0.015700,"Theorem",0.005816,"Unsatisfiable",0.021659
result,"SYN977+1.p","Theorem","0.00 v4.1.0","Unsatisfiable",0.006295,"Theorem",0.012611,"Theorem",0.009499,"Unsatisfiable",0.021287
result,"SYN978+1.p","Theorem","0.00 v3.1.0","Unsatisfiable",0.008406,"Theorem",0.012652,"Theorem",0.005199,"Unsatisfiable",0.018137
result,"SYN979+1.p","Theorem","0.00 v5.3.0","Unsatisfiable",0.006406,"Theorem",0.014079,"Theorem",0.007840,"Unsatisfiable",0.023850
result,"SYN980+1.p","Theorem","0.00 v9.1.0","Unsatisfiable",0.010467,"Theorem",0.014068,"Theorem",0.005962,"Unsatisfiable",0.016960
result,"SYN981+1.p","Theorem","0.00 v5.3.0","Unsatisfiable",0.006634,"Theorem",0.012422,"Theorem",0.005314,"Unsatisfiable",0.021111
result,"SYN982-1.p","Unsatisfiable","0.41 v9.1.0","Timeout",3.007442,"Unsatisfiable",0.047906,"Unsatisfiable",0.007228,"Timeout",5.264087

section,prover,scope,total,success,timeout,incomplete,unsound,uniques,error,avg_time_s
prover_stats,"ip","Tous",1165,"872 (74.8%)","290 (24.9%)","0 (0.0%)","0 (0.0%)",1,"3 (0.3%)",1.583952
prover_stats,"ip","Theorem/Unsatisfiable",863,"570 (66.0%)","290 (33.6%)","0 (0.0%)","0 (0.0%)",1,"3 (0.3%)",1.140083
prover_stats,"ip","Theorem (FOF)",276,"191 (69.2%)","82 (29.7%)","0 (0.0%)","0 (0.0%)",0,"3 (1.1%)",0.958174
prover_stats,"ip","Unsatisfiable (CNF)",587,"379 (64.6%)","208 (35.4%)","0 (0.0%)","0 (0.0%)",1,"0 (0.0%)",1.225614
prover_stats,"vampire","Tous",1165,"1158 (99.4%)","7 (0.6%)","0 (0.0%)","0 (0.0%)",13,"0 (0.0%)",0.276722
prover_stats,"vampire","Theorem/Unsatisfiable",863,"856 (99.2%)","7 (0.8%)","0 (0.0%)","0 (0.0%)",13,"0 (0.0%)",0.090005
prover_stats,"vampire","Theorem (FOF)",276,"274 (99.3%)","2 (0.7%)","0 (0.0%)","0 (0.0%)",1,"0 (0.0%)",0.059088
prover_stats,"vampire","Unsatisfiable (CNF)",587,"582 (99.1%)","5 (0.9%)","0 (0.0%)","0 (0.0%)",12,"0 (0.0%)",0.104542
prover_stats,"e","Tous",1165,"1137 (97.6%)","28 (2.4%)","0 (0.0%)","0 (0.0%)",4,"0 (0.0%)",0.533564
prover_stats,"e","Theorem/Unsatisfiable",863,"835 (96.8%)","28 (3.2%)","0 (0.0%)","0 (0.0%)",4,"0 (0.0%)",0.253122
prover_stats,"e","Theorem (FOF)",276,"269 (97.5%)","7 (2.5%)","0 (0.0%)","0 (0.0%)",0,"0 (0.0%)",0.227333
prover_stats,"e","Unsatisfiable (CNF)",587,"566 (96.4%)","21 (3.6%)","0 (0.0%)","0 (0.0%)",4,"0 (0.0%)",0.265247
prover_stats,"zenon","Tous",1165,"777 (66.7%)","379 (32.5%)","9 (0.8%)","0 (0.0%)",0,"0 (0.0%)",2.473236
prover_stats,"zenon","Theorem/Unsatisfiable",863,"475 (55.0%)","379 (43.9%)","9 (1.0%)","0 (0.0%)",0,"0 (0.0%)",2.195750
prover_stats,"zenon","Theorem (FOF)",276,"256 (92.8%)","14 (5.1%)","6 (2.2%)","0 (0.0%)",0,"0 (0.0%)",1.477506
prover_stats,"zenon","Unsatisfiable (CNF)",587,"219 (37.3%)","365 (62.2%)","3 (0.5%)","0 (0.0%)",0,"0 (0.0%)",2.533459

section,prover_a,prover_b,win,draw,loss
pair_stats,"ip","vampire",1,877,287
pair_stats,"ip","e",9,882,274
pair_stats,"ip","zenon",171,918,76
pair_stats,"vampire","ip",287,877,1
pair_stats,"vampire","e",25,1136,4
pair_stats,"vampire","zenon",381,784,0
pair_stats,"e","ip",274,882,9
pair_stats,"e","vampire",4,1136,25
pair_stats,"e","zenon",364,797,4
pair_stats,"zenon","ip",76,918,171
pair_stats,"zenon","vampire",0,784,381
pair_stats,"zenon","e",4,797,364
