# bench_date,"2026-05-14_00-43-31"
# problem_dir,"/home/delahayed/problems/TPTP-v9.2.1/Problems/SYN"
# time_limit_seconds,3
# robust_time_limit,false
# size_limit_gb,
# max_clauses,
# mode,"ordered-fallback"
# casc,
# only_ip,true
# version_ip,"05f1a9a"

section,problem,expected_status,rating,ip,ip_time_s
result,"/home/delahayed/problems/TPTP-v9.2.1/Problems/SYN/SYN000+1.p","Theorem","0.18 v9.1.0","Unsatisfiable",0.051383
result,"/home/delahayed/problems/TPTP-v9.2.1/Problems/SYN/SYN000-1.p","Unsatisfiable","0.18 v9.1.0","Unsatisfiable",0.025636
result,"/home/delahayed/problems/TPTP-v9.2.1/Problems/SYN/SYN001+1.p","Theorem","0.00 v2.1.0","Unsatisfiable",0.005157
result,"/home/delahayed/problems/TPTP-v9.2.1/Problems/SYN/SYN006-1.p","Unsatisfiable","0.00 v6.3.0","Unsatisfiable",0.005845
result,"/home/delahayed/problems/TPTP-v9.2.1/Problems/SYN/SYN008-1.p","Unsatisfiable","0.00 v2.0.0","Unsatisfiable",0.005322
result,"/home/delahayed/problems/TPTP-v9.2.1/Problems/SYN/SYN009-1.p","Unsatisfiable","0.00 v2.0.0","Unsatisfiable",0.006190
result,"/home/delahayed/problems/TPTP-v9.2.1/Problems/SYN/SYN011-1.p","Unsatisfiable","0.00 v2.0.0","Unsatisfiable",0.006245
result,"/home/delahayed/problems/TPTP-v9.2.1/Problems/SYN/SYN012-1.p","Unsatisfiable","0.08 v9.1.0","Timeout",3.014623
result,"/home/delahayed/problems/TPTP-v9.2.1/Problems/SYN/SYN013-1.p","Unsatisfiable","0.05 v9.0.0","Timeout",3.007279
result,"/home/delahayed/problems/TPTP-v9.2.1/Problems/SYN/SYN014-1.p","Unsatisfiable","0.09 v9.1.0","Timeout",3.007966
result,"/home/delahayed/problems/TPTP-v9.2.1/Problems/SYN/SYN015-1.p","Unsatisfiable","0.09 v9.1.0","Timeout",3.007021
result,"/home/delahayed/problems/TPTP-v9.2.1/Problems/SYN/SYN028-1.p","Unsatisfiable","0.00 v2.0.0","Unsatisfiable",0.006313
result,"/home/delahayed/problems/TPTP-v9.2.1/Problems/SYN/SYN029-1.p","Unsatisfiable","0.00 v2.0.0","Unsatisfiable",0.005895
result,"/home/delahayed/problems/TPTP-v9.2.1/Problems/SYN/SYN030-1.p","Unsatisfiable","0.00 v2.0.0","Unsatisfiable",0.006746
result,"/home/delahayed/problems/TPTP-v9.2.1/Problems/SYN/SYN031-1.p","Unsatisfiable","0.00 v2.0.0","Unsatisfiable",0.005634
result,"/home/delahayed/problems/TPTP-v9.2.1/Problems/SYN/SYN032-1.p","Unsatisfiable","0.00 v2.0.0","Unsatisfiable",0.006675
result,"/home/delahayed/problems/TPTP-v9.2.1/Problems/SYN/SYN033-1.p","Unsatisfiable","0.00 v2.0.0","Unsatisfiable",0.006757
result,"/home/delahayed/problems/TPTP-v9.2.1/Problems/SYN/SYN034-1.p","Unsatisfiable","0.00 v2.0.0","Unsatisfiable",0.007483
result,"/home/delahayed/problems/TPTP-v9.2.1/Problems/SYN/SYN035-1.p","Unsatisfiable","0.06 v9.1.0","Unsatisfiable",0.008291
result,"/home/delahayed/problems/TPTP-v9.2.1/Problems/SYN/SYN036+1.p","Theorem","0.05 v9.1.0","Timeout",3.017503
result,"/home/delahayed/problems/TPTP-v9.2.1/Problems/SYN/SYN036-1.p","Unsatisfiable","0.23 v9.1.0","Timeout",3.008598
result,"/home/delahayed/problems/TPTP-v9.2.1/Problems/SYN/SYN037-1.p","Unsatisfiable","0.08 v9.1.0","Timeout",3.007188
result,"/home/delahayed/problems/TPTP-v9.2.1/Problems/SYN/SYN038-1.p","Unsatisfiable","0.08 v9.1.0","Timeout",3.013994
result,"/home/delahayed/problems/TPTP-v9.2.1/Problems/SYN/SYN039-1.p","Unsatisfiable","0.08 v9.1.0","Timeout",3.010659
result,"/home/delahayed/problems/TPTP-v9.2.1/Problems/SYN/SYN040+1.p","Theorem","0.00 v2.1.0","Unsatisfiable",0.005959
result,"/home/delahayed/problems/TPTP-v9.2.1/Problems/SYN/SYN040-1.p","Unsatisfiable","0.00 v2.0.0","Unsatisfiable",0.005342
result,"/home/delahayed/problems/TPTP-v9.2.1/Problems/SYN/SYN041+1.p","Theorem","0.00 v2.3.0","Unsatisfiable",0.005757
result,"/home/delahayed/problems/TPTP-v9.2.1/Problems/SYN/SYN041-1.p","Unsatisfiable","0.00 v2.0.0","Unsatisfiable",0.004839
result,"/home/delahayed/problems/TPTP-v9.2.1/Problems/SYN/SYN044+1.p","Theorem","0.00 v2.1.0","Unsatisfiable",0.006056
result,"/home/delahayed/problems/TPTP-v9.2.1/Problems/SYN/SYN044-1.p","Unsatisfiable","0.00 v2.0.0","Unsatisfiable",0.005883
result,"/home/delahayed/problems/TPTP-v9.2.1/Problems/SYN/SYN045+1.p","Theorem","0.00 v2.1.0","Unsatisfiable",0.005676
result,"/home/delahayed/problems/TPTP-v9.2.1/Problems/SYN/SYN045-1.p","Unsatisfiable","0.00 v2.0.0","Unsatisfiable",0.005961
result,"/home/delahayed/problems/TPTP-v9.2.1/Problems/SYN/SYN046+1.p","Theorem","0.00 v2.1.0","Unsatisfiable",0.005398
result,"/home/delahayed/problems/TPTP-v9.2.1/Problems/SYN/SYN046-1.p","Unsatisfiable","0.00 v2.0.0","Unsatisfiable",0.005488
result,"/home/delahayed/problems/TPTP-v9.2.1/Problems/SYN/SYN047+1.p","Theorem","0.00 v4.1.0","Unsatisfiable",0.005739
result,"/home/delahayed/problems/TPTP-v9.2.1/Problems/SYN/SYN047-1.p","Unsatisfiable","0.00 v2.0.0","Unsatisfiable",0.005549
result,"/home/delahayed/problems/TPTP-v9.2.1/Problems/SYN/SYN048+1.p","Theorem","0.00 v5.3.0","Unsatisfiable",0.004730
result,"/home/delahayed/problems/TPTP-v9.2.1/Problems/SYN/SYN048-1.p","Unsatisfiable","0.06 v9.1.0","Unsatisfiable",0.004849
result,"/home/delahayed/problems/TPTP-v9.2.1/Problems/SYN/SYN049+1.p","Theorem","0.00 v9.1.0","Unsatisfiable",0.004772
result,"/home/delahayed/problems/TPTP-v9.2.1/Problems/SYN/SYN049-1.p","Unsatisfiable","0.00 v5.3.0","Unsatisfiable",0.004536
result,"/home/delahayed/problems/TPTP-v9.2.1/Problems/SYN/SYN050+1.p","Theorem","0.00 v9.1.0","Unsatisfiable",0.005116
result,"/home/delahayed/problems/TPTP-v9.2.1/Problems/SYN/SYN050-1.p","Unsatisfiable","0.06 v9.1.0","Unsatisfiable",0.004819
result,"/home/delahayed/problems/TPTP-v9.2.1/Problems/SYN/SYN051+1.p","Theorem","0.00 v5.4.0","Unsatisfiable",0.005111
result,"/home/delahayed/problems/TPTP-v9.2.1/Problems/SYN/SYN051-1.p","Unsatisfiable","0.00 v2.0.0","Unsatisfiable",0.004804
result,"/home/delahayed/problems/TPTP-v9.2.1/Problems/SYN/SYN052+1.p","Theorem","0.00 v5.3.0","Unsatisfiable",0.004844
result,"/home/delahayed/problems/TPTP-v9.2.1/Problems/SYN/SYN052-1.p","Unsatisfiable","0.00 v2.0.0","Unsatisfiable",0.005141
result,"/home/delahayed/problems/TPTP-v9.2.1/Problems/SYN/SYN053+1.p","Theorem","0.00 v5.3.0","Unsatisfiable",0.005951
result,"/home/delahayed/problems/TPTP-v9.2.1/Problems/SYN/SYN053-1.p","Unsatisfiable","0.00 v2.1.0","Unsatisfiable",0.005730
result,"/home/delahayed/problems/TPTP-v9.2.1/Problems/SYN/SYN054+1.p","Theorem","0.00 v5.3.0","Unsatisfiable",0.006644
result,"/home/delahayed/problems/TPTP-v9.2.1/Problems/SYN/SYN054-1.p","Unsatisfiable","0.00 v2.0.0","Unsatisfiable",0.007583
result,"/home/delahayed/problems/TPTP-v9.2.1/Problems/SYN/SYN055+1.p","ContradictoryAxioms","0.00 v8.1.0","Unsatisfiable",0.006093
result,"/home/delahayed/problems/TPTP-v9.2.1/Problems/SYN/SYN055-1.p","Unsatisfiable","0.00 v2.0.0","Unsatisfiable",0.007155
result,"/home/delahayed/problems/TPTP-v9.2.1/Problems/SYN/SYN056+1.p","Theorem","0.00 v5.3.0","Unsatisfiable",0.030865
result,"/home/delahayed/problems/TPTP-v9.2.1/Problems/SYN/SYN056-1.p","Satisfiable","0.00 v2.1.0","Timeout",3.006014
result,"/home/delahayed/problems/TPTP-v9.2.1/Problems/SYN/SYN057+1.p","Theorem","0.00 v5.3.0","Unsatisfiable",0.008743
result,"/home/delahayed/problems/TPTP-v9.2.1/Problems/SYN/SYN057-1.p","Unsatisfiable","0.00 v2.0.0","Unsatisfiable",0.007939
result,"/home/delahayed/problems/TPTP-v9.2.1/Problems/SYN/SYN058+1.p","Theorem","0.00 v5.3.0","Unsatisfiable",0.006856
result,"/home/delahayed/problems/TPTP-v9.2.1/Problems/SYN/SYN058-1.p","Unsatisfiable","0.00 v2.0.0","Unsatisfiable",0.006390
result,"/home/delahayed/problems/TPTP-v9.2.1/Problems/SYN/SYN059+1.p","Theorem","0.00 v2.1.0","Unsatisfiable",0.767194
result,"/home/delahayed/problems/TPTP-v9.2.1/Problems/SYN/SYN059-1.p","Satisfiable","0.00 v2.2.0","Timeout",3.008153
result,"/home/delahayed/problems/TPTP-v9.2.1/Problems/SYN/SYN060+1.p","Theorem","0.00 v5.3.0","Unsatisfiable",0.005512
result,"/home/delahayed/problems/TPTP-v9.2.1/Problems/SYN/SYN060-1.p","Unsatisfiable","0.00 v2.0.0","Unsatisfiable",0.005558
result,"/home/delahayed/problems/TPTP-v9.2.1/Problems/SYN/SYN061+1.p","Theorem","0.00 v4.1.0","Unsatisfiable",0.005456
result,"/home/delahayed/problems/TPTP-v9.2.1/Problems/SYN/SYN061-1.p","Unsatisfiable","0.00 v2.0.0","Unsatisfiable",0.005487
result,"/home/delahayed/problems/TPTP-v9.2.1/Problems/SYN/SYN062+1.p","Theorem","0.00 v5.3.0","Unsatisfiable",0.005421
result,"/home/delahayed/problems/TPTP-v9.2.1/Problems/SYN/SYN062-1.p","Unsatisfiable","0.00 v2.0.0","Unsatisfiable",0.005647
result,"/home/delahayed/problems/TPTP-v9.2.1/Problems/SYN/SYN063+1.p","Theorem","0.00 v5.5.0","Unsatisfiable",0.007249
result,"/home/delahayed/problems/TPTP-v9.2.1/Problems/SYN/SYN063-1.p","Unsatisfiable","0.00 v2.0.0","Unsatisfiable",0.007210
result,"/home/delahayed/problems/TPTP-v9.2.1/Problems/SYN/SYN064+1.p","Theorem","0.00 v5.5.0","Unsatisfiable",0.005242
result,"/home/delahayed/problems/TPTP-v9.2.1/Problems/SYN/SYN064-1.p","Unsatisfiable","0.06 v9.1.0","Unsatisfiable",0.005397
result,"/home/delahayed/problems/TPTP-v9.2.1/Problems/SYN/SYN065+1.p","Theorem","0.00 v6.3.0","Unsatisfiable",0.006154
result,"/home/delahayed/problems/TPTP-v9.2.1/Problems/SYN/SYN065-1.p","Unsatisfiable","0.00 v6.1.0","Unsatisfiable",0.005669
result,"/home/delahayed/problems/TPTP-v9.2.1/Problems/SYN/SYN066+1.p","Theorem","0.05 v9.1.0","Unsatisfiable",0.005528
result,"/home/delahayed/problems/TPTP-v9.2.1/Problems/SYN/SYN066-1.p","Unsatisfiable","0.00 v7.1.0","Unsatisfiable",0.005075
result,"/home/delahayed/problems/TPTP-v9.2.1/Problems/SYN/SYN067+1.p","Theorem","0.15 v9.1.0","Timeout",3.009779
result,"/home/delahayed/problems/TPTP-v9.2.1/Problems/SYN/SYN067-1.p","Unsatisfiable","0.31 v9.1.0","Timeout",3.007287
result,"/home/delahayed/problems/TPTP-v9.2.1/Problems/SYN/SYN068+1.p","Theorem","0.00 v5.3.0","Unsatisfiable",0.006798
result,"/home/delahayed/problems/TPTP-v9.2.1/Problems/SYN/SYN068-1.p","Unsatisfiable","0.00 v5.4.0","Unsatisfiable",0.007153
result,"/home/delahayed/problems/TPTP-v9.2.1/Problems/SYN/SYN069+1.p","ContradictoryAxioms","0.00 v6.3.0","Unsatisfiable",0.008666
result,"/home/delahayed/problems/TPTP-v9.2.1/Problems/SYN/SYN069-1.p","Unsatisfiable","0.00 v2.0.0","Unsatisfiable",0.011645
result,"/home/delahayed/problems/TPTP-v9.2.1/Problems/SYN/SYN070+1.p","Theorem","0.00 v5.3.0","Unsatisfiable",0.013092
result,"/home/delahayed/problems/TPTP-v9.2.1/Problems/SYN/SYN070-1.p","Unsatisfiable","0.00 v6.3.0","Unsatisfiable",0.025600
result,"/home/delahayed/problems/TPTP-v9.2.1/Problems/SYN/SYN071+1.p","Theorem","0.00 v5.3.0","Unsatisfiable",0.006469
result,"/home/delahayed/problems/TPTP-v9.2.1/Problems/SYN/SYN071-1.p","Unsatisfiable","0.00 v6.1.0","Unsatisfiable",0.006547
result,"/home/delahayed/problems/TPTP-v9.2.1/Problems/SYN/SYN072+1.p","Theorem","0.00 v5.3.0","Unsatisfiable",0.075958
result,"/home/delahayed/problems/TPTP-v9.2.1/Problems/SYN/SYN072-1.p","Unsatisfiable","0.00 v6.1.0","Unsatisfiable",0.075134
result,"/home/delahayed/problems/TPTP-v9.2.1/Problems/SYN/SYN073+1.p","Theorem","0.00 v9.1.0","Unsatisfiable",0.006692
result,"/home/delahayed/problems/TPTP-v9.2.1/Problems/SYN/SYN073-1.p","Unsatisfiable","0.00 v2.0.0","Unsatisfiable",0.007182
result,"/home/delahayed/problems/TPTP-v9.2.1/Problems/SYN/SYN074+1.p","Theorem","0.18 v9.1.0","Timeout",3.010453
result,"/home/delahayed/problems/TPTP-v9.2.1/Problems/SYN/SYN074-1.p","Unsatisfiable","0.05 v9.1.0","Unsatisfiable",1.143160
result,"/home/delahayed/problems/TPTP-v9.2.1/Problems/SYN/SYN075+1.p","Theorem","0.18 v9.1.0","Timeout",3.011114
result,"/home/delahayed/problems/TPTP-v9.2.1/Problems/SYN/SYN075-1.p","Unsatisfiable","0.05 v9.0.0","Timeout",3.009916
result,"/home/delahayed/problems/TPTP-v9.2.1/Problems/SYN/SYN076+1.p","Theorem","0.82 v9.1.0","Timeout",3.017525
result,"/home/delahayed/problems/TPTP-v9.2.1/Problems/SYN/SYN076-1.p","Unsatisfiable","0.82 v9.1.0","Unsatisfiable",0.603179
result,"/home/delahayed/problems/TPTP-v9.2.1/Problems/SYN/SYN077+1.p","Theorem","0.18 v9.1.0","Timeout",3.008325
result,"/home/delahayed/problems/TPTP-v9.2.1/Problems/SYN/SYN077-1.p","Unsatisfiable","0.09 v9.1.0","Timeout",3.008193
result,"/home/delahayed/problems/TPTP-v9.2.1/Problems/SYN/SYN078+1.p","Theorem","0.06 v9.0.0","Timeout",3.007307
result,"/home/delahayed/problems/TPTP-v9.2.1/Problems/SYN/SYN078-1.p","Satisfiable","0.12 v9.1.0","Timeout",3.017961
result,"/home/delahayed/problems/TPTP-v9.2.1/Problems/SYN/SYN079+1.p","Theorem","0.00 v5.3.0","Unsatisfiable",0.005447
result,"/home/delahayed/problems/TPTP-v9.2.1/Problems/SYN/SYN079-1.p","Unsatisfiable","0.00 v5.3.0","Unsatisfiable",0.005315
result,"/home/delahayed/problems/TPTP-v9.2.1/Problems/SYN/SYN080+1.p","Theorem","0.00 v6.3.0","Unsatisfiable",0.004774
result,"/home/delahayed/problems/TPTP-v9.2.1/Problems/SYN/SYN080-1.p","Unsatisfiable","0.04 v9.1.0","Unsatisfiable",0.005063
result,"/home/delahayed/problems/TPTP-v9.2.1/Problems/SYN/SYN081+1.p","Theorem","0.00 v9.1.0","Unsatisfiable",0.004813
result,"/home/delahayed/problems/TPTP-v9.2.1/Problems/SYN/SYN081-1.p","Unsatisfiable","0.00 v6.3.0","Unsatisfiable",0.004684
result,"/home/delahayed/problems/TPTP-v9.2.1/Problems/SYN/SYN082+1.p","Theorem","0.00 v9.1.0","Unsatisfiable",0.008692
result,"/home/delahayed/problems/TPTP-v9.2.1/Problems/SYN/SYN082-1.p","Unsatisfiable","0.00 v7.1.0","Unsatisfiable",0.008044
result,"/home/delahayed/problems/TPTP-v9.2.1/Problems/SYN/SYN083+1.p","Theorem","0.09 v9.1.0","Unsatisfiable",0.004992
result,"/home/delahayed/problems/TPTP-v9.2.1/Problems/SYN/SYN083-1.p","Unsatisfiable","0.04 v9.1.0","Unsatisfiable",0.005150
result,"/home/delahayed/problems/TPTP-v9.2.1/Problems/SYN/SYN084+1.p","Theorem","0.00 v9.1.0","Unsatisfiable",0.232643
result,"/home/delahayed/problems/TPTP-v9.2.1/Problems/SYN/SYN084-1.p","Satisfiable","0.00 v5.4.0","Timeout",3.008019
result,"/home/delahayed/problems/TPTP-v9.2.1/Problems/SYN/SYN103-1.p","Unsatisfiable","0.00 v7.3.0","Unsatisfiable",0.156787
result,"/home/delahayed/problems/TPTP-v9.2.1/Problems/SYN/SYN104-1.p","Unsatisfiable","0.00 v7.3.0","Unsatisfiable",0.105930
result,"/home/delahayed/problems/TPTP-v9.2.1/Problems/SYN/SYN105-1.p","Unsatisfiable","0.00 v7.3.0","Unsatisfiable",0.111355
result,"/home/delahayed/problems/TPTP-v9.2.1/Problems/SYN/SYN106-1.p","Unsatisfiable","0.00 v7.3.0","Unsatisfiable",0.109371
result,"/home/delahayed/problems/TPTP-v9.2.1/Problems/SYN/SYN107-1.p","Unsatisfiable","0.00 v7.3.0","Unsatisfiable",0.120963
result,"/home/delahayed/problems/TPTP-v9.2.1/Problems/SYN/SYN108-1.p","Unsatisfiable","0.00 v7.3.0","Unsatisfiable",0.122325
result,"/home/delahayed/problems/TPTP-v9.2.1/Problems/SYN/SYN109-1.p","Unsatisfiable","0.00 v7.3.0","Unsatisfiable",0.265695
result,"/home/delahayed/problems/TPTP-v9.2.1/Problems/SYN/SYN110-1.p","Unsatisfiable","0.00 v7.3.0","Unsatisfiable",0.669719
result,"/home/delahayed/problems/TPTP-v9.2.1/Problems/SYN/SYN111-1.p","Unsatisfiable","0.00 v7.3.0","Unsatisfiable",0.299985
result,"/home/delahayed/problems/TPTP-v9.2.1/Problems/SYN/SYN112-1.p","Unsatisfiable","0.00 v7.3.0","Unsatisfiable",0.127306
result,"/home/delahayed/problems/TPTP-v9.2.1/Problems/SYN/SYN113-1.p","Unsatisfiable","0.00 v7.3.0","Unsatisfiable",0.224241
result,"/home/delahayed/problems/TPTP-v9.2.1/Problems/SYN/SYN114-1.p","Unsatisfiable","0.00 v7.3.0","Unsatisfiable",0.184374
result,"/home/delahayed/problems/TPTP-v9.2.1/Problems/SYN/SYN115-1.p","Unsatisfiable","0.00 v7.3.0","Unsatisfiable",0.803969
result,"/home/delahayed/problems/TPTP-v9.2.1/Problems/SYN/SYN116-1.p","Unsatisfiable","0.00 v7.3.0","Unsatisfiable",0.347777
result,"/home/delahayed/problems/TPTP-v9.2.1/Problems/SYN/SYN117-1.p","Unsatisfiable","0.00 v7.3.0","Unsatisfiable",0.485121
result,"/home/delahayed/problems/TPTP-v9.2.1/Problems/SYN/SYN118-1.p","Unsatisfiable","0.00 v7.3.0","Unsatisfiable",0.107254
result,"/home/delahayed/problems/TPTP-v9.2.1/Problems/SYN/SYN119-1.p","Unsatisfiable","0.00 v7.3.0","Unsatisfiable",0.108410
result,"/home/delahayed/problems/TPTP-v9.2.1/Problems/SYN/SYN120-1.p","Unsatisfiable","0.00 v7.3.0","Unsatisfiable",0.109372
result,"/home/delahayed/problems/TPTP-v9.2.1/Problems/SYN/SYN121-1.p","Unsatisfiable","0.00 v7.3.0","Unsatisfiable",0.164453
result,"/home/delahayed/problems/TPTP-v9.2.1/Problems/SYN/SYN122-1.p","Unsatisfiable","0.00 v7.3.0","Unsatisfiable",0.147942
result,"/home/delahayed/problems/TPTP-v9.2.1/Problems/SYN/SYN123-1.p","Unsatisfiable","0.00 v7.3.0","Unsatisfiable",0.131936
result,"/home/delahayed/problems/TPTP-v9.2.1/Problems/SYN/SYN124-1.p","Unsatisfiable","0.00 v7.3.0","Unsatisfiable",0.421375
result,"/home/delahayed/problems/TPTP-v9.2.1/Problems/SYN/SYN125-1.p","Unsatisfiable","0.00 v7.3.0","Unsatisfiable",0.133775
result,"/home/delahayed/problems/TPTP-v9.2.1/Problems/SYN/SYN126-1.p","Unsatisfiable","0.00 v7.3.0","Unsatisfiable",0.131661
result,"/home/delahayed/problems/TPTP-v9.2.1/Problems/SYN/SYN127-1.p","Unsatisfiable","0.00 v7.3.0","Unsatisfiable",0.134043
result,"/home/delahayed/problems/TPTP-v9.2.1/Problems/SYN/SYN128-1.p","Unsatisfiable","0.00 v7.3.0","Timeout",3.011224
result,"/home/delahayed/problems/TPTP-v9.2.1/Problems/SYN/SYN129-1.p","Unsatisfiable","0.00 v7.3.0","Timeout",3.011118
result,"/home/delahayed/problems/TPTP-v9.2.1/Problems/SYN/SYN130-1.p","Unsatisfiable","0.00 v7.3.0","Unsatisfiable",0.105603
result,"/home/delahayed/problems/TPTP-v9.2.1/Problems/SYN/SYN131-1.p","Unsatisfiable","0.00 v7.3.0","Unsatisfiable",0.104824
result,"/home/delahayed/problems/TPTP-v9.2.1/Problems/SYN/SYN132-1.p","Unsatisfiable","0.00 v7.3.0","Unsatisfiable",0.105316
result,"/home/delahayed/problems/TPTP-v9.2.1/Problems/SYN/SYN133-1.p","Unsatisfiable","0.00 v7.3.0","Unsatisfiable",0.104372
result,"/home/delahayed/problems/TPTP-v9.2.1/Problems/SYN/SYN134-1.p","Unsatisfiable","0.00 v7.3.0","Unsatisfiable",0.115921
result,"/home/delahayed/problems/TPTP-v9.2.1/Problems/SYN/SYN135-1.p","Unsatisfiable","0.00 v7.3.0","Unsatisfiable",0.184195
result,"/home/delahayed/problems/TPTP-v9.2.1/Problems/SYN/SYN136-1.p","Unsatisfiable","0.00 v7.3.0","Unsatisfiable",0.175536
result,"/home/delahayed/problems/TPTP-v9.2.1/Problems/SYN/SYN137-1.p","Unsatisfiable","0.00 v7.3.0","Unsatisfiable",0.560320
result,"/home/delahayed/problems/TPTP-v9.2.1/Problems/SYN/SYN138-1.p","Unsatisfiable","0.00 v7.3.0","Unsatisfiable",0.767322
result,"/home/delahayed/problems/TPTP-v9.2.1/Problems/SYN/SYN139-1.p","Unsatisfiable","0.00 v7.3.0","Unsatisfiable",0.623309
result,"/home/delahayed/problems/TPTP-v9.2.1/Problems/SYN/SYN140-1.p","Unsatisfiable","0.00 v7.3.0","Unsatisfiable",0.679561
result,"/home/delahayed/problems/TPTP-v9.2.1/Problems/SYN/SYN141-1.p","Unsatisfiable","0.00 v7.3.0","Unsatisfiable",1.064231
result,"/home/delahayed/problems/TPTP-v9.2.1/Problems/SYN/SYN142-1.p","Unsatisfiable","0.00 v7.3.0","Unsatisfiable",2.288241
result,"/home/delahayed/problems/TPTP-v9.2.1/Problems/SYN/SYN143-1.p","Unsatisfiable","0.00 v7.3.0","Unsatisfiable",2.241879
result,"/home/delahayed/problems/TPTP-v9.2.1/Problems/SYN/SYN144-1.p","Unsatisfiable","0.00 v7.3.0","Unsatisfiable",0.292335
result,"/home/delahayed/problems/TPTP-v9.2.1/Problems/SYN/SYN145-1.p","Unsatisfiable","0.00 v7.3.0","Unsatisfiable",0.106017
result,"/home/delahayed/problems/TPTP-v9.2.1/Problems/SYN/SYN146-1.p","Unsatisfiable","0.00 v7.3.0","Unsatisfiable",0.125777
result,"/home/delahayed/problems/TPTP-v9.2.1/Problems/SYN/SYN147-1.p","Unsatisfiable","0.00 v7.3.0","Unsatisfiable",0.120522
result,"/home/delahayed/problems/TPTP-v9.2.1/Problems/SYN/SYN148-1.p","Unsatisfiable","0.00 v7.3.0","Unsatisfiable",0.166269
result,"/home/delahayed/problems/TPTP-v9.2.1/Problems/SYN/SYN149-1.p","Unsatisfiable","0.00 v7.3.0","Unsatisfiable",0.116271
result,"/home/delahayed/problems/TPTP-v9.2.1/Problems/SYN/SYN150-1.p","Unsatisfiable","0.00 v7.3.0","Unsatisfiable",0.121618
result,"/home/delahayed/problems/TPTP-v9.2.1/Problems/SYN/SYN151-1.p","Unsatisfiable","0.00 v7.3.0","Unsatisfiable",0.122501
result,"/home/delahayed/problems/TPTP-v9.2.1/Problems/SYN/SYN152-1.p","Unsatisfiable","0.00 v7.3.0","Unsatisfiable",0.120697
result,"/home/delahayed/problems/TPTP-v9.2.1/Problems/SYN/SYN153-1.p","Unsatisfiable","0.00 v7.3.0","Unsatisfiable",0.163606
result,"/home/delahayed/problems/TPTP-v9.2.1/Problems/SYN/SYN154-1.p","Unsatisfiable","0.00 v7.3.0","Unsatisfiable",0.169207
result,"/home/delahayed/problems/TPTP-v9.2.1/Problems/SYN/SYN155-1.p","Unsatisfiable","0.00 v7.3.0","Unsatisfiable",2.973382
result,"/home/delahayed/problems/TPTP-v9.2.1/Problems/SYN/SYN156-1.p","Unsatisfiable","0.00 v7.3.0","Timeout",3.022608
result,"/home/delahayed/problems/TPTP-v9.2.1/Problems/SYN/SYN157-1.p","Unsatisfiable","0.00 v7.3.0","Unsatisfiable",1.031586
result,"/home/delahayed/problems/TPTP-v9.2.1/Problems/SYN/SYN158-1.p","Unsatisfiable","0.00 v7.3.0","Unsatisfiable",0.917783
result,"/home/delahayed/problems/TPTP-v9.2.1/Problems/SYN/SYN159-1.p","Unsatisfiable","0.00 v7.3.0","Timeout",3.050744
result,"/home/delahayed/problems/TPTP-v9.2.1/Problems/SYN/SYN160-1.p","Unsatisfiable","0.00 v7.3.0","Unsatisfiable",0.614670
result,"/home/delahayed/problems/TPTP-v9.2.1/Problems/SYN/SYN161-1.p","Unsatisfiable","0.00 v7.3.0","Unsatisfiable",0.931099
result,"/home/delahayed/problems/TPTP-v9.2.1/Problems/SYN/SYN162-1.p","Unsatisfiable","0.00 v7.3.0","Unsatisfiable",0.927222
result,"/home/delahayed/problems/TPTP-v9.2.1/Problems/SYN/SYN163-1.p","Unsatisfiable","0.00 v7.3.0","Timeout",3.008737
result,"/home/delahayed/problems/TPTP-v9.2.1/Problems/SYN/SYN164-1.p","Unsatisfiable","0.00 v7.3.0","Unsatisfiable",0.105232
result,"/home/delahayed/problems/TPTP-v9.2.1/Problems/SYN/SYN165-1.p","Unsatisfiable","0.00 v7.3.0","Unsatisfiable",0.117161
result,"/home/delahayed/problems/TPTP-v9.2.1/Problems/SYN/SYN166-1.p","Unsatisfiable","0.00 v7.3.0","Unsatisfiable",0.174815
result,"/home/delahayed/problems/TPTP-v9.2.1/Problems/SYN/SYN167-1.p","Unsatisfiable","0.00 v7.3.0","Unsatisfiable",0.122027
result,"/home/delahayed/problems/TPTP-v9.2.1/Problems/SYN/SYN168-1.p","Unsatisfiable","0.00 v7.3.0","Unsatisfiable",0.134069
result,"/home/delahayed/problems/TPTP-v9.2.1/Problems/SYN/SYN169-1.p","Unsatisfiable","0.00 v7.3.0","Unsatisfiable",0.132485
result,"/home/delahayed/problems/TPTP-v9.2.1/Problems/SYN/SYN170-1.p","Unsatisfiable","0.00 v7.3.0","Unsatisfiable",0.220588
result,"/home/delahayed/problems/TPTP-v9.2.1/Problems/SYN/SYN171-1.p","Unsatisfiable","0.00 v7.3.0","Timeout",3.009086
result,"/home/delahayed/problems/TPTP-v9.2.1/Problems/SYN/SYN172-1.p","Unsatisfiable","0.00 v7.3.0","Unsatisfiable",0.104761
result,"/home/delahayed/problems/TPTP-v9.2.1/Problems/SYN/SYN173-1.p","Unsatisfiable","0.00 v7.3.0","Unsatisfiable",0.113398
result,"/home/delahayed/problems/TPTP-v9.2.1/Problems/SYN/SYN174-1.p","Unsatisfiable","0.00 v7.3.0","Unsatisfiable",0.111298
result,"/home/delahayed/problems/TPTP-v9.2.1/Problems/SYN/SYN175-1.p","Unsatisfiable","0.00 v7.3.0","Unsatisfiable",0.131713
result,"/home/delahayed/problems/TPTP-v9.2.1/Problems/SYN/SYN176-1.p","Unsatisfiable","0.00 v7.3.0","Unsatisfiable",0.218335
result,"/home/delahayed/problems/TPTP-v9.2.1/Problems/SYN/SYN177-1.p","Unsatisfiable","0.00 v7.3.0","Unsatisfiable",0.182116
result,"/home/delahayed/problems/TPTP-v9.2.1/Problems/SYN/SYN178-1.p","Unsatisfiable","0.00 v7.3.0","Unsatisfiable",0.816509
result,"/home/delahayed/problems/TPTP-v9.2.1/Problems/SYN/SYN179-1.p","Unsatisfiable","0.00 v7.3.0","Timeout",3.008680
result,"/home/delahayed/problems/TPTP-v9.2.1/Problems/SYN/SYN180-1.p","Unsatisfiable","0.00 v7.3.0","Timeout",3.010614
result,"/home/delahayed/problems/TPTP-v9.2.1/Problems/SYN/SYN181-1.p","Unsatisfiable","0.00 v7.3.0","Timeout",3.009462
result,"/home/delahayed/problems/TPTP-v9.2.1/Problems/SYN/SYN182-1.p","Unsatisfiable","0.00 v7.3.0","Unsatisfiable",0.140186
result,"/home/delahayed/problems/TPTP-v9.2.1/Problems/SYN/SYN183-1.p","Unsatisfiable","0.00 v7.3.0","Unsatisfiable",0.142665
result,"/home/delahayed/problems/TPTP-v9.2.1/Problems/SYN/SYN184-1.p","Unsatisfiable","0.00 v7.3.0","Unsatisfiable",0.106332
result,"/home/delahayed/problems/TPTP-v9.2.1/Problems/SYN/SYN185-1.p","Unsatisfiable","0.00 v7.3.0","Unsatisfiable",0.134889
result,"/home/delahayed/problems/TPTP-v9.2.1/Problems/SYN/SYN186-1.p","Unsatisfiable","0.00 v7.3.0","Unsatisfiable",0.122360
result,"/home/delahayed/problems/TPTP-v9.2.1/Problems/SYN/SYN187-1.p","Unsatisfiable","0.00 v7.3.0","Unsatisfiable",0.124255
result,"/home/delahayed/problems/TPTP-v9.2.1/Problems/SYN/SYN188-1.p","Unsatisfiable","0.00 v7.3.0","Unsatisfiable",0.132665
result,"/home/delahayed/problems/TPTP-v9.2.1/Problems/SYN/SYN189-1.p","Unsatisfiable","0.00 v7.3.0","Unsatisfiable",0.125135
result,"/home/delahayed/problems/TPTP-v9.2.1/Problems/SYN/SYN190-1.p","Unsatisfiable","0.00 v7.3.0","Timeout",3.009374
result,"/home/delahayed/problems/TPTP-v9.2.1/Problems/SYN/SYN191-1.p","Unsatisfiable","0.00 v7.3.0","Unsatisfiable",0.247575
result,"/home/delahayed/problems/TPTP-v9.2.1/Problems/SYN/SYN192-1.p","Unsatisfiable","0.00 v7.3.0","Unsatisfiable",0.402477
result,"/home/delahayed/problems/TPTP-v9.2.1/Problems/SYN/SYN193-1.p","Unsatisfiable","0.00 v7.3.0","Unsatisfiable",0.409489
result,"/home/delahayed/problems/TPTP-v9.2.1/Problems/SYN/SYN194-1.p","Unsatisfiable","0.00 v7.3.0","Unsatisfiable",0.301550
result,"/home/delahayed/problems/TPTP-v9.2.1/Problems/SYN/SYN195-1.p","Unsatisfiable","0.00 v7.3.0","Unsatisfiable",0.303539
result,"/home/delahayed/problems/TPTP-v9.2.1/Problems/SYN/SYN196-1.p","Unsatisfiable","0.00 v7.3.0","Unsatisfiable",0.115544
result,"/home/delahayed/problems/TPTP-v9.2.1/Problems/SYN/SYN197-1.p","Unsatisfiable","0.00 v7.3.0","Unsatisfiable",0.109073
result,"/home/delahayed/problems/TPTP-v9.2.1/Problems/SYN/SYN198-1.p","Unsatisfiable","0.00 v7.3.0","Unsatisfiable",0.117015
result,"/home/delahayed/problems/TPTP-v9.2.1/Problems/SYN/SYN199-1.p","Unsatisfiable","0.00 v7.3.0","Unsatisfiable",0.117546
result,"/home/delahayed/problems/TPTP-v9.2.1/Problems/SYN/SYN200-1.p","Unsatisfiable","0.00 v7.3.0","Unsatisfiable",0.116494
result,"/home/delahayed/problems/TPTP-v9.2.1/Problems/SYN/SYN201-1.p","Unsatisfiable","0.00 v7.3.0","Unsatisfiable",0.158297
result,"/home/delahayed/problems/TPTP-v9.2.1/Problems/SYN/SYN202-1.p","Unsatisfiable","0.00 v7.3.0","Unsatisfiable",0.533469
result,"/home/delahayed/problems/TPTP-v9.2.1/Problems/SYN/SYN203-1.p","Unsatisfiable","0.00 v7.3.0","Unsatisfiable",0.350002
result,"/home/delahayed/problems/TPTP-v9.2.1/Problems/SYN/SYN204-1.p","Unsatisfiable","0.00 v7.3.0","Unsatisfiable",0.566993
result,"/home/delahayed/problems/TPTP-v9.2.1/Problems/SYN/SYN205-1.p","Unsatisfiable","0.00 v7.3.0","Unsatisfiable",0.488441
result,"/home/delahayed/problems/TPTP-v9.2.1/Problems/SYN/SYN206-1.p","Unsatisfiable","0.00 v7.3.0","Unsatisfiable",0.210272
result,"/home/delahayed/problems/TPTP-v9.2.1/Problems/SYN/SYN207-1.p","Unsatisfiable","0.00 v7.3.0","Unsatisfiable",0.454346
result,"/home/delahayed/problems/TPTP-v9.2.1/Problems/SYN/SYN208-1.p","Unsatisfiable","0.00 v7.3.0","Unsatisfiable",0.193787
result,"/home/delahayed/problems/TPTP-v9.2.1/Problems/SYN/SYN209-1.p","Unsatisfiable","0.00 v7.3.0","Unsatisfiable",0.168561
result,"/home/delahayed/problems/TPTP-v9.2.1/Problems/SYN/SYN210-1.p","Unsatisfiable","0.00 v7.3.0","Unsatisfiable",0.172529
result,"/home/delahayed/problems/TPTP-v9.2.1/Problems/SYN/SYN211-1.p","Unsatisfiable","0.00 v7.3.0","Unsatisfiable",0.171857
result,"/home/delahayed/problems/TPTP-v9.2.1/Problems/SYN/SYN212-1.p","Unsatisfiable","0.00 v7.3.0","Unsatisfiable",0.169087
result,"/home/delahayed/problems/TPTP-v9.2.1/Problems/SYN/SYN213-1.p","Unsatisfiable","0.00 v7.3.0","Unsatisfiable",2.227693
result,"/home/delahayed/problems/TPTP-v9.2.1/Problems/SYN/SYN214-1.p","Unsatisfiable","0.00 v7.3.0","Unsatisfiable",2.251771
result,"/home/delahayed/problems/TPTP-v9.2.1/Problems/SYN/SYN215-1.p","Unsatisfiable","0.00 v7.3.0","Unsatisfiable",2.124546
result,"/home/delahayed/problems/TPTP-v9.2.1/Problems/SYN/SYN216-1.p","Unsatisfiable","0.00 v7.3.0","Unsatisfiable",0.134718
result,"/home/delahayed/problems/TPTP-v9.2.1/Problems/SYN/SYN217-1.p","Unsatisfiable","0.00 v7.3.0","Unsatisfiable",0.129078
result,"/home/delahayed/problems/TPTP-v9.2.1/Problems/SYN/SYN218-1.p","Unsatisfiable","0.00 v7.3.0","Unsatisfiable",0.128593
result,"/home/delahayed/problems/TPTP-v9.2.1/Problems/SYN/SYN219-1.p","Unsatisfiable","0.00 v7.3.0","Unsatisfiable",0.168590
result,"/home/delahayed/problems/TPTP-v9.2.1/Problems/SYN/SYN220-1.p","Unsatisfiable","0.00 v7.3.0","Unsatisfiable",0.176862
result,"/home/delahayed/problems/TPTP-v9.2.1/Problems/SYN/SYN221-1.p","Unsatisfiable","0.00 v7.3.0","Unsatisfiable",0.278943
result,"/home/delahayed/problems/TPTP-v9.2.1/Problems/SYN/SYN222-1.p","Unsatisfiable","0.00 v7.3.0","Unsatisfiable",0.569545
result,"/home/delahayed/problems/TPTP-v9.2.1/Problems/SYN/SYN223-1.p","Unsatisfiable","0.00 v7.3.0","Unsatisfiable",0.192378
result,"/home/delahayed/problems/TPTP-v9.2.1/Problems/SYN/SYN224-1.p","Unsatisfiable","0.00 v7.3.0","Unsatisfiable",0.439595
result,"/home/delahayed/problems/TPTP-v9.2.1/Problems/SYN/SYN225-1.p","Unsatisfiable","0.00 v7.3.0","Unsatisfiable",0.127125
result,"/home/delahayed/problems/TPTP-v9.2.1/Problems/SYN/SYN226-1.p","Unsatisfiable","0.00 v7.3.0","Unsatisfiable",0.171186
result,"/home/delahayed/problems/TPTP-v9.2.1/Problems/SYN/SYN227-1.p","Unsatisfiable","0.00 v7.3.0","Unsatisfiable",0.129683
result,"/home/delahayed/problems/TPTP-v9.2.1/Problems/SYN/SYN228-1.p","Unsatisfiable","0.00 v7.3.0","Unsatisfiable",0.124167
result,"/home/delahayed/problems/TPTP-v9.2.1/Problems/SYN/SYN229-1.p","Unsatisfiable","0.00 v7.3.0","Unsatisfiable",0.541744
result,"/home/delahayed/problems/TPTP-v9.2.1/Problems/SYN/SYN230-1.p","Unsatisfiable","0.00 v7.3.0","Unsatisfiable",0.528271
result,"/home/delahayed/problems/TPTP-v9.2.1/Problems/SYN/SYN231-1.p","Unsatisfiable","0.00 v7.3.0","Unsatisfiable",0.544663
result,"/home/delahayed/problems/TPTP-v9.2.1/Problems/SYN/SYN232-1.p","Unsatisfiable","0.00 v7.3.0","Unsatisfiable",0.554140
result,"/home/delahayed/problems/TPTP-v9.2.1/Problems/SYN/SYN233-1.p","Unsatisfiable","0.00 v7.3.0","Unsatisfiable",0.189471
result,"/home/delahayed/problems/TPTP-v9.2.1/Problems/SYN/SYN234-1.p","Unsatisfiable","0.00 v7.3.0","Unsatisfiable",0.138210
result,"/home/delahayed/problems/TPTP-v9.2.1/Problems/SYN/SYN235-1.p","Unsatisfiable","0.00 v7.3.0","Unsatisfiable",0.131029
result,"/home/delahayed/problems/TPTP-v9.2.1/Problems/SYN/SYN236-1.p","Unsatisfiable","0.00 v7.3.0","Unsatisfiable",0.182566
result,"/home/delahayed/problems/TPTP-v9.2.1/Problems/SYN/SYN237-1.p","Unsatisfiable","0.00 v7.3.0","Unsatisfiable",0.116686
result,"/home/delahayed/problems/TPTP-v9.2.1/Problems/SYN/SYN238-1.p","Unsatisfiable","0.00 v7.3.0","Unsatisfiable",0.119459
result,"/home/delahayed/problems/TPTP-v9.2.1/Problems/SYN/SYN239-1.p","Unsatisfiable","0.00 v7.3.0","Unsatisfiable",0.115648
result,"/home/delahayed/problems/TPTP-v9.2.1/Problems/SYN/SYN240-1.p","Unsatisfiable","0.00 v7.3.0","Unsatisfiable",0.115456
result,"/home/delahayed/problems/TPTP-v9.2.1/Problems/SYN/SYN241-1.p","Unsatisfiable","0.00 v7.3.0","Unsatisfiable",0.118280
result,"/home/delahayed/problems/TPTP-v9.2.1/Problems/SYN/SYN242-1.p","Unsatisfiable","0.00 v7.3.0","Unsatisfiable",0.117839
result,"/home/delahayed/problems/TPTP-v9.2.1/Problems/SYN/SYN243-1.p","Unsatisfiable","0.00 v7.3.0","Unsatisfiable",0.127191
result,"/home/delahayed/problems/TPTP-v9.2.1/Problems/SYN/SYN244-1.p","Unsatisfiable","0.00 v7.3.0","Unsatisfiable",0.117024
result,"/home/delahayed/problems/TPTP-v9.2.1/Problems/SYN/SYN245-1.p","Unsatisfiable","0.00 v7.3.0","Unsatisfiable",0.117011
result,"/home/delahayed/problems/TPTP-v9.2.1/Problems/SYN/SYN246-1.p","Unsatisfiable","0.00 v7.3.0","Unsatisfiable",0.119783
result,"/home/delahayed/problems/TPTP-v9.2.1/Problems/SYN/SYN247-1.p","Unsatisfiable","0.00 v7.3.0","Unsatisfiable",0.120225
result,"/home/delahayed/problems/TPTP-v9.2.1/Problems/SYN/SYN248-1.p","Unsatisfiable","0.00 v7.3.0","Unsatisfiable",0.157399
result,"/home/delahayed/problems/TPTP-v9.2.1/Problems/SYN/SYN249-1.p","Unsatisfiable","0.00 v7.3.0","Unsatisfiable",0.155998
result,"/home/delahayed/problems/TPTP-v9.2.1/Problems/SYN/SYN250-1.p","Unsatisfiable","0.00 v7.3.0","Unsatisfiable",0.414036
result,"/home/delahayed/problems/TPTP-v9.2.1/Problems/SYN/SYN251-1.p","Unsatisfiable","0.00 v7.3.0","Unsatisfiable",0.127431
result,"/home/delahayed/problems/TPTP-v9.2.1/Problems/SYN/SYN252-1.p","Unsatisfiable","0.00 v7.3.0","Unsatisfiable",0.619350
result,"/home/delahayed/problems/TPTP-v9.2.1/Problems/SYN/SYN253-1.p","Unsatisfiable","0.00 v7.3.0","Unsatisfiable",0.599506
result,"/home/delahayed/problems/TPTP-v9.2.1/Problems/SYN/SYN254-1.p","Unsatisfiable","0.00 v7.3.0","Unsatisfiable",0.615229
result,"/home/delahayed/problems/TPTP-v9.2.1/Problems/SYN/SYN255-1.p","Unsatisfiable","0.00 v7.3.0","Unsatisfiable",0.121348
result,"/home/delahayed/problems/TPTP-v9.2.1/Problems/SYN/SYN256-1.p","Unsatisfiable","0.00 v7.3.0","Unsatisfiable",0.127141
result,"/home/delahayed/problems/TPTP-v9.2.1/Problems/SYN/SYN257-1.p","Unsatisfiable","0.00 v7.3.0","Unsatisfiable",0.106026
result,"/home/delahayed/problems/TPTP-v9.2.1/Problems/SYN/SYN258-1.p","Unsatisfiable","0.00 v7.3.0","Unsatisfiable",0.120872
result,"/home/delahayed/problems/TPTP-v9.2.1/Problems/SYN/SYN259-1.p","Unsatisfiable","0.00 v7.3.0","Unsatisfiable",0.121019
result,"/home/delahayed/problems/TPTP-v9.2.1/Problems/SYN/SYN260-1.p","Unsatisfiable","0.00 v7.3.0","Unsatisfiable",0.121724
result,"/home/delahayed/problems/TPTP-v9.2.1/Problems/SYN/SYN261-1.p","Unsatisfiable","0.00 v7.3.0","Unsatisfiable",0.117171
result,"/home/delahayed/problems/TPTP-v9.2.1/Problems/SYN/SYN262-1.p","Unsatisfiable","0.00 v7.3.0","Unsatisfiable",0.154753
result,"/home/delahayed/problems/TPTP-v9.2.1/Problems/SYN/SYN263-1.p","Unsatisfiable","0.00 v7.3.0","Unsatisfiable",0.147463
result,"/home/delahayed/problems/TPTP-v9.2.1/Problems/SYN/SYN264-1.p","Unsatisfiable","0.00 v7.3.0","Unsatisfiable",0.158902
result,"/home/delahayed/problems/TPTP-v9.2.1/Problems/SYN/SYN265-1.p","Unsatisfiable","0.00 v7.3.0","Unsatisfiable",0.130755
result,"/home/delahayed/problems/TPTP-v9.2.1/Problems/SYN/SYN266-1.p","Unsatisfiable","0.00 v7.3.0","Unsatisfiable",0.543301
result,"/home/delahayed/problems/TPTP-v9.2.1/Problems/SYN/SYN267-1.p","Unsatisfiable","0.00 v7.3.0","Unsatisfiable",0.222782
result,"/home/delahayed/problems/TPTP-v9.2.1/Problems/SYN/SYN268-1.p","Unsatisfiable","0.00 v7.3.0","Unsatisfiable",0.213357
result,"/home/delahayed/problems/TPTP-v9.2.1/Problems/SYN/SYN269-1.p","Unsatisfiable","0.00 v7.3.0","Timeout",3.010140
result,"/home/delahayed/problems/TPTP-v9.2.1/Problems/SYN/SYN270-1.p","Unsatisfiable","0.00 v7.3.0","Unsatisfiable",0.256922
result,"/home/delahayed/problems/TPTP-v9.2.1/Problems/SYN/SYN271-1.p","Unsatisfiable","0.00 v7.3.0","Timeout",3.008638
result,"/home/delahayed/problems/TPTP-v9.2.1/Problems/SYN/SYN272-1.p","Unsatisfiable","0.00 v7.3.0","Unsatisfiable",1.224861
result,"/home/delahayed/problems/TPTP-v9.2.1/Problems/SYN/SYN273-1.p","Unsatisfiable","0.00 v7.3.0","Unsatisfiable",1.978346
result,"/home/delahayed/problems/TPTP-v9.2.1/Problems/SYN/SYN274-1.p","Unsatisfiable","0.00 v7.3.0","Unsatisfiable",0.105619
result,"/home/delahayed/problems/TPTP-v9.2.1/Problems/SYN/SYN275-1.p","Unsatisfiable","0.00 v7.3.0","Unsatisfiable",0.104833
result,"/home/delahayed/problems/TPTP-v9.2.1/Problems/SYN/SYN276-1.p","Unsatisfiable","0.00 v7.3.0","Unsatisfiable",0.107667
result,"/home/delahayed/problems/TPTP-v9.2.1/Problems/SYN/SYN277-1.p","Unsatisfiable","0.00 v7.3.0","Unsatisfiable",0.119873
result,"/home/delahayed/problems/TPTP-v9.2.1/Problems/SYN/SYN278-1.p","Unsatisfiable","0.00 v7.3.0","Unsatisfiable",0.121740
result,"/home/delahayed/problems/TPTP-v9.2.1/Problems/SYN/SYN279-1.p","Unsatisfiable","0.00 v7.3.0","Unsatisfiable",0.115277
result,"/home/delahayed/problems/TPTP-v9.2.1/Problems/SYN/SYN280-1.p","Unsatisfiable","0.00 v7.3.0","Unsatisfiable",0.117841
result,"/home/delahayed/problems/TPTP-v9.2.1/Problems/SYN/SYN281-1.p","Unsatisfiable","0.00 v7.3.0","Unsatisfiable",0.120429
result,"/home/delahayed/problems/TPTP-v9.2.1/Problems/SYN/SYN282-1.p","Unsatisfiable","0.00 v7.3.0","Unsatisfiable",0.119521
result,"/home/delahayed/problems/TPTP-v9.2.1/Problems/SYN/SYN283-1.p","Unsatisfiable","0.00 v7.3.0","Unsatisfiable",0.112756
result,"/home/delahayed/problems/TPTP-v9.2.1/Problems/SYN/SYN284-1.p","Unsatisfiable","0.00 v7.3.0","Unsatisfiable",0.112813
result,"/home/delahayed/problems/TPTP-v9.2.1/Problems/SYN/SYN285-1.p","Unsatisfiable","0.00 v7.3.0","Unsatisfiable",0.168154
result,"/home/delahayed/problems/TPTP-v9.2.1/Problems/SYN/SYN286-1.p","Unsatisfiable","0.00 v7.3.0","Unsatisfiable",0.113948
result,"/home/delahayed/problems/TPTP-v9.2.1/Problems/SYN/SYN287-1.p","Unsatisfiable","0.00 v7.3.0","Unsatisfiable",0.131858
result,"/home/delahayed/problems/TPTP-v9.2.1/Problems/SYN/SYN288-1.p","Unsatisfiable","0.00 v7.3.0","Unsatisfiable",0.117711
result,"/home/delahayed/problems/TPTP-v9.2.1/Problems/SYN/SYN289-1.p","Unsatisfiable","0.00 v7.3.0","Unsatisfiable",0.112213
result,"/home/delahayed/problems/TPTP-v9.2.1/Problems/SYN/SYN290-1.p","Unsatisfiable","0.00 v7.3.0","Unsatisfiable",0.121474
result,"/home/delahayed/problems/TPTP-v9.2.1/Problems/SYN/SYN291-1.p","Unsatisfiable","0.00 v7.3.0","Unsatisfiable",0.119478
result,"/home/delahayed/problems/TPTP-v9.2.1/Problems/SYN/SYN292-1.p","Unsatisfiable","0.00 v7.3.0","Unsatisfiable",0.109945
result,"/home/delahayed/problems/TPTP-v9.2.1/Problems/SYN/SYN293-1.p","Unsatisfiable","0.00 v7.3.0","Unsatisfiable",0.126452
result,"/home/delahayed/problems/TPTP-v9.2.1/Problems/SYN/SYN294-1.p","Unsatisfiable","0.00 v7.3.0","Unsatisfiable",0.171339
result,"/home/delahayed/problems/TPTP-v9.2.1/Problems/SYN/SYN295-1.p","Unsatisfiable","0.00 v7.3.0","Unsatisfiable",0.117733
result,"/home/delahayed/problems/TPTP-v9.2.1/Problems/SYN/SYN296-1.p","Unsatisfiable","0.00 v7.3.0","Unsatisfiable",0.111383
result,"/home/delahayed/problems/TPTP-v9.2.1/Problems/SYN/SYN297-1.p","Unsatisfiable","0.00 v7.3.0","Unsatisfiable",0.119961
result,"/home/delahayed/problems/TPTP-v9.2.1/Problems/SYN/SYN298-1.p","Unsatisfiable","0.00 v7.3.0","Unsatisfiable",0.218894
result,"/home/delahayed/problems/TPTP-v9.2.1/Problems/SYN/SYN299-1.p","Unsatisfiable","0.00 v7.3.0","Unsatisfiable",0.222237
result,"/home/delahayed/problems/TPTP-v9.2.1/Problems/SYN/SYN300-1.p","Unsatisfiable","0.00 v7.3.0","Unsatisfiable",0.209969
result,"/home/delahayed/problems/TPTP-v9.2.1/Problems/SYN/SYN301-1.p","Unsatisfiable","0.00 v7.3.0","Unsatisfiable",0.168790
result,"/home/delahayed/problems/TPTP-v9.2.1/Problems/SYN/SYN303-1.p","Satisfiable","0.00 v8.2.0","Timeout",3.034028
result,"/home/delahayed/problems/TPTP-v9.2.1/Problems/SYN/SYN304-1.p","Satisfiable","0.00 v3.1.0","GaveUp",0.007504
result,"/home/delahayed/problems/TPTP-v9.2.1/Problems/SYN/SYN305-1.p","Satisfiable","0.60 v9.1.0","GaveUp",0.006133
result,"/home/delahayed/problems/TPTP-v9.2.1/Problems/SYN/SYN306-1.p","Satisfiable","0.00 v5.4.0","Timeout",3.041738
result,"/home/delahayed/problems/TPTP-v9.2.1/Problems/SYN/SYN307-1.p","Satisfiable","0.00 v7.3.0","Timeout",3.007967
result,"/home/delahayed/problems/TPTP-v9.2.1/Problems/SYN/SYN308-1.p","Satisfiable","0.00 v3.1.0","GaveUp",0.012096
result,"/home/delahayed/problems/TPTP-v9.2.1/Problems/SYN/SYN309-1.p","Satisfiable","0.00 v3.1.0","GaveUp",0.005792
result,"/home/delahayed/problems/TPTP-v9.2.1/Problems/SYN/SYN310-1.p","Unsatisfiable","0.00 v5.5.0","Timeout",3.006857
result,"/home/delahayed/problems/TPTP-v9.2.1/Problems/SYN/SYN311-1.p","Unsatisfiable","0.06 v9.1.0","Unsatisfiable",0.956302
result,"/home/delahayed/problems/TPTP-v9.2.1/Problems/SYN/SYN312-1.p","Unsatisfiable","0.12 v9.1.0","Unsatisfiable",0.160471
result,"/home/delahayed/problems/TPTP-v9.2.1/Problems/SYN/SYN315+1.p","Theorem","0.00 v5.3.0","Unsatisfiable",0.005861
result,"/home/delahayed/problems/TPTP-v9.2.1/Problems/SYN/SYN315-1.p","Unsatisfiable","0.00 v2.0.0","Unsatisfiable",0.006377
result,"/home/delahayed/problems/TPTP-v9.2.1/Problems/SYN/SYN316+1.p","CounterSatisfiable","0.00 v5.4.0","Timeout",3.009211
result,"/home/delahayed/problems/TPTP-v9.2.1/Problems/SYN/SYN316-1.p","Satisfiable","0.00 v5.4.0","Timeout",3.008326
result,"/home/delahayed/problems/TPTP-v9.2.1/Problems/SYN/SYN317+1.p","Theorem","0.00 v4.1.0","Unsatisfiable",0.008544
result,"/home/delahayed/problems/TPTP-v9.2.1/Problems/SYN/SYN317-1.p","Satisfiable","0.00 v2.0.0","GaveUp",0.009538
result,"/home/delahayed/problems/TPTP-v9.2.1/Problems/SYN/SYN318+1.p","Theorem","0.05 v9.1.0","Unsatisfiable",0.006347
result,"/home/delahayed/problems/TPTP-v9.2.1/Problems/SYN/SYN318-1.p","Unsatisfiable","0.00 v2.0.0","Unsatisfiable",0.007607
result,"/home/delahayed/problems/TPTP-v9.2.1/Problems/SYN/SYN319+1.p","Theorem","0.05 v9.1.0","Unsatisfiable",0.007486
result,"/home/delahayed/problems/TPTP-v9.2.1/Problems/SYN/SYN319-1.p","Unsatisfiable","0.00 v7.1.0","Unsatisfiable",0.006318
result,"/home/delahayed/problems/TPTP-v9.2.1/Problems/SYN/SYN320+1.p","CounterSatisfiable","0.00 v5.4.0","GaveUp",0.006147
result,"/home/delahayed/problems/TPTP-v9.2.1/Problems/SYN/SYN320-1.p","Satisfiable","0.00 v3.1.0","GaveUp",0.006467
result,"/home/delahayed/problems/TPTP-v9.2.1/Problems/SYN/SYN321+1.p","Theorem","0.10 v9.1.0","Unsatisfiable",0.012947
result,"/home/delahayed/problems/TPTP-v9.2.1/Problems/SYN/SYN321-1.p","Unsatisfiable","0.00 v5.5.0","Unsatisfiable",0.006316
result,"/home/delahayed/problems/TPTP-v9.2.1/Problems/SYN/SYN322+1.p","CounterSatisfiable","0.00 v4.1.0","GaveUp",0.005772
result,"/home/delahayed/problems/TPTP-v9.2.1/Problems/SYN/SYN322-1.p","Satisfiable","0.00 v2.0.0","GaveUp",0.005542
result,"/home/delahayed/problems/TPTP-v9.2.1/Problems/SYN/SYN323+1.p","Theorem","0.00 v5.5.0","Unsatisfiable",0.006243
result,"/home/delahayed/problems/TPTP-v9.2.1/Problems/SYN/SYN323-1.p","Unsatisfiable","0.00 v2.0.0","Unsatisfiable",0.005922
result,"/home/delahayed/problems/TPTP-v9.2.1/Problems/SYN/SYN324+1.p","CounterSatisfiable","0.00 v5.4.0","Timeout",3.037781
result,"/home/delahayed/problems/TPTP-v9.2.1/Problems/SYN/SYN324-1.p","Satisfiable","0.00 v5.4.0","Timeout",3.008424
result,"/home/delahayed/problems/TPTP-v9.2.1/Problems/SYN/SYN325+1.p","Theorem","0.05 v9.1.0","Unsatisfiable",0.006385
result,"/home/delahayed/problems/TPTP-v9.2.1/Problems/SYN/SYN325-1.p","Unsatisfiable","0.00 v7.1.0","Unsatisfiable",0.006348
result,"/home/delahayed/problems/TPTP-v9.2.1/Problems/SYN/SYN326+1.p","Theorem","0.00 v9.1.0","Unsatisfiable",0.005509
result,"/home/delahayed/problems/TPTP-v9.2.1/Problems/SYN/SYN326-1.p","Unsatisfiable","0.00 v2.0.0","Unsatisfiable",0.005222
result,"/home/delahayed/problems/TPTP-v9.2.1/Problems/SYN/SYN327+1.p","Theorem","0.00 v3.7.0","Unsatisfiable",0.005588
result,"/home/delahayed/problems/TPTP-v9.2.1/Problems/SYN/SYN327-1.p","Unsatisfiable","0.00 v7.1.0","Unsatisfiable",0.006763
result,"/home/delahayed/problems/TPTP-v9.2.1/Problems/SYN/SYN328+1.p","Theorem","0.00 v9.1.0","Timeout",3.009516
result,"/home/delahayed/problems/TPTP-v9.2.1/Problems/SYN/SYN328-1.p","Unsatisfiable","0.23 v9.1.0","Timeout",3.009661
result,"/home/delahayed/problems/TPTP-v9.2.1/Problems/SYN/SYN329+1.p","CounterSatisfiable","0.00 v5.4.0","GaveUp",0.006028
result,"/home/delahayed/problems/TPTP-v9.2.1/Problems/SYN/SYN329-1.p","Satisfiable","0.00 v5.5.0","GaveUp",0.007884
result,"/home/delahayed/problems/TPTP-v9.2.1/Problems/SYN/SYN330+1.p","CounterSatisfiable","0.00 v9.1.0","Timeout",3.016251
result,"/home/delahayed/problems/TPTP-v9.2.1/Problems/SYN/SYN330-1.p","Satisfiable","0.00 v5.4.0","Timeout",3.007512
result,"/home/delahayed/problems/TPTP-v9.2.1/Problems/SYN/SYN331+1.p","Theorem","0.00 v9.1.0","Unsatisfiable",0.007114
result,"/home/delahayed/problems/TPTP-v9.2.1/Problems/SYN/SYN331-1.p","Unsatisfiable","0.00 v2.0.0","Unsatisfiable",0.007771
result,"/home/delahayed/problems/TPTP-v9.2.1/Problems/SYN/SYN332+1.p","Theorem","0.00 v9.1.0","Timeout",3.017577
result,"/home/delahayed/problems/TPTP-v9.2.1/Problems/SYN/SYN332-1.p","Unsatisfiable","0.00 v6.3.0","Timeout",3.010154
result,"/home/delahayed/problems/TPTP-v9.2.1/Problems/SYN/SYN333+1.p","Theorem","0.00 v7.0.0","Unsatisfiable",0.009042
result,"/home/delahayed/problems/TPTP-v9.2.1/Problems/SYN/SYN333-1.p","Unsatisfiable","0.06 v9.1.0","Unsatisfiable",0.007625
result,"/home/delahayed/problems/TPTP-v9.2.1/Problems/SYN/SYN334+1.p","Theorem","0.05 v9.1.0","Timeout",3.013464
result,"/home/delahayed/problems/TPTP-v9.2.1/Problems/SYN/SYN334-1.p","Unsatisfiable","0.08 v9.1.0","Timeout",3.135900
result,"/home/delahayed/problems/TPTP-v9.2.1/Problems/SYN/SYN335+1.p","CounterSatisfiable","0.67 v9.1.0","Timeout",3.039823
result,"/home/delahayed/problems/TPTP-v9.2.1/Problems/SYN/SYN335-1.p","Satisfiable","0.00 v6.3.0","Timeout",3.041167
result,"/home/delahayed/problems/TPTP-v9.2.1/Problems/SYN/SYN336+1.p","Theorem","0.00 v9.1.0","Unsatisfiable",0.006023
result,"/home/delahayed/problems/TPTP-v9.2.1/Problems/SYN/SYN336-1.p","Unsatisfiable","0.00 v5.3.0","Unsatisfiable",0.006105
result,"/home/delahayed/problems/TPTP-v9.2.1/Problems/SYN/SYN337+1.p","CounterSatisfiable","0.00 v4.1.0","GaveUp",0.006729
result,"/home/delahayed/problems/TPTP-v9.2.1/Problems/SYN/SYN337-1.p","Satisfiable","0.00 v2.5.0","GaveUp",0.006256
result,"/home/delahayed/problems/TPTP-v9.2.1/Problems/SYN/SYN338+1.p","Theorem","0.00 v7.0.0","Unsatisfiable",0.005206
result,"/home/delahayed/problems/TPTP-v9.2.1/Problems/SYN/SYN338-1.p","Unsatisfiable","0.06 v9.1.0","Unsatisfiable",0.005645
result,"/home/delahayed/problems/TPTP-v9.2.1/Problems/SYN/SYN339+1.p","Theorem","0.00 v9.1.0","Unsatisfiable",0.005413
result,"/home/delahayed/problems/TPTP-v9.2.1/Problems/SYN/SYN339-1.p","Unsatisfiable","0.00 v5.3.0","Unsatisfiable",0.005698
result,"/home/delahayed/problems/TPTP-v9.2.1/Problems/SYN/SYN340+1.p","Theorem","0.05 v9.1.0","Unsatisfiable",0.005692
result,"/home/delahayed/problems/TPTP-v9.2.1/Problems/SYN/SYN340-1.p","Unsatisfiable","0.00 v5.3.0","Unsatisfiable",0.005572
result,"/home/delahayed/problems/TPTP-v9.2.1/Problems/SYN/SYN341+1.p","Theorem","0.00 v9.1.0","Unsatisfiable",0.005397
result,"/home/delahayed/problems/TPTP-v9.2.1/Problems/SYN/SYN341-1.p","Unsatisfiable","0.00 v5.3.0","Unsatisfiable",0.005552
result,"/home/delahayed/problems/TPTP-v9.2.1/Problems/SYN/SYN342+1.p","CounterSatisfiable","0.00 v4.1.0","GaveUp",0.005573
result,"/home/delahayed/problems/TPTP-v9.2.1/Problems/SYN/SYN342-1.p","Satisfiable","0.00 v2.5.0","GaveUp",0.005307
result,"/home/delahayed/problems/TPTP-v9.2.1/Problems/SYN/SYN343+1.p","Theorem","0.05 v9.1.0","Unsatisfiable",0.007164
result,"/home/delahayed/problems/TPTP-v9.2.1/Problems/SYN/SYN343-1.p","Unsatisfiable","0.00 v2.0.0","Unsatisfiable",0.006365
result,"/home/delahayed/problems/TPTP-v9.2.1/Problems/SYN/SYN344+1.p","CounterSatisfiable","0.00 v5.4.0","GaveUp",0.009010
result,"/home/delahayed/problems/TPTP-v9.2.1/Problems/SYN/SYN344-1.p","Satisfiable","0.00 v5.5.0","GaveUp",0.009265
result,"/home/delahayed/problems/TPTP-v9.2.1/Problems/SYN/SYN345+1.p","Theorem","0.00 v9.1.0","Unsatisfiable",0.008154
result,"/home/delahayed/problems/TPTP-v9.2.1/Problems/SYN/SYN345-1.p","Unsatisfiable","0.08 v9.1.0","Unsatisfiable",0.013506
result,"/home/delahayed/problems/TPTP-v9.2.1/Problems/SYN/SYN346+1.p","Theorem","0.00 v5.3.0","Unsatisfiable",0.005839
result,"/home/delahayed/problems/TPTP-v9.2.1/Problems/SYN/SYN346-1.p","Unsatisfiable","0.00 v5.3.0","Unsatisfiable",0.007125
result,"/home/delahayed/problems/TPTP-v9.2.1/Problems/SYN/SYN347+1.p","Theorem","0.00 v9.1.0","Unsatisfiable",0.096426
result,"/home/delahayed/problems/TPTP-v9.2.1/Problems/SYN/SYN347-1.p","Unsatisfiable","0.00 v2.0.0","Unsatisfiable",0.090006
result,"/home/delahayed/problems/TPTP-v9.2.1/Problems/SYN/SYN348+1.p","CounterSatisfiable","0.00 v6.2.0","GaveUp",0.111780
result,"/home/delahayed/problems/TPTP-v9.2.1/Problems/SYN/SYN348-1.p","Satisfiable","0.00 v3.1.0","GaveUp",0.037720
result,"/home/delahayed/problems/TPTP-v9.2.1/Problems/SYN/SYN349+1.p","Theorem","0.00 v9.1.0","Unsatisfiable",0.012258
result,"/home/delahayed/problems/TPTP-v9.2.1/Problems/SYN/SYN349-1.p","Unsatisfiable","0.08 v9.1.0","Unsatisfiable",0.011776
result,"/home/delahayed/problems/TPTP-v9.2.1/Problems/SYN/SYN350+1.p","Theorem","0.00 v9.1.0","Unsatisfiable",0.008538
result,"/home/delahayed/problems/TPTP-v9.2.1/Problems/SYN/SYN350-1.p","Unsatisfiable","0.00 v2.0.0","Unsatisfiable",0.015412
result,"/home/delahayed/problems/TPTP-v9.2.1/Problems/SYN/SYN351+1.p","Theorem","0.05 v9.1.0","Unsatisfiable",0.016564
result,"/home/delahayed/problems/TPTP-v9.2.1/Problems/SYN/SYN351-1.p","Satisfiable","0.00 v5.4.0","Timeout",3.009058
result,"/home/delahayed/problems/TPTP-v9.2.1/Problems/SYN/SYN352+1.p","Theorem","0.00 v9.1.0","Unsatisfiable",0.006760
result,"/home/delahayed/problems/TPTP-v9.2.1/Problems/SYN/SYN352-1.p","Unsatisfiable","0.00 v7.1.0","Unsatisfiable",0.007403
result,"/home/delahayed/problems/TPTP-v9.2.1/Problems/SYN/SYN353+1.p","Theorem","0.45 v9.1.0","Timeout",3.007198
result,"/home/delahayed/problems/TPTP-v9.2.1/Problems/SYN/SYN353-1.p","Unsatisfiable","0.38 v9.1.0","Timeout",3.008221
result,"/home/delahayed/problems/TPTP-v9.2.1/Problems/SYN/SYN354+1.p","Theorem","0.05 v9.1.0","Unsatisfiable",0.009909
result,"/home/delahayed/problems/TPTP-v9.2.1/Problems/SYN/SYN354-1.p","Unsatisfiable","0.00 v7.1.0","Unsatisfiable",0.010082
result,"/home/delahayed/problems/TPTP-v9.2.1/Problems/SYN/SYN355+1.p","Theorem","0.00 v5.3.0","Unsatisfiable",0.005667
result,"/home/delahayed/problems/TPTP-v9.2.1/Problems/SYN/SYN356+1.p","Theorem","0.00 v5.3.0","Unsatisfiable",0.006195
result,"/home/delahayed/problems/TPTP-v9.2.1/Problems/SYN/SYN357+1.p","Theorem","0.00 v3.2.0","Unsatisfiable",0.005177
result,"/home/delahayed/problems/TPTP-v9.2.1/Problems/SYN/SYN358+1.p","Theorem","0.00 v6.0.0","Unsatisfiable",0.007047
result,"/home/delahayed/problems/TPTP-v9.2.1/Problems/SYN/SYN359+1.p","Theorem","0.00 v5.3.0","Unsatisfiable",0.005556
result,"/home/delahayed/problems/TPTP-v9.2.1/Problems/SYN/SYN360+1.p","Theorem","0.00 v9.1.0","Unsatisfiable",0.004948
result,"/home/delahayed/problems/TPTP-v9.2.1/Problems/SYN/SYN361+1.p","Theorem","0.00 v6.4.0","Unsatisfiable",0.004770
result,"/home/delahayed/problems/TPTP-v9.2.1/Problems/SYN/SYN362+1.p","Theorem","0.00 v6.3.0","Unsatisfiable",0.005005
result,"/home/delahayed/problems/TPTP-v9.2.1/Problems/SYN/SYN363+1.p","Theorem","0.00 v6.3.0","Unsatisfiable",0.004795
result,"/home/delahayed/problems/TPTP-v9.2.1/Problems/SYN/SYN364+1.p","Theorem","0.00 v9.1.0","Unsatisfiable",0.006910
result,"/home/delahayed/problems/TPTP-v9.2.1/Problems/SYN/SYN365+1.p","Theorem","0.00 v9.1.0","Unsatisfiable",0.006123
result,"/home/delahayed/problems/TPTP-v9.2.1/Problems/SYN/SYN366+1.p","Theorem","0.00 v5.3.0","Unsatisfiable",0.005614
result,"/home/delahayed/problems/TPTP-v9.2.1/Problems/SYN/SYN367+1.p","Theorem","0.00 v5.3.0","Unsatisfiable",0.007061
result,"/home/delahayed/problems/TPTP-v9.2.1/Problems/SYN/SYN368+1.p","Theorem","0.00 v4.1.0","Unsatisfiable",0.005240
result,"/home/delahayed/problems/TPTP-v9.2.1/Problems/SYN/SYN369+1.p","Theorem","0.00 v9.1.0","Unsatisfiable",0.005229
result,"/home/delahayed/problems/TPTP-v9.2.1/Problems/SYN/SYN370+1.p","Theorem","0.00 v9.1.0","Unsatisfiable",0.004860
result,"/home/delahayed/problems/TPTP-v9.2.1/Problems/SYN/SYN371+1.p","Theorem","0.00 v9.1.0","Unsatisfiable",0.005816
result,"/home/delahayed/problems/TPTP-v9.2.1/Problems/SYN/SYN372+1.p","Theorem","0.00 v5.3.0","Unsatisfiable",0.005798
result,"/home/delahayed/problems/TPTP-v9.2.1/Problems/SYN/SYN373+1.p","Theorem","0.00 v5.3.0","Unsatisfiable",0.007278
result,"/home/delahayed/problems/TPTP-v9.2.1/Problems/SYN/SYN374+1.p","Theorem","0.00 v9.1.0","Timeout",3.006149
result,"/home/delahayed/problems/TPTP-v9.2.1/Problems/SYN/SYN375+1.p","Theorem","0.00 v9.1.0","Timeout",3.008866
result,"/home/delahayed/problems/TPTP-v9.2.1/Problems/SYN/SYN376+1.p","Theorem","0.00 v5.4.0","Unsatisfiable",0.006832
result,"/home/delahayed/problems/TPTP-v9.2.1/Problems/SYN/SYN377+1.p","Theorem","0.05 v9.1.0","Timeout",3.006567
result,"/home/delahayed/problems/TPTP-v9.2.1/Problems/SYN/SYN378+1.p","Theorem","0.00 v5.3.0","Unsatisfiable",0.007512
result,"/home/delahayed/problems/TPTP-v9.2.1/Problems/SYN/SYN379+1.p","Theorem","0.00 v5.4.0","Unsatisfiable",0.007706
result,"/home/delahayed/problems/TPTP-v9.2.1/Problems/SYN/SYN380+1.p","Theorem","0.00 v9.1.0","Unsatisfiable",0.006606
result,"/home/delahayed/problems/TPTP-v9.2.1/Problems/SYN/SYN381+1.p","Theorem","0.00 v6.3.0","Unsatisfiable",0.014200
result,"/home/delahayed/problems/TPTP-v9.2.1/Problems/SYN/SYN382+1.p","Theorem","0.00 v5.3.0","Unsatisfiable",0.006148
result,"/home/delahayed/problems/TPTP-v9.2.1/Problems/SYN/SYN383+1.p","Theorem","0.00 v9.1.0","Unsatisfiable",0.006482
result,"/home/delahayed/problems/TPTP-v9.2.1/Problems/SYN/SYN384+1.p","Theorem","0.00 v9.1.0","Unsatisfiable",0.009714
result,"/home/delahayed/problems/TPTP-v9.2.1/Problems/SYN/SYN385+1.p","Theorem","0.00 v5.3.0","Unsatisfiable",0.007170
result,"/home/delahayed/problems/TPTP-v9.2.1/Problems/SYN/SYN386+1.p","Theorem","0.10 v9.1.0","Unsatisfiable",0.012748
result,"/home/delahayed/problems/TPTP-v9.2.1/Problems/SYN/SYN387+1.p","Theorem","0.00 v2.1.0","Unsatisfiable",0.009324
result,"/home/delahayed/problems/TPTP-v9.2.1/Problems/SYN/SYN388+1.p","Theorem","0.00 v2.1.0","Unsatisfiable",0.010692
result,"/home/delahayed/problems/TPTP-v9.2.1/Problems/SYN/SYN389+1.p","Theorem","0.00 v4.1.0","Unsatisfiable",0.015801
result,"/home/delahayed/problems/TPTP-v9.2.1/Problems/SYN/SYN390+1.p","Theorem","0.00 v2.1.0","Unsatisfiable",0.006258
result,"/home/delahayed/problems/TPTP-v9.2.1/Problems/SYN/SYN391+1.p","Theorem","0.00 v2.1.0","Unsatisfiable",0.013474
result,"/home/delahayed/problems/TPTP-v9.2.1/Problems/SYN/SYN392+1.p","Theorem","0.00 v4.0.0","Unsatisfiable",0.006903
result,"/home/delahayed/problems/TPTP-v9.2.1/Problems/SYN/SYN394+1.p","Theorem","0.00 v5.3.0","Unsatisfiable",0.006711
result,"/home/delahayed/problems/TPTP-v9.2.1/Problems/SYN/SYN395+1.p","Theorem","0.00 v5.3.0","Unsatisfiable",0.006360
result,"/home/delahayed/problems/TPTP-v9.2.1/Problems/SYN/SYN396+1.p","Theorem","0.00 v5.3.0","Unsatisfiable",0.007522
result,"/home/delahayed/problems/TPTP-v9.2.1/Problems/SYN/SYN397+1.p","Theorem","0.00 v6.1.0","Unsatisfiable",0.007335
result,"/home/delahayed/problems/TPTP-v9.2.1/Problems/SYN/SYN398+1.p","Theorem","0.00 v5.3.0","Unsatisfiable",0.013177
result,"/home/delahayed/problems/TPTP-v9.2.1/Problems/SYN/SYN399+1.p","Theorem","0.00 v5.4.0","Unsatisfiable",0.005811
result,"/home/delahayed/problems/TPTP-v9.2.1/Problems/SYN/SYN400+1.p","Theorem","0.00 v4.0.1","Unsatisfiable",0.006129
result,"/home/delahayed/problems/TPTP-v9.2.1/Problems/SYN/SYN401+1.p","Theorem","0.00 v5.3.0","Unsatisfiable",0.010331
result,"/home/delahayed/problems/TPTP-v9.2.1/Problems/SYN/SYN402+1.p","Theorem","0.00 v5.3.0","Unsatisfiable",0.013231
result,"/home/delahayed/problems/TPTP-v9.2.1/Problems/SYN/SYN403+1.p","Theorem","0.00 v5.3.0","Unsatisfiable",0.005840
result,"/home/delahayed/problems/TPTP-v9.2.1/Problems/SYN/SYN404+1.p","Theorem","0.00 v5.5.0","Unsatisfiable",0.006041
result,"/home/delahayed/problems/TPTP-v9.2.1/Problems/SYN/SYN405+1.p","Theorem","0.00 v5.3.0","Unsatisfiable",0.010060
result,"/home/delahayed/problems/TPTP-v9.2.1/Problems/SYN/SYN406+1.p","Theorem","0.00 v5.3.0","Unsatisfiable",0.007389
result,"/home/delahayed/problems/TPTP-v9.2.1/Problems/SYN/SYN407+1.p","Theorem","0.00 v5.3.0","Unsatisfiable",0.008517
result,"/home/delahayed/problems/TPTP-v9.2.1/Problems/SYN/SYN408+1.p","Theorem","0.00 v5.3.0","Unsatisfiable",0.014827
result,"/home/delahayed/problems/TPTP-v9.2.1/Problems/SYN/SYN409+1.p","Theorem","0.00 v5.3.0","Unsatisfiable",0.032223
result,"/home/delahayed/problems/TPTP-v9.2.1/Problems/SYN/SYN410+1.p","Theorem","0.00 v4.1.0","Unsatisfiable",0.005776
result,"/home/delahayed/problems/TPTP-v9.2.1/Problems/SYN/SYN411+1.p","Theorem","0.00 v5.3.0","Unsatisfiable",0.005812
result,"/home/delahayed/problems/TPTP-v9.2.1/Problems/SYN/SYN412+1.p","Theorem","0.00 v5.3.0","Unsatisfiable",0.005592
result,"/home/delahayed/problems/TPTP-v9.2.1/Problems/SYN/SYN413+1.p","Theorem","0.05 v9.1.0","Timeout",3.034315
result,"/home/delahayed/problems/TPTP-v9.2.1/Problems/SYN/SYN414+1.p","CounterSatisfiable","0.00 v5.3.0","Timeout",3.006498
result,"/home/delahayed/problems/TPTP-v9.2.1/Problems/SYN/SYN415+1.p","Theorem","0.12 v9.1.0","Timeout",3.007075
result,"/home/delahayed/problems/TPTP-v9.2.1/Problems/SYN/SYN416+1.p","Theorem","0.00 v4.1.0","Unsatisfiable",0.013383
result,"/home/delahayed/problems/TPTP-v9.2.1/Problems/SYN/SYN417+1.p","Theorem","0.09 v9.1.0","Timeout",3.010256
result,"/home/delahayed/problems/TPTP-v9.2.1/Problems/SYN/SYN418+1.p","CounterSatisfiable","0.00 v5.5.0","Timeout",3.015459
result,"/home/delahayed/problems/TPTP-v9.2.1/Problems/SYN/SYN418-1.p","Satisfiable","0.00 v7.3.0","Timeout",3.009925
result,"/home/delahayed/problems/TPTP-v9.2.1/Problems/SYN/SYN419+1.p","CounterSatisfiable","0.00 v5.5.0","Timeout",3.014892
result,"/home/delahayed/problems/TPTP-v9.2.1/Problems/SYN/SYN419-1.p","Satisfiable","0.00 v7.3.0","Timeout",3.009972
result,"/home/delahayed/problems/TPTP-v9.2.1/Problems/SYN/SYN420+1.p","CounterSatisfiable","0.00 v6.1.0","Timeout",3.019891
result,"/home/delahayed/problems/TPTP-v9.2.1/Problems/SYN/SYN420-1.p","Satisfiable","0.00 v7.3.0","Timeout",3.010773
result,"/home/delahayed/problems/TPTP-v9.2.1/Problems/SYN/SYN421+1.p","CounterSatisfiable","0.00 v5.5.0","Timeout",3.016424
result,"/home/delahayed/problems/TPTP-v9.2.1/Problems/SYN/SYN421-1.p","Satisfiable","0.00 v7.3.0","Timeout",3.010632
result,"/home/delahayed/problems/TPTP-v9.2.1/Problems/SYN/SYN422+1.p","CounterSatisfiable","0.00 v5.5.0","Timeout",3.015363
result,"/home/delahayed/problems/TPTP-v9.2.1/Problems/SYN/SYN422-1.p","Satisfiable","0.00 v7.3.0","Timeout",3.010374
result,"/home/delahayed/problems/TPTP-v9.2.1/Problems/SYN/SYN423+1.p","CounterSatisfiable","0.00 v5.5.0","Timeout",3.018921
result,"/home/delahayed/problems/TPTP-v9.2.1/Problems/SYN/SYN423-1.p","Satisfiable","0.00 v7.3.0","Timeout",3.010181
result,"/home/delahayed/problems/TPTP-v9.2.1/Problems/SYN/SYN424+1.p","CounterSatisfiable","0.00 v6.2.0","Timeout",3.028416
result,"/home/delahayed/problems/TPTP-v9.2.1/Problems/SYN/SYN424-1.p","Satisfiable","0.00 v7.3.0","Timeout",3.010967
result,"/home/delahayed/problems/TPTP-v9.2.1/Problems/SYN/SYN425+1.p","CounterSatisfiable","0.00 v5.5.0","Timeout",3.017171
result,"/home/delahayed/problems/TPTP-v9.2.1/Problems/SYN/SYN425-1.p","Satisfiable","0.00 v7.3.0","Timeout",3.009677
result,"/home/delahayed/problems/TPTP-v9.2.1/Problems/SYN/SYN426+1.p","CounterSatisfiable","0.00 v6.2.0","Timeout",3.023249
result,"/home/delahayed/problems/TPTP-v9.2.1/Problems/SYN/SYN426-1.p","Satisfiable","0.00 v7.3.0","Timeout",3.014467
result,"/home/delahayed/problems/TPTP-v9.2.1/Problems/SYN/SYN427+1.p","CounterSatisfiable","0.00 v6.2.0","Timeout",3.035662
result,"/home/delahayed/problems/TPTP-v9.2.1/Problems/SYN/SYN427-1.p","Satisfiable","0.00 v7.3.0","Timeout",3.013195
result,"/home/delahayed/problems/TPTP-v9.2.1/Problems/SYN/SYN428+1.p","CounterSatisfiable","0.00 v5.5.0","Timeout",3.019930
result,"/home/delahayed/problems/TPTP-v9.2.1/Problems/SYN/SYN428-1.p","Satisfiable","0.00 v7.3.0","Timeout",3.011301
result,"/home/delahayed/problems/TPTP-v9.2.1/Problems/SYN/SYN429+1.p","CounterSatisfiable","0.00 v5.5.0","Timeout",3.015914
result,"/home/delahayed/problems/TPTP-v9.2.1/Problems/SYN/SYN429-1.p","Satisfiable","0.00 v7.3.0","Timeout",3.011374
result,"/home/delahayed/problems/TPTP-v9.2.1/Problems/SYN/SYN430+1.p","CounterSatisfiable","0.00 v4.1.0","Timeout",3.007557
result,"/home/delahayed/problems/TPTP-v9.2.1/Problems/SYN/SYN430-1.p","Satisfiable","0.00 v2.2.1","Timeout",3.008742
result,"/home/delahayed/problems/TPTP-v9.2.1/Problems/SYN/SYN431+1.p","CounterSatisfiable","0.00 v4.1.0","Timeout",3.007928
result,"/home/delahayed/problems/TPTP-v9.2.1/Problems/SYN/SYN431-1.p","Satisfiable","0.00 v6.2.0","Timeout",3.007675
result,"/home/delahayed/problems/TPTP-v9.2.1/Problems/SYN/SYN432+1.p","CounterSatisfiable","0.00 v4.1.0","Timeout",3.007137
result,"/home/delahayed/problems/TPTP-v9.2.1/Problems/SYN/SYN432-1.p","Satisfiable","0.00 v2.2.1","Timeout",3.007346
result,"/home/delahayed/problems/TPTP-v9.2.1/Problems/SYN/SYN433+1.p","CounterSatisfiable","0.00 v4.1.0","Timeout",3.007117
result,"/home/delahayed/problems/TPTP-v9.2.1/Problems/SYN/SYN433-1.p","Satisfiable","0.00 v2.2.1","Timeout",3.006629
result,"/home/delahayed/problems/TPTP-v9.2.1/Problems/SYN/SYN434+1.p","CounterSatisfiable","0.00 v5.5.0","Timeout",3.008221
result,"/home/delahayed/problems/TPTP-v9.2.1/Problems/SYN/SYN434-1.p","Satisfiable","0.00 v7.3.0","Timeout",3.007762
result,"/home/delahayed/problems/TPTP-v9.2.1/Problems/SYN/SYN435+1.p","CounterSatisfiable","0.00 v5.5.0","Timeout",3.008216
result,"/home/delahayed/problems/TPTP-v9.2.1/Problems/SYN/SYN435-1.p","Satisfiable","0.00 v7.3.0","Timeout",3.007619
result,"/home/delahayed/problems/TPTP-v9.2.1/Problems/SYN/SYN436+1.p","Theorem","0.00 v6.1.0","Timeout",3.006912
result,"/home/delahayed/problems/TPTP-v9.2.1/Problems/SYN/SYN436-1.p","Unsatisfiable","0.00 v7.0.0","Timeout",3.007526
result,"/home/delahayed/problems/TPTP-v9.2.1/Problems/SYN/SYN437+1.p","CounterSatisfiable","0.00 v5.5.0","Timeout",3.013715
result,"/home/delahayed/problems/TPTP-v9.2.1/Problems/SYN/SYN437-1.p","Satisfiable","0.00 v7.3.0","Timeout",3.010641
result,"/home/delahayed/problems/TPTP-v9.2.1/Problems/SYN/SYN438+1.p","CounterSatisfiable","0.00 v5.5.0","Timeout",3.007657
result,"/home/delahayed/problems/TPTP-v9.2.1/Problems/SYN/SYN438-1.p","Satisfiable","0.00 v7.3.0","Timeout",3.007162
result,"/home/delahayed/problems/TPTP-v9.2.1/Problems/SYN/SYN439+1.p","Theorem","0.00 v7.0.0","Timeout",3.007689
result,"/home/delahayed/problems/TPTP-v9.2.1/Problems/SYN/SYN439-1.p","Unsatisfiable","0.00 v7.3.0","Timeout",3.007628
result,"/home/delahayed/problems/TPTP-v9.2.1/Problems/SYN/SYN440+1.p","Theorem","0.00 v7.0.0","Timeout",3.012375
result,"/home/delahayed/problems/TPTP-v9.2.1/Problems/SYN/SYN440-1.p","Unsatisfiable","0.00 v7.3.0","Timeout",3.008090
result,"/home/delahayed/problems/TPTP-v9.2.1/Problems/SYN/SYN441+1.p","CounterSatisfiable","0.00 v5.5.0","Timeout",3.008979
result,"/home/delahayed/problems/TPTP-v9.2.1/Problems/SYN/SYN441-1.p","Satisfiable","0.00 v7.3.0","Timeout",3.008548
result,"/home/delahayed/problems/TPTP-v9.2.1/Problems/SYN/SYN442+1.p","Theorem","0.00 v6.1.0","Timeout",3.007482
result,"/home/delahayed/problems/TPTP-v9.2.1/Problems/SYN/SYN442-1.p","Unsatisfiable","0.00 v7.0.0","Timeout",3.008693
result,"/home/delahayed/problems/TPTP-v9.2.1/Problems/SYN/SYN443+1.p","Theorem","0.00 v5.5.0","Timeout",3.007961
result,"/home/delahayed/problems/TPTP-v9.2.1/Problems/SYN/SYN443-1.p","Unsatisfiable","0.00 v7.0.0","Timeout",3.007154
result,"/home/delahayed/problems/TPTP-v9.2.1/Problems/SYN/SYN444+1.p","Theorem","0.00 v6.1.0","Timeout",3.007089
result,"/home/delahayed/problems/TPTP-v9.2.1/Problems/SYN/SYN444-1.p","Unsatisfiable","0.00 v7.0.0","Timeout",3.008003
result,"/home/delahayed/problems/TPTP-v9.2.1/Problems/SYN/SYN445+1.p","Theorem","0.00 v6.1.0","Timeout",3.007526
result,"/home/delahayed/problems/TPTP-v9.2.1/Problems/SYN/SYN445-1.p","Unsatisfiable","0.00 v7.0.0","Timeout",3.009471
result,"/home/delahayed/problems/TPTP-v9.2.1/Problems/SYN/SYN446+1.p","CounterSatisfiable","0.00 v5.5.0","Timeout",3.007312
result,"/home/delahayed/problems/TPTP-v9.2.1/Problems/SYN/SYN446-1.p","Satisfiable","0.00 v7.3.0","Timeout",3.006829
result,"/home/delahayed/problems/TPTP-v9.2.1/Problems/SYN/SYN447+1.p","Theorem","0.00 v6.1.0","Timeout",3.007822
result,"/home/delahayed/problems/TPTP-v9.2.1/Problems/SYN/SYN447-1.p","Unsatisfiable","0.00 v7.0.0","Timeout",3.007711
result,"/home/delahayed/problems/TPTP-v9.2.1/Problems/SYN/SYN448+1.p","Theorem","0.00 v6.1.0","Timeout",3.007290
result,"/home/delahayed/problems/TPTP-v9.2.1/Problems/SYN/SYN448-1.p","Unsatisfiable","0.00 v7.0.0","Timeout",3.006962
result,"/home/delahayed/problems/TPTP-v9.2.1/Problems/SYN/SYN449+1.p","CounterSatisfiable","0.00 v6.1.0","Timeout",3.007414
result,"/home/delahayed/problems/TPTP-v9.2.1/Problems/SYN/SYN449-1.p","Satisfiable","0.00 v7.3.0","Timeout",3.007446
result,"/home/delahayed/problems/TPTP-v9.2.1/Problems/SYN/SYN450+1.p","Theorem","0.00 v5.5.0","Timeout",3.008044
result,"/home/delahayed/problems/TPTP-v9.2.1/Problems/SYN/SYN450-1.p","Unsatisfiable","0.00 v7.0.0","Timeout",3.008111
result,"/home/delahayed/problems/TPTP-v9.2.1/Problems/SYN/SYN451+1.p","Theorem","0.00 v6.1.0","Timeout",3.010771
result,"/home/delahayed/problems/TPTP-v9.2.1/Problems/SYN/SYN451-1.p","Unsatisfiable","0.00 v7.0.0","Timeout",3.008144
result,"/home/delahayed/problems/TPTP-v9.2.1/Problems/SYN/SYN452+1.p","Theorem","0.00 v6.1.0","Timeout",3.008404
result,"/home/delahayed/problems/TPTP-v9.2.1/Problems/SYN/SYN452-1.p","Unsatisfiable","0.00 v7.0.0","Timeout",3.017751
result,"/home/delahayed/problems/TPTP-v9.2.1/Problems/SYN/SYN453+1.p","CounterSatisfiable","0.00 v5.5.0","Timeout",3.008263
result,"/home/delahayed/problems/TPTP-v9.2.1/Problems/SYN/SYN453-1.p","Satisfiable","0.00 v7.3.0","Timeout",3.036153
result,"/home/delahayed/problems/TPTP-v9.2.1/Problems/SYN/SYN454+1.p","Theorem","0.00 v6.1.0","Timeout",3.007909
result,"/home/delahayed/problems/TPTP-v9.2.1/Problems/SYN/SYN454-1.p","Unsatisfiable","0.00 v7.0.0","Timeout",3.007606
result,"/home/delahayed/problems/TPTP-v9.2.1/Problems/SYN/SYN455+1.p","Theorem","0.00 v6.1.0","Timeout",3.034132
result,"/home/delahayed/problems/TPTP-v9.2.1/Problems/SYN/SYN455-1.p","Unsatisfiable","0.00 v7.0.0","Timeout",3.009568
result,"/home/delahayed/problems/TPTP-v9.2.1/Problems/SYN/SYN456+1.p","CounterSatisfiable","0.00 v5.5.0","Timeout",3.009943
result,"/home/delahayed/problems/TPTP-v9.2.1/Problems/SYN/SYN456-1.p","Satisfiable","0.00 v7.3.0","Timeout",3.007821
result,"/home/delahayed/problems/TPTP-v9.2.1/Problems/SYN/SYN457+1.p","Theorem","0.33 v9.1.0","Timeout",3.009899
result,"/home/delahayed/problems/TPTP-v9.2.1/Problems/SYN/SYN457-1.p","Unsatisfiable","0.00 v7.3.0","Timeout",3.008381
result,"/home/delahayed/problems/TPTP-v9.2.1/Problems/SYN/SYN458+1.p","Theorem","0.00 v6.1.0","Timeout",3.007605
result,"/home/delahayed/problems/TPTP-v9.2.1/Problems/SYN/SYN458-1.p","Unsatisfiable","0.00 v7.0.0","Timeout",3.007987
result,"/home/delahayed/problems/TPTP-v9.2.1/Problems/SYN/SYN459+1.p","Theorem","0.00 v6.1.0","Timeout",3.008467
result,"/home/delahayed/problems/TPTP-v9.2.1/Problems/SYN/SYN459-1.p","Unsatisfiable","0.00 v7.0.0","Timeout",3.007432
result,"/home/delahayed/problems/TPTP-v9.2.1/Problems/SYN/SYN460+1.p","Theorem","0.00 v6.1.0","Timeout",3.008781
result,"/home/delahayed/problems/TPTP-v9.2.1/Problems/SYN/SYN460-1.p","Unsatisfiable","0.00 v7.0.0","Timeout",3.008690
result,"/home/delahayed/problems/TPTP-v9.2.1/Problems/SYN/SYN461+1.p","Theorem","0.00 v6.1.0","Timeout",3.007524
result,"/home/delahayed/problems/TPTP-v9.2.1/Problems/SYN/SYN461-1.p","Unsatisfiable","0.00 v7.0.0","Timeout",3.007617
result,"/home/delahayed/problems/TPTP-v9.2.1/Problems/SYN/SYN462+1.p","Theorem","0.00 v6.1.0","Timeout",3.008118
result,"/home/delahayed/problems/TPTP-v9.2.1/Problems/SYN/SYN462-1.p","Unsatisfiable","0.00 v7.0.0","Timeout",3.007600
result,"/home/delahayed/problems/TPTP-v9.2.1/Problems/SYN/SYN463+1.p","CounterSatisfiable","0.00 v5.5.0","Timeout",3.010095
result,"/home/delahayed/problems/TPTP-v9.2.1/Problems/SYN/SYN463-1.p","Satisfiable","0.00 v7.3.0","Timeout",3.008007
result,"/home/delahayed/problems/TPTP-v9.2.1/Problems/SYN/SYN464+1.p","CounterSatisfiable","0.00 v5.5.0","Timeout",3.008330
result,"/home/delahayed/problems/TPTP-v9.2.1/Problems/SYN/SYN464-1.p","Satisfiable","0.00 v7.3.0","Timeout",3.008159
result,"/home/delahayed/problems/TPTP-v9.2.1/Problems/SYN/SYN465+1.p","Theorem","0.00 v5.5.0","Timeout",3.009928
result,"/home/delahayed/problems/TPTP-v9.2.1/Problems/SYN/SYN465-1.p","Unsatisfiable","0.00 v7.0.0","Timeout",3.008097
result,"/home/delahayed/problems/TPTP-v9.2.1/Problems/SYN/SYN466+1.p","Theorem","0.00 v6.1.0","Timeout",3.018180
result,"/home/delahayed/problems/TPTP-v9.2.1/Problems/SYN/SYN466-1.p","Unsatisfiable","0.00 v7.0.0","Timeout",3.007028
result,"/home/delahayed/problems/TPTP-v9.2.1/Problems/SYN/SYN467+1.p","Theorem","0.00 v5.5.0","Timeout",3.030978
result,"/home/delahayed/problems/TPTP-v9.2.1/Problems/SYN/SYN467-1.p","Unsatisfiable","0.00 v7.0.0","Timeout",3.015411
result,"/home/delahayed/problems/TPTP-v9.2.1/Problems/SYN/SYN468+1.p","Theorem","0.00 v6.1.0","Timeout",3.007416
result,"/home/delahayed/problems/TPTP-v9.2.1/Problems/SYN/SYN468-1.p","Unsatisfiable","0.00 v7.0.0","Timeout",3.007374
result,"/home/delahayed/problems/TPTP-v9.2.1/Problems/SYN/SYN469+1.p","Theorem","0.00 v5.5.0","Timeout",3.007176
result,"/home/delahayed/problems/TPTP-v9.2.1/Problems/SYN/SYN469-1.p","Unsatisfiable","0.00 v7.0.0","Timeout",3.007373
result,"/home/delahayed/problems/TPTP-v9.2.1/Problems/SYN/SYN470+1.p","Theorem","0.00 v6.1.0","Timeout",3.007512
result,"/home/delahayed/problems/TPTP-v9.2.1/Problems/SYN/SYN470-1.p","Unsatisfiable","0.00 v7.0.0","Timeout",3.008108
result,"/home/delahayed/problems/TPTP-v9.2.1/Problems/SYN/SYN471+1.p","Theorem","0.00 v5.5.0","Timeout",3.007589
result,"/home/delahayed/problems/TPTP-v9.2.1/Problems/SYN/SYN471-1.p","Unsatisfiable","0.00 v7.0.0","Timeout",3.007707
result,"/home/delahayed/problems/TPTP-v9.2.1/Problems/SYN/SYN472+1.p","Theorem","0.00 v5.5.0","Timeout",3.007688
result,"/home/delahayed/problems/TPTP-v9.2.1/Problems/SYN/SYN472-1.p","Unsatisfiable","0.00 v7.0.0","Timeout",3.008483
result,"/home/delahayed/problems/TPTP-v9.2.1/Problems/SYN/SYN473+1.p","Theorem","0.00 v5.5.0","Timeout",3.008358
result,"/home/delahayed/problems/TPTP-v9.2.1/Problems/SYN/SYN473-1.p","Unsatisfiable","0.00 v7.0.0","Timeout",3.008976
result,"/home/delahayed/problems/TPTP-v9.2.1/Problems/SYN/SYN474+1.p","Theorem","0.00 v6.1.0","Timeout",3.008870
result,"/home/delahayed/problems/TPTP-v9.2.1/Problems/SYN/SYN474-1.p","Unsatisfiable","0.00 v7.0.0","Timeout",3.007404
result,"/home/delahayed/problems/TPTP-v9.2.1/Problems/SYN/SYN475+1.p","Theorem","0.00 v5.5.0","Timeout",3.007590
result,"/home/delahayed/problems/TPTP-v9.2.1/Problems/SYN/SYN475-1.p","Unsatisfiable","0.00 v7.0.0","Timeout",3.008498
result,"/home/delahayed/problems/TPTP-v9.2.1/Problems/SYN/SYN476+1.p","Theorem","0.00 v6.1.0","Timeout",3.008038
result,"/home/delahayed/problems/TPTP-v9.2.1/Problems/SYN/SYN476-1.p","Unsatisfiable","0.00 v7.0.0","Timeout",3.008106
result,"/home/delahayed/problems/TPTP-v9.2.1/Problems/SYN/SYN477+1.p","Theorem","0.00 v6.1.0","Timeout",3.008674
result,"/home/delahayed/problems/TPTP-v9.2.1/Problems/SYN/SYN477-1.p","Unsatisfiable","0.00 v7.0.0","Timeout",3.013606
result,"/home/delahayed/problems/TPTP-v9.2.1/Problems/SYN/SYN478+1.p","Theorem","0.00 v6.1.0","Timeout",3.007593
result,"/home/delahayed/problems/TPTP-v9.2.1/Problems/SYN/SYN478-1.p","Unsatisfiable","0.00 v7.0.0","Timeout",3.007399
result,"/home/delahayed/problems/TPTP-v9.2.1/Problems/SYN/SYN479+1.p","Theorem","0.00 v6.1.0","Timeout",3.007430
result,"/home/delahayed/problems/TPTP-v9.2.1/Problems/SYN/SYN479-1.p","Unsatisfiable","0.00 v7.0.0","Timeout",3.007758
result,"/home/delahayed/problems/TPTP-v9.2.1/Problems/SYN/SYN480+1.p","Theorem","0.00 v5.5.0","Timeout",3.007509
result,"/home/delahayed/problems/TPTP-v9.2.1/Problems/SYN/SYN480-1.p","Unsatisfiable","0.00 v7.0.0","Timeout",3.008251
result,"/home/delahayed/problems/TPTP-v9.2.1/Problems/SYN/SYN481+1.p","Theorem","0.00 v6.1.0","Timeout",3.009599
result,"/home/delahayed/problems/TPTP-v9.2.1/Problems/SYN/SYN481-1.p","Unsatisfiable","0.00 v7.0.0","Timeout",3.007927
result,"/home/delahayed/problems/TPTP-v9.2.1/Problems/SYN/SYN482+1.p","Theorem","0.00 v5.5.0","Timeout",3.007684
result,"/home/delahayed/problems/TPTP-v9.2.1/Problems/SYN/SYN482-1.p","Unsatisfiable","0.00 v7.0.0","Timeout",3.009346
result,"/home/delahayed/problems/TPTP-v9.2.1/Problems/SYN/SYN483+1.p","Theorem","0.00 v6.1.0","Timeout",3.036852
result,"/home/delahayed/problems/TPTP-v9.2.1/Problems/SYN/SYN483-1.p","Unsatisfiable","0.00 v7.0.0","Timeout",3.073387
result,"/home/delahayed/problems/TPTP-v9.2.1/Problems/SYN/SYN484+1.p","Theorem","0.00 v5.5.0","Timeout",3.007120
result,"/home/delahayed/problems/TPTP-v9.2.1/Problems/SYN/SYN484-1.p","Unsatisfiable","0.00 v7.0.0","Timeout",3.009635
result,"/home/delahayed/problems/TPTP-v9.2.1/Problems/SYN/SYN485+1.p","Theorem","0.00 v5.5.0","Timeout",3.008681
result,"/home/delahayed/problems/TPTP-v9.2.1/Problems/SYN/SYN485-1.p","Unsatisfiable","0.00 v7.0.0","Timeout",3.008660
result,"/home/delahayed/problems/TPTP-v9.2.1/Problems/SYN/SYN486+1.p","Theorem","0.00 v6.1.0","Timeout",3.008201
result,"/home/delahayed/problems/TPTP-v9.2.1/Problems/SYN/SYN486-1.p","Unsatisfiable","0.00 v7.0.0","Timeout",3.008538
result,"/home/delahayed/problems/TPTP-v9.2.1/Problems/SYN/SYN487+1.p","Theorem","0.00 v6.1.0","Timeout",3.007746
result,"/home/delahayed/problems/TPTP-v9.2.1/Problems/SYN/SYN487-1.p","Unsatisfiable","0.00 v7.0.0","Timeout",3.007975
result,"/home/delahayed/problems/TPTP-v9.2.1/Problems/SYN/SYN488+1.p","Theorem","0.00 v6.1.0","Timeout",3.009354
result,"/home/delahayed/problems/TPTP-v9.2.1/Problems/SYN/SYN488-1.p","Unsatisfiable","0.00 v7.0.0","Timeout",3.015853
result,"/home/delahayed/problems/TPTP-v9.2.1/Problems/SYN/SYN489+1.p","Theorem","0.00 v5.5.0","Timeout",3.007853
result,"/home/delahayed/problems/TPTP-v9.2.1/Problems/SYN/SYN489-1.p","Unsatisfiable","0.00 v7.0.0","Timeout",3.008056
result,"/home/delahayed/problems/TPTP-v9.2.1/Problems/SYN/SYN490+1.p","CounterSatisfiable","0.00 v4.1.0","Timeout",3.009659
result,"/home/delahayed/problems/TPTP-v9.2.1/Problems/SYN/SYN490-1.p","Satisfiable","0.00 v2.2.0","Timeout",3.007225
result,"/home/delahayed/problems/TPTP-v9.2.1/Problems/SYN/SYN491+1.p","CounterSatisfiable","0.00 v5.5.0","Timeout",3.007175
result,"/home/delahayed/problems/TPTP-v9.2.1/Problems/SYN/SYN491-1.p","Satisfiable","0.00 v2.2.0","Timeout",3.008301
result,"/home/delahayed/problems/TPTP-v9.2.1/Problems/SYN/SYN492+1.p","CounterSatisfiable","0.00 v5.4.0","Timeout",3.009654
result,"/home/delahayed/problems/TPTP-v9.2.1/Problems/SYN/SYN492-1.p","Satisfiable","0.00 v2.2.0","Timeout",3.007050
result,"/home/delahayed/problems/TPTP-v9.2.1/Problems/SYN/SYN493+1.p","CounterSatisfiable","0.00 v4.1.0","Timeout",3.006698
result,"/home/delahayed/problems/TPTP-v9.2.1/Problems/SYN/SYN493-1.p","Satisfiable","0.00 v2.2.0","Timeout",3.006887
result,"/home/delahayed/problems/TPTP-v9.2.1/Problems/SYN/SYN494+1.p","CounterSatisfiable","0.00 v4.1.0","Timeout",3.007329
result,"/home/delahayed/problems/TPTP-v9.2.1/Problems/SYN/SYN494-1.p","Satisfiable","0.00 v2.2.0","Timeout",3.007485
result,"/home/delahayed/problems/TPTP-v9.2.1/Problems/SYN/SYN495+1.p","CounterSatisfiable","0.00 v4.1.0","Timeout",3.007062
result,"/home/delahayed/problems/TPTP-v9.2.1/Problems/SYN/SYN495-1.p","Satisfiable","0.00 v2.1.0","Timeout",3.007516
result,"/home/delahayed/problems/TPTP-v9.2.1/Problems/SYN/SYN496+1.p","CounterSatisfiable","0.00 v6.1.0","Timeout",3.007160
result,"/home/delahayed/problems/TPTP-v9.2.1/Problems/SYN/SYN496-1.p","Satisfiable","0.00 v2.2.0","Timeout",3.006690
result,"/home/delahayed/problems/TPTP-v9.2.1/Problems/SYN/SYN497+1.p","CounterSatisfiable","0.00 v4.1.0","Timeout",3.007403
result,"/home/delahayed/problems/TPTP-v9.2.1/Problems/SYN/SYN497-1.p","Satisfiable","0.00 v2.2.0","Timeout",3.007009
result,"/home/delahayed/problems/TPTP-v9.2.1/Problems/SYN/SYN498+1.p","Theorem","0.00 v6.1.0","Timeout",3.007630
result,"/home/delahayed/problems/TPTP-v9.2.1/Problems/SYN/SYN498-1.p","Unsatisfiable","0.00 v7.0.0","Timeout",3.007536
result,"/home/delahayed/problems/TPTP-v9.2.1/Problems/SYN/SYN499+1.p","Theorem","0.00 v6.1.0","Timeout",3.008023
result,"/home/delahayed/problems/TPTP-v9.2.1/Problems/SYN/SYN499-1.p","Unsatisfiable","0.00 v7.0.0","Timeout",3.008105
result,"/home/delahayed/problems/TPTP-v9.2.1/Problems/SYN/SYN500+1.p","Theorem","0.00 v6.1.0","Timeout",3.007713
result,"/home/delahayed/problems/TPTP-v9.2.1/Problems/SYN/SYN500-1.p","Unsatisfiable","0.00 v7.0.0","Timeout",3.008214
result,"/home/delahayed/problems/TPTP-v9.2.1/Problems/SYN/SYN501+1.p","Theorem","0.00 v6.1.0","Timeout",3.007271
result,"/home/delahayed/problems/TPTP-v9.2.1/Problems/SYN/SYN501-1.p","Unsatisfiable","0.00 v7.0.0","Timeout",3.008024
result,"/home/delahayed/problems/TPTP-v9.2.1/Problems/SYN/SYN502+1.p","Theorem","0.00 v6.1.0","Timeout",3.008872
result,"/home/delahayed/problems/TPTP-v9.2.1/Problems/SYN/SYN502-1.p","Unsatisfiable","0.00 v7.0.0","Timeout",3.007964
result,"/home/delahayed/problems/TPTP-v9.2.1/Problems/SYN/SYN503+1.p","Theorem","0.00 v5.5.0","Timeout",3.008382
result,"/home/delahayed/problems/TPTP-v9.2.1/Problems/SYN/SYN503-1.p","Unsatisfiable","0.00 v7.0.0","Timeout",3.008059
result,"/home/delahayed/problems/TPTP-v9.2.1/Problems/SYN/SYN504+1.p","Theorem","0.00 v6.1.0","Timeout",3.007999
result,"/home/delahayed/problems/TPTP-v9.2.1/Problems/SYN/SYN504-1.p","Unsatisfiable","0.00 v7.0.0","Timeout",3.008174
result,"/home/delahayed/problems/TPTP-v9.2.1/Problems/SYN/SYN505+1.p","Theorem","0.00 v5.5.0","Timeout",3.007397
result,"/home/delahayed/problems/TPTP-v9.2.1/Problems/SYN/SYN505-1.p","Unsatisfiable","0.00 v7.0.0","Timeout",3.007885
result,"/home/delahayed/problems/TPTP-v9.2.1/Problems/SYN/SYN506+1.p","Theorem","0.00 v6.1.0","Timeout",3.007315
result,"/home/delahayed/problems/TPTP-v9.2.1/Problems/SYN/SYN506-1.p","Unsatisfiable","0.00 v7.0.0","Timeout",3.008308
result,"/home/delahayed/problems/TPTP-v9.2.1/Problems/SYN/SYN507+1.p","Theorem","0.00 v6.1.0","Timeout",3.007512
result,"/home/delahayed/problems/TPTP-v9.2.1/Problems/SYN/SYN507-1.p","Unsatisfiable","0.00 v7.0.0","Timeout",3.009649
result,"/home/delahayed/problems/TPTP-v9.2.1/Problems/SYN/SYN508+1.p","Theorem","0.00 v6.1.0","Timeout",3.039291
result,"/home/delahayed/problems/TPTP-v9.2.1/Problems/SYN/SYN508-1.p","Unsatisfiable","0.00 v7.0.0","Timeout",3.008621
result,"/home/delahayed/problems/TPTP-v9.2.1/Problems/SYN/SYN509+1.p","Theorem","0.00 v5.5.0","Timeout",3.007269
result,"/home/delahayed/problems/TPTP-v9.2.1/Problems/SYN/SYN509-1.p","Unsatisfiable","0.00 v7.0.0","Timeout",3.010540
result,"/home/delahayed/problems/TPTP-v9.2.1/Problems/SYN/SYN510+1.p","Theorem","0.00 v6.1.0","Timeout",3.292220
result,"/home/delahayed/problems/TPTP-v9.2.1/Problems/SYN/SYN510-1.p","Unsatisfiable","0.00 v7.0.0","Timeout",3.009292
result,"/home/delahayed/problems/TPTP-v9.2.1/Problems/SYN/SYN511+1.p","Theorem","0.00 v6.1.0","Timeout",3.040618
result,"/home/delahayed/problems/TPTP-v9.2.1/Problems/SYN/SYN511-1.p","Unsatisfiable","0.00 v7.0.0","Timeout",3.009397
result,"/home/delahayed/problems/TPTP-v9.2.1/Problems/SYN/SYN512+1.p","Theorem","0.00 v6.1.0","Timeout",3.008046
result,"/home/delahayed/problems/TPTP-v9.2.1/Problems/SYN/SYN512-1.p","Unsatisfiable","0.00 v7.0.0","Timeout",3.008022
result,"/home/delahayed/problems/TPTP-v9.2.1/Problems/SYN/SYN513+1.p","CounterSatisfiable","0.00 v6.2.0","Timeout",3.014379
result,"/home/delahayed/problems/TPTP-v9.2.1/Problems/SYN/SYN513-1.p","Satisfiable","0.00 v7.3.0","Timeout",3.009246
result,"/home/delahayed/problems/TPTP-v9.2.1/Problems/SYN/SYN514+1.p","CounterSatisfiable","0.00 v5.5.0","Timeout",3.012306
result,"/home/delahayed/problems/TPTP-v9.2.1/Problems/SYN/SYN514-1.p","Satisfiable","0.00 v7.3.0","Timeout",3.010225
result,"/home/delahayed/problems/TPTP-v9.2.1/Problems/SYN/SYN515+1.p","CounterSatisfiable","0.00 v4.1.0","Timeout",3.008766
result,"/home/delahayed/problems/TPTP-v9.2.1/Problems/SYN/SYN515-1.p","Satisfiable","0.00 v2.2.1","Timeout",3.007009
result,"/home/delahayed/problems/TPTP-v9.2.1/Problems/SYN/SYN516+1.p","CounterSatisfiable","0.00 v4.1.0","Timeout",3.008287
result,"/home/delahayed/problems/TPTP-v9.2.1/Problems/SYN/SYN516-1.p","Satisfiable","0.00 v2.1.0","Timeout",3.007587
result,"/home/delahayed/problems/TPTP-v9.2.1/Problems/SYN/SYN517+1.p","CounterSatisfiable","0.00 v5.5.0","Timeout",3.007601
result,"/home/delahayed/problems/TPTP-v9.2.1/Problems/SYN/SYN517-1.p","Satisfiable","0.00 v2.2.0","Timeout",3.007516
result,"/home/delahayed/problems/TPTP-v9.2.1/Problems/SYN/SYN518+1.p","CounterSatisfiable","0.00 v5.5.0","Timeout",3.022776
result,"/home/delahayed/problems/TPTP-v9.2.1/Problems/SYN/SYN518-1.p","Satisfiable","0.00 v7.3.0","Timeout",3.009876
result,"/home/delahayed/problems/TPTP-v9.2.1/Problems/SYN/SYN519+1.p","CounterSatisfiable","0.00 v6.2.0","Timeout",3.014978
result,"/home/delahayed/problems/TPTP-v9.2.1/Problems/SYN/SYN519-1.p","Satisfiable","0.00 v7.3.0","Timeout",3.010084
result,"/home/delahayed/problems/TPTP-v9.2.1/Problems/SYN/SYN520+1.p","CounterSatisfiable","0.00 v6.2.0","Timeout",3.020507
result,"/home/delahayed/problems/TPTP-v9.2.1/Problems/SYN/SYN520-1.p","Satisfiable","0.00 v7.3.0","Timeout",3.011020
result,"/home/delahayed/problems/TPTP-v9.2.1/Problems/SYN/SYN521+1.p","CounterSatisfiable","0.00 v4.1.0","Timeout",3.008591
result,"/home/delahayed/problems/TPTP-v9.2.1/Problems/SYN/SYN521-1.p","Satisfiable","0.00 v2.2.1","Timeout",3.008445
result,"/home/delahayed/problems/TPTP-v9.2.1/Problems/SYN/SYN522+1.p","CounterSatisfiable","0.00 v4.1.0","Timeout",3.010233
result,"/home/delahayed/problems/TPTP-v9.2.1/Problems/SYN/SYN522-1.p","Satisfiable","0.00 v5.0.0","Timeout",3.008166
result,"/home/delahayed/problems/TPTP-v9.2.1/Problems/SYN/SYN523+1.p","CounterSatisfiable","0.00 v4.1.0","Timeout",3.009281
result,"/home/delahayed/problems/TPTP-v9.2.1/Problems/SYN/SYN523-1.p","Satisfiable","0.00 v2.1.0","Timeout",3.009134
result,"/home/delahayed/problems/TPTP-v9.2.1/Problems/SYN/SYN524+1.p","CounterSatisfiable","0.00 v4.1.0","Timeout",3.007757
result,"/home/delahayed/problems/TPTP-v9.2.1/Problems/SYN/SYN524-1.p","Satisfiable","0.00 v2.2.1","Timeout",3.008090
result,"/home/delahayed/problems/TPTP-v9.2.1/Problems/SYN/SYN525+1.p","CounterSatisfiable","0.00 v6.0.0","Timeout",3.007438
result,"/home/delahayed/problems/TPTP-v9.2.1/Problems/SYN/SYN525-1.p","Satisfiable","0.00 v2.2.1","Timeout",3.008442
result,"/home/delahayed/problems/TPTP-v9.2.1/Problems/SYN/SYN526+1.p","CounterSatisfiable","0.00 v4.1.0","Timeout",3.009596
result,"/home/delahayed/problems/TPTP-v9.2.1/Problems/SYN/SYN526-1.p","Satisfiable","0.00 v2.2.1","Timeout",3.007582
result,"/home/delahayed/problems/TPTP-v9.2.1/Problems/SYN/SYN527+1.p","CounterSatisfiable","0.00 v4.1.0","Timeout",3.007379
result,"/home/delahayed/problems/TPTP-v9.2.1/Problems/SYN/SYN527-1.p","Satisfiable","0.00 v2.1.0","Timeout",3.007408
result,"/home/delahayed/problems/TPTP-v9.2.1/Problems/SYN/SYN528+1.p","CounterSatisfiable","0.00 v4.1.0","Timeout",3.008138
result,"/home/delahayed/problems/TPTP-v9.2.1/Problems/SYN/SYN528-1.p","Satisfiable","0.00 v2.2.1","Timeout",3.008598
result,"/home/delahayed/problems/TPTP-v9.2.1/Problems/SYN/SYN529+1.p","CounterSatisfiable","0.00 v4.1.0","Timeout",3.008782
result,"/home/delahayed/problems/TPTP-v9.2.1/Problems/SYN/SYN529-1.p","Satisfiable","0.00 v2.2.1","Timeout",3.008238
result,"/home/delahayed/problems/TPTP-v9.2.1/Problems/SYN/SYN530+1.p","CounterSatisfiable","0.00 v4.1.0","Timeout",3.007635
result,"/home/delahayed/problems/TPTP-v9.2.1/Problems/SYN/SYN530-1.p","Satisfiable","0.00 v7.3.0","Timeout",3.008953
result,"/home/delahayed/problems/TPTP-v9.2.1/Problems/SYN/SYN531+1.p","CounterSatisfiable","0.00 v4.1.0","Timeout",3.008267
result,"/home/delahayed/problems/TPTP-v9.2.1/Problems/SYN/SYN531-1.p","Satisfiable","0.00 v2.2.0","Timeout",3.015552
result,"/home/delahayed/problems/TPTP-v9.2.1/Problems/SYN/SYN532+1.p","CounterSatisfiable","0.00 v5.5.0","Timeout",3.011646
result,"/home/delahayed/problems/TPTP-v9.2.1/Problems/SYN/SYN532-1.p","Satisfiable","0.00 v2.2.1","Timeout",3.007715
result,"/home/delahayed/problems/TPTP-v9.2.1/Problems/SYN/SYN533+1.p","CounterSatisfiable","0.00 v5.5.0","Timeout",3.007743
result,"/home/delahayed/problems/TPTP-v9.2.1/Problems/SYN/SYN533-1.p","Satisfiable","0.00 v2.2.1","Timeout",3.007370
result,"/home/delahayed/problems/TPTP-v9.2.1/Problems/SYN/SYN534+1.p","CounterSatisfiable","0.00 v4.1.0","Timeout",3.007673
result,"/home/delahayed/problems/TPTP-v9.2.1/Problems/SYN/SYN534-1.p","Satisfiable","0.00 v2.2.0","Timeout",3.007249
result,"/home/delahayed/problems/TPTP-v9.2.1/Problems/SYN/SYN535+1.p","CounterSatisfiable","0.00 v4.1.0","Timeout",3.007947
result,"/home/delahayed/problems/TPTP-v9.2.1/Problems/SYN/SYN535-1.p","Satisfiable","0.00 v2.2.1","Timeout",3.007717
result,"/home/delahayed/problems/TPTP-v9.2.1/Problems/SYN/SYN536+1.p","CounterSatisfiable","0.00 v4.1.0","Timeout",3.007697
result,"/home/delahayed/problems/TPTP-v9.2.1/Problems/SYN/SYN536-1.p","Satisfiable","0.00 v2.4.0","Timeout",3.007510
result,"/home/delahayed/problems/TPTP-v9.2.1/Problems/SYN/SYN537+1.p","CounterSatisfiable","0.00 v4.1.0","Timeout",3.014538
result,"/home/delahayed/problems/TPTP-v9.2.1/Problems/SYN/SYN537-1.p","Satisfiable","0.00 v2.2.1","Timeout",3.011030
result,"/home/delahayed/problems/TPTP-v9.2.1/Problems/SYN/SYN538+1.p","CounterSatisfiable","0.00 v4.1.0","Timeout",3.014761
result,"/home/delahayed/problems/TPTP-v9.2.1/Problems/SYN/SYN538-1.p","Satisfiable","0.00 v5.0.0","Timeout",3.007779
result,"/home/delahayed/problems/TPTP-v9.2.1/Problems/SYN/SYN539+1.p","CounterSatisfiable","0.00 v4.1.0","Timeout",3.010700
result,"/home/delahayed/problems/TPTP-v9.2.1/Problems/SYN/SYN539-1.p","Satisfiable","0.00 v3.1.0","Timeout",3.007863
result,"/home/delahayed/problems/TPTP-v9.2.1/Problems/SYN/SYN540+1.p","CounterSatisfiable","0.00 v5.5.0","Timeout",3.007896
result,"/home/delahayed/problems/TPTP-v9.2.1/Problems/SYN/SYN540-1.p","Satisfiable","0.00 v6.2.0","Timeout",3.014554
result,"/home/delahayed/problems/TPTP-v9.2.1/Problems/SYN/SYN541+1.p","CounterSatisfiable","0.00 v4.1.0","Timeout",3.012357
result,"/home/delahayed/problems/TPTP-v9.2.1/Problems/SYN/SYN541-1.p","Satisfiable","0.00 v3.2.0","Timeout",3.008800
result,"/home/delahayed/problems/TPTP-v9.2.1/Problems/SYN/SYN542+1.p","CounterSatisfiable","0.00 v5.5.0","Timeout",3.006685
result,"/home/delahayed/problems/TPTP-v9.2.1/Problems/SYN/SYN542-1.p","Satisfiable","0.00 v7.3.0","Timeout",3.008057
result,"/home/delahayed/problems/TPTP-v9.2.1/Problems/SYN/SYN543+1.p","CounterSatisfiable","0.00 v5.5.0","Timeout",3.008006
result,"/home/delahayed/problems/TPTP-v9.2.1/Problems/SYN/SYN543-1.p","Satisfiable","0.00 v7.3.0","Timeout",3.007846
result,"/home/delahayed/problems/TPTP-v9.2.1/Problems/SYN/SYN544+1.p","CounterSatisfiable","0.00 v6.0.0","Timeout",3.015235
result,"/home/delahayed/problems/TPTP-v9.2.1/Problems/SYN/SYN544-1.p","Satisfiable","0.00 v6.2.0","Timeout",3.009919
result,"/home/delahayed/problems/TPTP-v9.2.1/Problems/SYN/SYN545+1.p","CounterSatisfiable","0.00 v5.5.0","Timeout",3.013290
result,"/home/delahayed/problems/TPTP-v9.2.1/Problems/SYN/SYN545-1.p","Satisfiable","0.00 v7.3.0","Timeout",3.009592
result,"/home/delahayed/problems/TPTP-v9.2.1/Problems/SYN/SYN546+1.p","CounterSatisfiable","0.00 v5.5.0","Timeout",3.014594
result,"/home/delahayed/problems/TPTP-v9.2.1/Problems/SYN/SYN546-1.p","Satisfiable","0.00 v7.3.0","Timeout",3.010390
result,"/home/delahayed/problems/TPTP-v9.2.1/Problems/SYN/SYN547+1.p","CounterSatisfiable","0.00 v5.5.0","Timeout",3.017756
result,"/home/delahayed/problems/TPTP-v9.2.1/Problems/SYN/SYN547-1.p","Satisfiable","0.00 v7.3.0","Timeout",3.010176
result,"/home/delahayed/problems/TPTP-v9.2.1/Problems/SYN/SYN548+1.p","Theorem","0.25 v9.1.0","Timeout",3.008053
result,"/home/delahayed/problems/TPTP-v9.2.1/Problems/SYN/SYN549+1.p","Theorem","0.15 v9.1.0","Timeout",3.008394
result,"/home/delahayed/problems/TPTP-v9.2.1/Problems/SYN/SYN550+1.p","Theorem","0.15 v9.1.0","Timeout",3.007357
result,"/home/delahayed/problems/TPTP-v9.2.1/Problems/SYN/SYN551+1.p","Theorem","0.09 v9.1.0","Timeout",3.006444
result,"/home/delahayed/problems/TPTP-v9.2.1/Problems/SYN/SYN552-1.p","Satisfiable","0.00 v6.1.0","GaveUp",0.008012
result,"/home/delahayed/problems/TPTP-v9.2.1/Problems/SYN/SYN553-1.p","Unsatisfiable","0.06 v9.1.0","Unsatisfiable",0.012575
result,"/home/delahayed/problems/TPTP-v9.2.1/Problems/SYN/SYN554-1.p","Unsatisfiable","0.00 v2.5.0","Unsatisfiable",0.016787
result,"/home/delahayed/problems/TPTP-v9.2.1/Problems/SYN/SYN555-1.p","Unsatisfiable","0.00 v5.3.0","Unsatisfiable",0.010681
result,"/home/delahayed/problems/TPTP-v9.2.1/Problems/SYN/SYN556-1.p","Unsatisfiable","0.29 v9.1.0","Timeout",3.009633
result,"/home/delahayed/problems/TPTP-v9.2.1/Problems/SYN/SYN557-1.p","Unsatisfiable","0.06 v9.1.0","Timeout",3.013242
result,"/home/delahayed/problems/TPTP-v9.2.1/Problems/SYN/SYN558-1.p","Unsatisfiable","0.06 v9.1.0","Timeout",3.047703
result,"/home/delahayed/problems/TPTP-v9.2.1/Problems/SYN/SYN559-1.p","Unsatisfiable","0.06 v9.1.0","Timeout",3.009641
result,"/home/delahayed/problems/TPTP-v9.2.1/Problems/SYN/SYN560-1.p","Unsatisfiable","0.00 v9.1.0","Unsatisfiable",0.039006
result,"/home/delahayed/problems/TPTP-v9.2.1/Problems/SYN/SYN561-1.p","Unsatisfiable","0.06 v9.1.0","Timeout",3.009680
result,"/home/delahayed/problems/TPTP-v9.2.1/Problems/SYN/SYN562-1.p","Unsatisfiable","0.06 v9.1.0","Unsatisfiable",0.021965
result,"/home/delahayed/problems/TPTP-v9.2.1/Problems/SYN/SYN563-1.p","Unsatisfiable","0.06 v9.1.0","Timeout",3.013767
result,"/home/delahayed/problems/TPTP-v9.2.1/Problems/SYN/SYN564-1.p","Unsatisfiable","0.06 v9.1.0","Timeout",3.009025
result,"/home/delahayed/problems/TPTP-v9.2.1/Problems/SYN/SYN565-1.p","Unsatisfiable","0.06 v9.1.0","Timeout",3.008390
result,"/home/delahayed/problems/TPTP-v9.2.1/Problems/SYN/SYN566-1.p","Unsatisfiable","0.06 v9.1.0","Unsatisfiable",0.018778
result,"/home/delahayed/problems/TPTP-v9.2.1/Problems/SYN/SYN567-1.p","Unsatisfiable","0.00 v2.5.0","Unsatisfiable",0.007593
result,"/home/delahayed/problems/TPTP-v9.2.1/Problems/SYN/SYN568-1.p","Unsatisfiable","0.00 v2.6.0","Unsatisfiable",0.012674
result,"/home/delahayed/problems/TPTP-v9.2.1/Problems/SYN/SYN569-1.p","Unsatisfiable","0.06 v9.1.0","Unsatisfiable",0.768011
result,"/home/delahayed/problems/TPTP-v9.2.1/Problems/SYN/SYN570-1.p","Unsatisfiable","0.00 v5.4.0","Unsatisfiable",0.016123
result,"/home/delahayed/problems/TPTP-v9.2.1/Problems/SYN/SYN571-1.p","Unsatisfiable","0.08 v9.1.0","Timeout",3.011344
result,"/home/delahayed/problems/TPTP-v9.2.1/Problems/SYN/SYN572-1.p","Unsatisfiable","0.18 v9.1.0","Timeout",3.016227
result,"/home/delahayed/problems/TPTP-v9.2.1/Problems/SYN/SYN573-1.p","Unsatisfiable","0.00 v9.1.0","Unsatisfiable",0.013077
result,"/home/delahayed/problems/TPTP-v9.2.1/Problems/SYN/SYN574-1.p","Unsatisfiable","0.00 v6.3.0","Unsatisfiable",0.090239
result,"/home/delahayed/problems/TPTP-v9.2.1/Problems/SYN/SYN575-1.p","Unsatisfiable","0.00 v7.1.0","Unsatisfiable",0.137187
result,"/home/delahayed/problems/TPTP-v9.2.1/Problems/SYN/SYN576-1.p","Unsatisfiable","0.23 v9.1.0","Timeout",3.008812
result,"/home/delahayed/problems/TPTP-v9.2.1/Problems/SYN/SYN577-1.p","Unsatisfiable","0.18 v9.1.0","Timeout",3.007635
result,"/home/delahayed/problems/TPTP-v9.2.1/Problems/SYN/SYN578-1.p","Unsatisfiable","0.00 v7.1.0","Timeout",3.008127
result,"/home/delahayed/problems/TPTP-v9.2.1/Problems/SYN/SYN579-1.p","Unsatisfiable","0.00 v7.1.0","Timeout",3.009891
result,"/home/delahayed/problems/TPTP-v9.2.1/Problems/SYN/SYN580-1.p","Unsatisfiable","0.00 v6.3.0","Unsatisfiable",0.087601
result,"/home/delahayed/problems/TPTP-v9.2.1/Problems/SYN/SYN581-1.p","Unsatisfiable","0.00 v2.5.0","Unsatisfiable",0.058451
result,"/home/delahayed/problems/TPTP-v9.2.1/Problems/SYN/SYN582-1.p","Unsatisfiable","0.00 v2.5.0","Unsatisfiable",0.026787
result,"/home/delahayed/problems/TPTP-v9.2.1/Problems/SYN/SYN583-1.p","Unsatisfiable","0.00 v5.0.0","Unsatisfiable",0.034162
result,"/home/delahayed/problems/TPTP-v9.2.1/Problems/SYN/SYN584-1.p","Unsatisfiable","0.00 v6.1.0","Unsatisfiable",0.017195
result,"/home/delahayed/problems/TPTP-v9.2.1/Problems/SYN/SYN585-1.p","Unsatisfiable","0.08 v9.1.0","Timeout",3.011597
result,"/home/delahayed/problems/TPTP-v9.2.1/Problems/SYN/SYN586-1.p","Unsatisfiable","0.08 v9.1.0","Unsatisfiable",0.061103
result,"/home/delahayed/problems/TPTP-v9.2.1/Problems/SYN/SYN587-1.p","Unsatisfiable","0.00 v6.0.0","Unsatisfiable",0.034186
result,"/home/delahayed/problems/TPTP-v9.2.1/Problems/SYN/SYN588-1.p","Unsatisfiable","0.06 v9.1.0","Unsatisfiable",0.022051
result,"/home/delahayed/problems/TPTP-v9.2.1/Problems/SYN/SYN589-1.p","Unsatisfiable","0.06 v9.1.0","Unsatisfiable",0.022161
result,"/home/delahayed/problems/TPTP-v9.2.1/Problems/SYN/SYN590-1.p","Unsatisfiable","0.00 v5.3.0","Unsatisfiable",1.417867
result,"/home/delahayed/problems/TPTP-v9.2.1/Problems/SYN/SYN591-1.p","Unsatisfiable","0.00 v7.1.0","Unsatisfiable",1.527307
result,"/home/delahayed/problems/TPTP-v9.2.1/Problems/SYN/SYN592-1.p","Unsatisfiable","0.00 v7.1.0","Unsatisfiable",0.103396
result,"/home/delahayed/problems/TPTP-v9.2.1/Problems/SYN/SYN593-1.p","Unsatisfiable","0.00 v2.5.0","Unsatisfiable",0.028512
result,"/home/delahayed/problems/TPTP-v9.2.1/Problems/SYN/SYN594-1.p","Unsatisfiable","0.00 v2.5.0","Unsatisfiable",0.080554
result,"/home/delahayed/problems/TPTP-v9.2.1/Problems/SYN/SYN595-1.p","Unsatisfiable","0.00 v9.1.0","Unsatisfiable",0.033755
result,"/home/delahayed/problems/TPTP-v9.2.1/Problems/SYN/SYN596-1.p","Unsatisfiable","0.00 v5.3.0","Unsatisfiable",0.014553
result,"/home/delahayed/problems/TPTP-v9.2.1/Problems/SYN/SYN597-1.p","Unsatisfiable","0.41 v9.1.0","Unsatisfiable",0.020893
result,"/home/delahayed/problems/TPTP-v9.2.1/Problems/SYN/SYN598-1.p","Unsatisfiable","0.24 v9.1.0","Unsatisfiable",0.014510
result,"/home/delahayed/problems/TPTP-v9.2.1/Problems/SYN/SYN599-1.p","Unsatisfiable","0.29 v9.1.0","Unsatisfiable",0.024393
result,"/home/delahayed/problems/TPTP-v9.2.1/Problems/SYN/SYN600-1.p","Unsatisfiable","0.24 v9.1.0","Timeout",3.008618
result,"/home/delahayed/problems/TPTP-v9.2.1/Problems/SYN/SYN601-1.p","Unsatisfiable","0.24 v9.1.0","Unsatisfiable",0.024762
result,"/home/delahayed/problems/TPTP-v9.2.1/Problems/SYN/SYN602-1.p","Unsatisfiable","0.18 v9.1.0","Timeout",3.008373
result,"/home/delahayed/problems/TPTP-v9.2.1/Problems/SYN/SYN603-1.p","Unsatisfiable","0.18 v9.1.0","Timeout",3.008325
result,"/home/delahayed/problems/TPTP-v9.2.1/Problems/SYN/SYN604-1.p","Unsatisfiable","0.00 v9.1.0","Unsatisfiable",1.722798
result,"/home/delahayed/problems/TPTP-v9.2.1/Problems/SYN/SYN605-1.p","Unsatisfiable","0.00 v9.1.0","Unsatisfiable",0.028397
result,"/home/delahayed/problems/TPTP-v9.2.1/Problems/SYN/SYN606-1.p","Unsatisfiable","0.00 v9.1.0","Unsatisfiable",0.029968
result,"/home/delahayed/problems/TPTP-v9.2.1/Problems/SYN/SYN607-1.p","Unsatisfiable","0.00 v9.1.0","Unsatisfiable",0.030239
result,"/home/delahayed/problems/TPTP-v9.2.1/Problems/SYN/SYN608-1.p","Unsatisfiable","0.00 v9.1.0","Unsatisfiable",0.029076
result,"/home/delahayed/problems/TPTP-v9.2.1/Problems/SYN/SYN609-1.p","Unsatisfiable","0.08 v9.1.0","Unsatisfiable",0.039685
result,"/home/delahayed/problems/TPTP-v9.2.1/Problems/SYN/SYN610-1.p","Unsatisfiable","0.08 v9.1.0","Unsatisfiable",0.039252
result,"/home/delahayed/problems/TPTP-v9.2.1/Problems/SYN/SYN611-1.p","Unsatisfiable","0.08 v9.1.0","Unsatisfiable",0.038002
result,"/home/delahayed/problems/TPTP-v9.2.1/Problems/SYN/SYN612-1.p","Unsatisfiable","0.08 v9.1.0","Unsatisfiable",0.040091
result,"/home/delahayed/problems/TPTP-v9.2.1/Problems/SYN/SYN613-1.p","Unsatisfiable","0.00 v5.0.0","Unsatisfiable",0.080537
result,"/home/delahayed/problems/TPTP-v9.2.1/Problems/SYN/SYN614-1.p","Unsatisfiable","0.47 v9.0.0","Timeout",3.011219
result,"/home/delahayed/problems/TPTP-v9.2.1/Problems/SYN/SYN615-1.p","Unsatisfiable","0.71 v9.1.0","Timeout",3.009887
result,"/home/delahayed/problems/TPTP-v9.2.1/Problems/SYN/SYN616-1.p","Unsatisfiable","0.53 v9.1.0","Unsatisfiable",0.182939
result,"/home/delahayed/problems/TPTP-v9.2.1/Problems/SYN/SYN617-1.p","Unsatisfiable","0.59 v9.1.0","Unsatisfiable",0.171744
result,"/home/delahayed/problems/TPTP-v9.2.1/Problems/SYN/SYN618-1.p","Unsatisfiable","0.00 v5.3.0","Unsatisfiable",0.049487
result,"/home/delahayed/problems/TPTP-v9.2.1/Problems/SYN/SYN619-1.p","Unsatisfiable","0.08 v9.1.0","Unsatisfiable",0.093886
result,"/home/delahayed/problems/TPTP-v9.2.1/Problems/SYN/SYN620-1.p","Unsatisfiable","0.00 v6.3.0","Unsatisfiable",0.025019
result,"/home/delahayed/problems/TPTP-v9.2.1/Problems/SYN/SYN621-1.p","Unsatisfiable","0.08 v9.1.0","Unsatisfiable",0.022169
result,"/home/delahayed/problems/TPTP-v9.2.1/Problems/SYN/SYN622-1.p","Unsatisfiable","0.00 v9.1.0","Timeout",3.008792
result,"/home/delahayed/problems/TPTP-v9.2.1/Problems/SYN/SYN623-1.p","Unsatisfiable","0.00 v7.0.0","Unsatisfiable",0.181308
result,"/home/delahayed/problems/TPTP-v9.2.1/Problems/SYN/SYN624-1.p","Unsatisfiable","0.08 v9.1.0","Timeout",3.011709
result,"/home/delahayed/problems/TPTP-v9.2.1/Problems/SYN/SYN625-1.p","Unsatisfiable","0.00 v7.1.0","Unsatisfiable",0.154493
result,"/home/delahayed/problems/TPTP-v9.2.1/Problems/SYN/SYN626-1.p","Unsatisfiable","0.00 v2.5.0","Unsatisfiable",0.015825
result,"/home/delahayed/problems/TPTP-v9.2.1/Problems/SYN/SYN627-1.p","Unsatisfiable","0.00 v5.0.0","Timeout",3.007294
result,"/home/delahayed/problems/TPTP-v9.2.1/Problems/SYN/SYN628-1.p","Unsatisfiable","0.29 v9.1.0","Timeout",3.009169
result,"/home/delahayed/problems/TPTP-v9.2.1/Problems/SYN/SYN629-1.p","Unsatisfiable","0.47 v9.1.0","Timeout",3.009130
result,"/home/delahayed/problems/TPTP-v9.2.1/Problems/SYN/SYN630-1.p","Unsatisfiable","0.00 v4.0.0","Unsatisfiable",0.100280
result,"/home/delahayed/problems/TPTP-v9.2.1/Problems/SYN/SYN631-1.p","Unsatisfiable","0.24 v9.1.0","Timeout",3.008891
result,"/home/delahayed/problems/TPTP-v9.2.1/Problems/SYN/SYN632-1.p","Unsatisfiable","0.00 v5.3.0","Unsatisfiable",0.049408
result,"/home/delahayed/problems/TPTP-v9.2.1/Problems/SYN/SYN633-1.p","Unsatisfiable","0.08 v9.1.0","Unsatisfiable",0.087963
result,"/home/delahayed/problems/TPTP-v9.2.1/Problems/SYN/SYN634-1.p","Unsatisfiable","0.08 v9.1.0","Unsatisfiable",0.085274
result,"/home/delahayed/problems/TPTP-v9.2.1/Problems/SYN/SYN635-1.p","Unsatisfiable","0.08 v9.1.0","Unsatisfiable",0.084043
result,"/home/delahayed/problems/TPTP-v9.2.1/Problems/SYN/SYN636-1.p","Unsatisfiable","0.08 v9.1.0","Unsatisfiable",0.081973
result,"/home/delahayed/problems/TPTP-v9.2.1/Problems/SYN/SYN637-1.p","Unsatisfiable","0.00 v8.1.0","Unsatisfiable",0.032714
result,"/home/delahayed/problems/TPTP-v9.2.1/Problems/SYN/SYN638-1.p","Unsatisfiable","0.00 v8.1.0","Unsatisfiable",0.032541
result,"/home/delahayed/problems/TPTP-v9.2.1/Problems/SYN/SYN639-1.p","Unsatisfiable","0.24 v9.1.0","Timeout",3.010081
result,"/home/delahayed/problems/TPTP-v9.2.1/Problems/SYN/SYN640-1.p","Unsatisfiable","0.24 v9.1.0","Timeout",3.009961
result,"/home/delahayed/problems/TPTP-v9.2.1/Problems/SYN/SYN641-1.p","Unsatisfiable","0.00 v7.1.0","Unsatisfiable",0.654199
result,"/home/delahayed/problems/TPTP-v9.2.1/Problems/SYN/SYN642-1.p","Unsatisfiable","0.00 v7.1.0","Unsatisfiable",1.238427
result,"/home/delahayed/problems/TPTP-v9.2.1/Problems/SYN/SYN643-1.p","Unsatisfiable","0.00 v7.1.0","Unsatisfiable",0.357059
result,"/home/delahayed/problems/TPTP-v9.2.1/Problems/SYN/SYN644-1.p","Unsatisfiable","0.15 v9.1.0","Timeout",3.007850
result,"/home/delahayed/problems/TPTP-v9.2.1/Problems/SYN/SYN645-1.p","Unsatisfiable","0.15 v9.1.0","Timeout",3.008004
result,"/home/delahayed/problems/TPTP-v9.2.1/Problems/SYN/SYN646-1.p","Unsatisfiable","0.24 v9.1.0","Timeout",3.017485
result,"/home/delahayed/problems/TPTP-v9.2.1/Problems/SYN/SYN647-1.p","Unsatisfiable","0.24 v9.1.0","Timeout",3.012403
result,"/home/delahayed/problems/TPTP-v9.2.1/Problems/SYN/SYN648-1.p","Unsatisfiable","0.08 v9.1.0","Unsatisfiable",0.144782
result,"/home/delahayed/problems/TPTP-v9.2.1/Problems/SYN/SYN649-1.p","Unsatisfiable","0.06 v9.1.0","Unsatisfiable",0.301954
result,"/home/delahayed/problems/TPTP-v9.2.1/Problems/SYN/SYN650-1.p","Unsatisfiable","0.23 v9.1.0","Timeout",3.008319
result,"/home/delahayed/problems/TPTP-v9.2.1/Problems/SYN/SYN651-1.p","Unsatisfiable","0.00 v5.4.0","Unsatisfiable",0.057766
result,"/home/delahayed/problems/TPTP-v9.2.1/Problems/SYN/SYN652-1.p","Unsatisfiable","0.00 v5.4.0","Unsatisfiable",0.070698
result,"/home/delahayed/problems/TPTP-v9.2.1/Problems/SYN/SYN653-1.p","Unsatisfiable","0.12 v9.1.0","Timeout",3.006915
result,"/home/delahayed/problems/TPTP-v9.2.1/Problems/SYN/SYN654-1.p","Unsatisfiable","0.06 v9.1.0","Timeout",3.007090
result,"/home/delahayed/problems/TPTP-v9.2.1/Problems/SYN/SYN655-1.p","Unsatisfiable","0.06 v9.1.0","Timeout",3.007383
result,"/home/delahayed/problems/TPTP-v9.2.1/Problems/SYN/SYN656-1.p","Unsatisfiable","0.00 v7.1.0","Unsatisfiable",0.068206
result,"/home/delahayed/problems/TPTP-v9.2.1/Problems/SYN/SYN657-1.p","Unsatisfiable","0.08 v9.1.0","Unsatisfiable",0.075665
result,"/home/delahayed/problems/TPTP-v9.2.1/Problems/SYN/SYN658-1.p","Unsatisfiable","0.08 v9.1.0","Unsatisfiable",0.086706
result,"/home/delahayed/problems/TPTP-v9.2.1/Problems/SYN/SYN659-1.p","Unsatisfiable","0.00 v5.5.0","Unsatisfiable",0.042620
result,"/home/delahayed/problems/TPTP-v9.2.1/Problems/SYN/SYN660-1.p","Unsatisfiable","0.00 v7.1.0","Unsatisfiable",0.057526
result,"/home/delahayed/problems/TPTP-v9.2.1/Problems/SYN/SYN661-1.p","Unsatisfiable","0.00 v7.4.0","Unsatisfiable",0.092289
result,"/home/delahayed/problems/TPTP-v9.2.1/Problems/SYN/SYN662-1.p","Unsatisfiable","0.00 v7.1.0","Unsatisfiable",0.051146
result,"/home/delahayed/problems/TPTP-v9.2.1/Problems/SYN/SYN663-1.p","Unsatisfiable","0.00 v5.0.0","Unsatisfiable",0.084798
result,"/home/delahayed/problems/TPTP-v9.2.1/Problems/SYN/SYN664-1.p","Unsatisfiable","0.00 v7.1.0","Unsatisfiable",0.054468
result,"/home/delahayed/problems/TPTP-v9.2.1/Problems/SYN/SYN665-1.p","Unsatisfiable","0.00 v7.1.0","Unsatisfiable",0.089343
result,"/home/delahayed/problems/TPTP-v9.2.1/Problems/SYN/SYN666-1.p","Unsatisfiable","0.00 v2.5.0","Unsatisfiable",0.046085
result,"/home/delahayed/problems/TPTP-v9.2.1/Problems/SYN/SYN667-1.p","Unsatisfiable","0.00 v2.5.0","Unsatisfiable",0.076186
result,"/home/delahayed/problems/TPTP-v9.2.1/Problems/SYN/SYN668-1.p","Unsatisfiable","0.00 v2.5.0","Unsatisfiable",0.046286
result,"/home/delahayed/problems/TPTP-v9.2.1/Problems/SYN/SYN669-1.p","Unsatisfiable","0.00 v2.5.0","Unsatisfiable",0.076960
result,"/home/delahayed/problems/TPTP-v9.2.1/Problems/SYN/SYN670-1.p","Unsatisfiable","0.00 v2.5.0","Unsatisfiable",0.045849
result,"/home/delahayed/problems/TPTP-v9.2.1/Problems/SYN/SYN671-1.p","Unsatisfiable","0.00 v2.5.0","Unsatisfiable",0.072283
result,"/home/delahayed/problems/TPTP-v9.2.1/Problems/SYN/SYN672-1.p","Unsatisfiable","0.00 v5.2.0","Unsatisfiable",0.091697
result,"/home/delahayed/problems/TPTP-v9.2.1/Problems/SYN/SYN673-1.p","Unsatisfiable","0.08 v9.1.0","Timeout",3.016340
result,"/home/delahayed/problems/TPTP-v9.2.1/Problems/SYN/SYN674-1.p","Unsatisfiable","0.00 v5.0.0","Unsatisfiable",0.063258
result,"/home/delahayed/problems/TPTP-v9.2.1/Problems/SYN/SYN675-1.p","Unsatisfiable","0.00 v5.0.0","Unsatisfiable",0.099234
result,"/home/delahayed/problems/TPTP-v9.2.1/Problems/SYN/SYN676-1.p","Unsatisfiable","0.00 v5.0.0","Unsatisfiable",0.059039
result,"/home/delahayed/problems/TPTP-v9.2.1/Problems/SYN/SYN677-1.p","Unsatisfiable","0.08 v9.1.0","Unsatisfiable",0.095019
result,"/home/delahayed/problems/TPTP-v9.2.1/Problems/SYN/SYN678-1.p","Unsatisfiable","0.00 v5.0.0","Unsatisfiable",0.063750
result,"/home/delahayed/problems/TPTP-v9.2.1/Problems/SYN/SYN679-1.p","Unsatisfiable","0.00 v7.0.0","Unsatisfiable",0.096297
result,"/home/delahayed/problems/TPTP-v9.2.1/Problems/SYN/SYN680-1.p","Unsatisfiable","0.00 v5.0.0","Unsatisfiable",0.060893
result,"/home/delahayed/problems/TPTP-v9.2.1/Problems/SYN/SYN681-1.p","Unsatisfiable","0.00 v5.0.0","Unsatisfiable",0.099311
result,"/home/delahayed/problems/TPTP-v9.2.1/Problems/SYN/SYN682-1.p","Unsatisfiable","0.00 v5.0.0","Unsatisfiable",0.061592
result,"/home/delahayed/problems/TPTP-v9.2.1/Problems/SYN/SYN683-1.p","Unsatisfiable","0.00 v5.0.0","Unsatisfiable",0.102393
result,"/home/delahayed/problems/TPTP-v9.2.1/Problems/SYN/SYN684-1.p","Unsatisfiable","0.00 v5.0.0","Unsatisfiable",0.059953
result,"/home/delahayed/problems/TPTP-v9.2.1/Problems/SYN/SYN685-1.p","Unsatisfiable","0.08 v9.1.0","Unsatisfiable",0.094036
result,"/home/delahayed/problems/TPTP-v9.2.1/Problems/SYN/SYN686-1.p","Unsatisfiable","0.00 v5.4.0","Unsatisfiable",0.117519
result,"/home/delahayed/problems/TPTP-v9.2.1/Problems/SYN/SYN687-1.p","Unsatisfiable","0.08 v9.1.0","Timeout",3.041608
result,"/home/delahayed/problems/TPTP-v9.2.1/Problems/SYN/SYN688-1.p","Unsatisfiable","0.00 v8.1.0","Unsatisfiable",1.102262
result,"/home/delahayed/problems/TPTP-v9.2.1/Problems/SYN/SYN689-1.p","Unsatisfiable","0.00 v8.1.0","Unsatisfiable",1.093733
result,"/home/delahayed/problems/TPTP-v9.2.1/Problems/SYN/SYN690-1.p","Unsatisfiable","0.23 v9.1.0","Unsatisfiable",0.130060
result,"/home/delahayed/problems/TPTP-v9.2.1/Problems/SYN/SYN691-1.p","Unsatisfiable","0.00 v5.4.0","Timeout",3.010702
result,"/home/delahayed/problems/TPTP-v9.2.1/Problems/SYN/SYN692-1.p","Unsatisfiable","0.15 v9.1.0","Timeout",3.159446
result,"/home/delahayed/problems/TPTP-v9.2.1/Problems/SYN/SYN693-1.p","Unsatisfiable","0.08 v9.1.0","Timeout",3.011477
result,"/home/delahayed/problems/TPTP-v9.2.1/Problems/SYN/SYN694-1.p","Unsatisfiable","0.15 v9.1.0","Timeout",3.011016
result,"/home/delahayed/problems/TPTP-v9.2.1/Problems/SYN/SYN695-1.p","Unsatisfiable","0.15 v9.1.0","Timeout",3.009411
result,"/home/delahayed/problems/TPTP-v9.2.1/Problems/SYN/SYN696-1.p","Unsatisfiable","0.15 v9.1.0","Timeout",3.010021
result,"/home/delahayed/problems/TPTP-v9.2.1/Problems/SYN/SYN697-1.p","Unsatisfiable","0.08 v9.1.0","Timeout",3.010100
result,"/home/delahayed/problems/TPTP-v9.2.1/Problems/SYN/SYN698-1.p","Unsatisfiable","0.15 v9.1.0","Timeout",3.009271
result,"/home/delahayed/problems/TPTP-v9.2.1/Problems/SYN/SYN699-1.p","Unsatisfiable","0.15 v9.1.0","Timeout",3.009716
result,"/home/delahayed/problems/TPTP-v9.2.1/Problems/SYN/SYN700-1.p","Unsatisfiable","0.15 v9.1.0","Timeout",3.009457
result,"/home/delahayed/problems/TPTP-v9.2.1/Problems/SYN/SYN701-1.p","Unsatisfiable","0.08 v9.1.0","Timeout",3.011331
result,"/home/delahayed/problems/TPTP-v9.2.1/Problems/SYN/SYN702-1.p","Unsatisfiable","0.00 v8.1.0","Timeout",3.010579
result,"/home/delahayed/problems/TPTP-v9.2.1/Problems/SYN/SYN703-1.p","Unsatisfiable","0.00 v8.1.0","Timeout",3.011444
result,"/home/delahayed/problems/TPTP-v9.2.1/Problems/SYN/SYN704-1.p","Unsatisfiable","0.18 v9.1.0","Timeout",3.010613
result,"/home/delahayed/problems/TPTP-v9.2.1/Problems/SYN/SYN705-1.p","Unsatisfiable","0.00 v8.1.0","Timeout",3.009613
result,"/home/delahayed/problems/TPTP-v9.2.1/Problems/SYN/SYN706-1.p","Unsatisfiable","0.00 v8.1.0","Timeout",3.018363
result,"/home/delahayed/problems/TPTP-v9.2.1/Problems/SYN/SYN707-1.p","Unsatisfiable","0.24 v9.1.0","Unsatisfiable",1.439499
result,"/home/delahayed/problems/TPTP-v9.2.1/Problems/SYN/SYN708-1.p","Unsatisfiable","0.24 v9.1.0","Unsatisfiable",1.423445
result,"/home/delahayed/problems/TPTP-v9.2.1/Problems/SYN/SYN709-1.p","Unsatisfiable","0.00 v8.1.0","Unsatisfiable",0.177210
result,"/home/delahayed/problems/TPTP-v9.2.1/Problems/SYN/SYN710-1.p","Unsatisfiable","0.00 v6.3.0","Unsatisfiable",0.095281
result,"/home/delahayed/problems/TPTP-v9.2.1/Problems/SYN/SYN711-1.p","Unsatisfiable","0.29 v9.1.0","Unsatisfiable",0.063789
result,"/home/delahayed/problems/TPTP-v9.2.1/Problems/SYN/SYN712-1.p","Unsatisfiable","0.00 v8.1.0","Timeout",3.014738
result,"/home/delahayed/problems/TPTP-v9.2.1/Problems/SYN/SYN713-1.p","Unsatisfiable","0.00 v7.1.0","Unsatisfiable",0.093646
result,"/home/delahayed/problems/TPTP-v9.2.1/Problems/SYN/SYN714-1.p","Unsatisfiable","0.00 v5.5.0","Unsatisfiable",0.325604
result,"/home/delahayed/problems/TPTP-v9.2.1/Problems/SYN/SYN715-1.p","Unsatisfiable","0.00 v5.4.0","Unsatisfiable",0.280769
result,"/home/delahayed/problems/TPTP-v9.2.1/Problems/SYN/SYN716-1.p","Unsatisfiable","0.00 v8.1.0","Timeout",3.012444
result,"/home/delahayed/problems/TPTP-v9.2.1/Problems/SYN/SYN717-1.p","Unsatisfiable","0.00 v7.4.0","Unsatisfiable",0.118909
result,"/home/delahayed/problems/TPTP-v9.2.1/Problems/SYN/SYN718-1.p","Unsatisfiable","0.31 v9.1.0","Unsatisfiable",0.847016
result,"/home/delahayed/problems/TPTP-v9.2.1/Problems/SYN/SYN719-1.p","Unsatisfiable","0.06 v9.1.0","Unsatisfiable",0.134619
result,"/home/delahayed/problems/TPTP-v9.2.1/Problems/SYN/SYN720-1.p","Satisfiable","0.00 v3.2.0","Timeout",3.010478
result,"/home/delahayed/problems/TPTP-v9.2.1/Problems/SYN/SYN721+1.p","Theorem","0.00 v2.5.0","Unsatisfiable",0.007859
result,"/home/delahayed/problems/TPTP-v9.2.1/Problems/SYN/SYN721-1.p","Unsatisfiable","0.00 v2.5.0","Unsatisfiable",0.007443
result,"/home/delahayed/problems/TPTP-v9.2.1/Problems/SYN/SYN722+1.p","Theorem","0.00 v5.5.0","Unsatisfiable",0.015036
result,"/home/delahayed/problems/TPTP-v9.2.1/Problems/SYN/SYN723+1.p","Theorem","0.20 v9.0.0","Error",7.023096
result,"/home/delahayed/problems/TPTP-v9.2.1/Problems/SYN/SYN724+1.p","Theorem","0.00 v4.0.1","Unsatisfiable",0.020212
result,"/home/delahayed/problems/TPTP-v9.2.1/Problems/SYN/SYN724-1.p","Unsatisfiable","0.00 v2.5.0","Unsatisfiable",0.006733
result,"/home/delahayed/problems/TPTP-v9.2.1/Problems/SYN/SYN725+1.p","CounterSatisfiable","0.00 v4.1.0","GaveUp",0.005506
result,"/home/delahayed/problems/TPTP-v9.2.1/Problems/SYN/SYN726+1.p","Theorem","0.00 v5.3.0","Unsatisfiable",0.484369
result,"/home/delahayed/problems/TPTP-v9.2.1/Problems/SYN/SYN726-1.p","Unsatisfiable","0.00 v2.5.0","Unsatisfiable",0.490707
result,"/home/delahayed/problems/TPTP-v9.2.1/Problems/SYN/SYN727+1.p","Theorem","0.00 v6.3.0","Unsatisfiable",0.007239
result,"/home/delahayed/problems/TPTP-v9.2.1/Problems/SYN/SYN727-1.p","Unsatisfiable","0.00 v5.4.0","Unsatisfiable",0.005188
result,"/home/delahayed/problems/TPTP-v9.2.1/Problems/SYN/SYN728+1.p","Theorem","0.00 v9.1.0","Unsatisfiable",0.007506
result,"/home/delahayed/problems/TPTP-v9.2.1/Problems/SYN/SYN728-1.p","Unsatisfiable","0.00 v7.1.0","Unsatisfiable",0.009936
result,"/home/delahayed/problems/TPTP-v9.2.1/Problems/SYN/SYN729+1.p","Theorem","0.00 v9.1.0","Unsatisfiable",0.008944
result,"/home/delahayed/problems/TPTP-v9.2.1/Problems/SYN/SYN729-1.p","Unsatisfiable","0.00 v5.3.0","Unsatisfiable",0.007654
result,"/home/delahayed/problems/TPTP-v9.2.1/Problems/SYN/SYN730+1.p","Theorem","0.00 v9.1.0","Unsatisfiable",0.005564
result,"/home/delahayed/problems/TPTP-v9.2.1/Problems/SYN/SYN731+1.p","Theorem","0.00 v9.1.0","Unsatisfiable",0.005758
result,"/home/delahayed/problems/TPTP-v9.2.1/Problems/SYN/SYN731-1.p","Unsatisfiable","0.00 v5.3.0","Unsatisfiable",0.006337
result,"/home/delahayed/problems/TPTP-v9.2.1/Problems/SYN/SYN732+1.p","Theorem","0.00 v9.1.0","Unsatisfiable",0.005735
result,"/home/delahayed/problems/TPTP-v9.2.1/Problems/SYN/SYN733+1.p","Theorem","0.05 v9.1.0","Unsatisfiable",0.006093
result,"/home/delahayed/problems/TPTP-v9.2.1/Problems/SYN/SYN734-1.p","Satisfiable","0.00 v5.4.0","Timeout",3.009667
result,"/home/delahayed/problems/TPTP-v9.2.1/Problems/SYN/SYN735-1.p","Satisfiable","0.00 v3.1.0","Timeout",3.020078
result,"/home/delahayed/problems/TPTP-v9.2.1/Problems/SYN/SYN736-1.p","Satisfiable","0.00 v5.5.0","Timeout",3.007760
result,"/home/delahayed/problems/TPTP-v9.2.1/Problems/SYN/SYN737-1.p","Satisfiable","0.00 v5.5.0","Timeout",3.014427
result,"/home/delahayed/problems/TPTP-v9.2.1/Problems/SYN/SYN738-1.p","Satisfiable","0.00 v3.1.0","Timeout",3.007472
result,"/home/delahayed/problems/TPTP-v9.2.1/Problems/SYN/SYN739-1.p","Satisfiable","0.00 v5.4.0","Timeout",3.007707
result,"/home/delahayed/problems/TPTP-v9.2.1/Problems/SYN/SYN740-1.p","Satisfiable","0.00 v3.1.0","Timeout",3.024634
result,"/home/delahayed/problems/TPTP-v9.2.1/Problems/SYN/SYN741-1.p","Satisfiable","0.00 v5.4.0","Timeout",3.018504
result,"/home/delahayed/problems/TPTP-v9.2.1/Problems/SYN/SYN742-1.p","Satisfiable","0.00 v5.4.0","Timeout",3.014295
result,"/home/delahayed/problems/TPTP-v9.2.1/Problems/SYN/SYN743-1.p","Satisfiable","0.00 v3.5.0","Timeout",3.012058
result,"/home/delahayed/problems/TPTP-v9.2.1/Problems/SYN/SYN744-1.p","Satisfiable","0.00 v3.1.0","Timeout",3.008684
result,"/home/delahayed/problems/TPTP-v9.2.1/Problems/SYN/SYN745-1.p","Satisfiable","0.00 v5.5.0","Timeout",3.007893
result,"/home/delahayed/problems/TPTP-v9.2.1/Problems/SYN/SYN746-1.p","Satisfiable","0.00 v5.5.0","Timeout",3.008200
result,"/home/delahayed/problems/TPTP-v9.2.1/Problems/SYN/SYN747-1.p","Satisfiable","0.00 v5.5.0","Timeout",3.015783
result,"/home/delahayed/problems/TPTP-v9.2.1/Problems/SYN/SYN748-1.p","Satisfiable","0.00 v5.4.0","Timeout",3.008602
result,"/home/delahayed/problems/TPTP-v9.2.1/Problems/SYN/SYN749-1.p","Satisfiable","0.00 v5.4.0","Timeout",3.015722
result,"/home/delahayed/problems/TPTP-v9.2.1/Problems/SYN/SYN750-1.p","Satisfiable","0.00 v5.5.0","Timeout",3.013848
result,"/home/delahayed/problems/TPTP-v9.2.1/Problems/SYN/SYN751-1.p","Satisfiable","0.00 v5.5.0","Timeout",3.009040
result,"/home/delahayed/problems/TPTP-v9.2.1/Problems/SYN/SYN752-1.p","Satisfiable","0.00 v5.4.0","Timeout",3.020910
result,"/home/delahayed/problems/TPTP-v9.2.1/Problems/SYN/SYN753-1.p","Satisfiable","0.00 v5.5.0","Timeout",3.008455
result,"/home/delahayed/problems/TPTP-v9.2.1/Problems/SYN/SYN754-1.p","Satisfiable","0.00 v5.5.0","Timeout",3.009834
result,"/home/delahayed/problems/TPTP-v9.2.1/Problems/SYN/SYN755-1.p","Unsatisfiable","0.15 v9.1.0","Timeout",3.009428
result,"/home/delahayed/problems/TPTP-v9.2.1/Problems/SYN/SYN756-1.p","Satisfiable","0.00 v3.1.0","Timeout",3.011114
result,"/home/delahayed/problems/TPTP-v9.2.1/Problems/SYN/SYN757-1.p","Satisfiable","0.00 v5.4.0","Timeout",3.017371
result,"/home/delahayed/problems/TPTP-v9.2.1/Problems/SYN/SYN758-1.p","Unsatisfiable","0.31 v9.1.0","Timeout",3.008122
result,"/home/delahayed/problems/TPTP-v9.2.1/Problems/SYN/SYN759-1.p","Unsatisfiable","0.23 v9.1.0","Timeout",3.007791
result,"/home/delahayed/problems/TPTP-v9.2.1/Problems/SYN/SYN760-1.p","Satisfiable","0.00 v5.4.0","Timeout",3.008082
result,"/home/delahayed/problems/TPTP-v9.2.1/Problems/SYN/SYN761-1.p","Satisfiable","0.00 v5.5.0","Timeout",3.007078
result,"/home/delahayed/problems/TPTP-v9.2.1/Problems/SYN/SYN762-1.p","Unsatisfiable","0.31 v9.1.0","Timeout",3.007313
result,"/home/delahayed/problems/TPTP-v9.2.1/Problems/SYN/SYN763-1.p","Satisfiable","0.00 v5.4.0","Timeout",3.010796
result,"/home/delahayed/problems/TPTP-v9.2.1/Problems/SYN/SYN764-1.p","Satisfiable","0.00 v5.5.0","Timeout",3.014332
result,"/home/delahayed/problems/TPTP-v9.2.1/Problems/SYN/SYN765-1.p","Satisfiable","0.00 v5.5.0","Timeout",3.007325
result,"/home/delahayed/problems/TPTP-v9.2.1/Problems/SYN/SYN766-1.p","Satisfiable","0.00 v5.5.0","Timeout",3.008844
result,"/home/delahayed/problems/TPTP-v9.2.1/Problems/SYN/SYN767-1.p","Satisfiable","0.00 v5.5.0","Timeout",3.009862
result,"/home/delahayed/problems/TPTP-v9.2.1/Problems/SYN/SYN768-1.p","Satisfiable","0.00 v5.5.0","Timeout",3.015560
result,"/home/delahayed/problems/TPTP-v9.2.1/Problems/SYN/SYN769-1.p","Satisfiable","0.00 v5.4.0","Timeout",3.014592
result,"/home/delahayed/problems/TPTP-v9.2.1/Problems/SYN/SYN770-1.p","Satisfiable","0.00 v5.5.0","Timeout",3.008495
result,"/home/delahayed/problems/TPTP-v9.2.1/Problems/SYN/SYN771-1.p","Satisfiable","0.00 v5.5.0","Timeout",3.006737
result,"/home/delahayed/problems/TPTP-v9.2.1/Problems/SYN/SYN772-1.p","Satisfiable","0.00 v3.1.0","Timeout",3.008355
result,"/home/delahayed/problems/TPTP-v9.2.1/Problems/SYN/SYN773-1.p","Satisfiable","0.00 v5.4.0","Timeout",3.007722
result,"/home/delahayed/problems/TPTP-v9.2.1/Problems/SYN/SYN774-1.p","Satisfiable","0.00 v5.4.0","Timeout",3.008985
result,"/home/delahayed/problems/TPTP-v9.2.1/Problems/SYN/SYN775-1.p","Satisfiable","0.00 v5.5.0","Timeout",3.019150
result,"/home/delahayed/problems/TPTP-v9.2.1/Problems/SYN/SYN776-1.p","Satisfiable","0.00 v5.5.0","Timeout",3.007571
result,"/home/delahayed/problems/TPTP-v9.2.1/Problems/SYN/SYN777-1.p","Satisfiable","0.00 v5.5.0","Timeout",3.020848
result,"/home/delahayed/problems/TPTP-v9.2.1/Problems/SYN/SYN778-1.p","Satisfiable","0.00 v5.5.0","Timeout",3.007418
result,"/home/delahayed/problems/TPTP-v9.2.1/Problems/SYN/SYN779-1.p","Satisfiable","0.00 v5.5.0","Timeout",3.013036
result,"/home/delahayed/problems/TPTP-v9.2.1/Problems/SYN/SYN780-1.p","Satisfiable","0.00 v5.4.0","Timeout",3.007602
result,"/home/delahayed/problems/TPTP-v9.2.1/Problems/SYN/SYN781-1.p","Satisfiable","0.00 v5.4.0","Timeout",3.007346
result,"/home/delahayed/problems/TPTP-v9.2.1/Problems/SYN/SYN782-1.p","Satisfiable","0.00 v5.5.0","Timeout",3.019097
result,"/home/delahayed/problems/TPTP-v9.2.1/Problems/SYN/SYN783-1.p","Satisfiable","0.00 v5.5.0","Timeout",3.020613
result,"/home/delahayed/problems/TPTP-v9.2.1/Problems/SYN/SYN784-1.p","Unsatisfiable","0.15 v9.1.0","Timeout",3.006711
result,"/home/delahayed/problems/TPTP-v9.2.1/Problems/SYN/SYN785-1.p","Satisfiable","0.00 v5.4.0","Timeout",3.007864
result,"/home/delahayed/problems/TPTP-v9.2.1/Problems/SYN/SYN786-1.p","Satisfiable","0.00 v5.4.0","Timeout",3.007905
result,"/home/delahayed/problems/TPTP-v9.2.1/Problems/SYN/SYN787-1.p","Satisfiable","0.00 v5.5.0","Timeout",3.008104
result,"/home/delahayed/problems/TPTP-v9.2.1/Problems/SYN/SYN788-1.p","Satisfiable","0.00 v8.1.0","Timeout",3.023105
result,"/home/delahayed/problems/TPTP-v9.2.1/Problems/SYN/SYN789-1.p","Satisfiable","0.00 v8.1.0","Timeout",3.019343
result,"/home/delahayed/problems/TPTP-v9.2.1/Problems/SYN/SYN790-1.p","Satisfiable","0.00 v5.5.0","Timeout",3.007865
result,"/home/delahayed/problems/TPTP-v9.2.1/Problems/SYN/SYN791-1.p","Satisfiable","0.00 v5.5.0","Timeout",3.008439
result,"/home/delahayed/problems/TPTP-v9.2.1/Problems/SYN/SYN792-1.p","Satisfiable","0.00 v5.5.0","Timeout",3.007579
result,"/home/delahayed/problems/TPTP-v9.2.1/Problems/SYN/SYN793-1.p","Satisfiable","0.00 v5.5.0","Timeout",3.010747
result,"/home/delahayed/problems/TPTP-v9.2.1/Problems/SYN/SYN794-1.p","Satisfiable","0.00 v5.4.0","Timeout",3.019333
result,"/home/delahayed/problems/TPTP-v9.2.1/Problems/SYN/SYN795-1.p","Satisfiable","0.00 v5.5.0","Timeout",3.008082
result,"/home/delahayed/problems/TPTP-v9.2.1/Problems/SYN/SYN796-1.p","Unsatisfiable","0.15 v9.1.0","Timeout",3.023787
result,"/home/delahayed/problems/TPTP-v9.2.1/Problems/SYN/SYN797-1.p","Satisfiable","0.00 v5.5.0","Timeout",3.007361
result,"/home/delahayed/problems/TPTP-v9.2.1/Problems/SYN/SYN798-1.p","Satisfiable","0.00 v5.4.0","Timeout",3.007181
result,"/home/delahayed/problems/TPTP-v9.2.1/Problems/SYN/SYN799-1.p","Satisfiable","0.00 v5.5.0","Timeout",3.007198
result,"/home/delahayed/problems/TPTP-v9.2.1/Problems/SYN/SYN800-1.p","Satisfiable","0.00 v5.5.0","Timeout",3.008763
result,"/home/delahayed/problems/TPTP-v9.2.1/Problems/SYN/SYN801-1.p","Satisfiable","0.00 v5.5.0","Timeout",3.008512
result,"/home/delahayed/problems/TPTP-v9.2.1/Problems/SYN/SYN802-1.p","Unsatisfiable","0.46 v9.1.0","Timeout",3.018491
result,"/home/delahayed/problems/TPTP-v9.2.1/Problems/SYN/SYN803-1.p","Satisfiable","0.00 v5.5.0","Timeout",3.011675
result,"/home/delahayed/problems/TPTP-v9.2.1/Problems/SYN/SYN804-1.p","Satisfiable","0.00 v5.5.0","Timeout",3.007471
result,"/home/delahayed/problems/TPTP-v9.2.1/Problems/SYN/SYN805-1.p","Satisfiable","0.00 v5.5.0","Timeout",3.009766
result,"/home/delahayed/problems/TPTP-v9.2.1/Problems/SYN/SYN806-1.p","Satisfiable","0.00 v5.5.0","Timeout",3.017691
result,"/home/delahayed/problems/TPTP-v9.2.1/Problems/SYN/SYN807-1.p","Satisfiable","0.00 v5.5.0","Timeout",3.007105
result,"/home/delahayed/problems/TPTP-v9.2.1/Problems/SYN/SYN808-1.p","Satisfiable","0.00 v5.5.0","Timeout",3.009143
result,"/home/delahayed/problems/TPTP-v9.2.1/Problems/SYN/SYN809-1.p","Satisfiable","0.00 v5.5.0","Timeout",3.011469
result,"/home/delahayed/problems/TPTP-v9.2.1/Problems/SYN/SYN810-1.p","Satisfiable","0.00 v5.5.0","Timeout",3.011159
result,"/home/delahayed/problems/TPTP-v9.2.1/Problems/SYN/SYN811-1.p","Satisfiable","0.00 v7.3.0","Timeout",3.092717
result,"/home/delahayed/problems/TPTP-v9.2.1/Problems/SYN/SYN812-1.p","Satisfiable","0.00 v7.3.0","Timeout",3.864828
result,"/home/delahayed/problems/TPTP-v9.2.1/Problems/SYN/SYN813-1.p","Unsatisfiable","0.12 v9.1.0","Timeout",3.042267
result,"/home/delahayed/problems/TPTP-v9.2.1/Problems/SYN/SYN814-1.p","Satisfiable","0.00 v7.3.0","Timeout",3.117311
result,"/home/delahayed/problems/TPTP-v9.2.1/Problems/SYN/SYN815-1.p","Satisfiable","0.00 v7.3.0","Timeout",3.350632
result,"/home/delahayed/problems/TPTP-v9.2.1/Problems/SYN/SYN816-1.p","Satisfiable","0.00 v7.3.0","Timeout",3.347071
result,"/home/delahayed/problems/TPTP-v9.2.1/Problems/SYN/SYN817-1.p","Satisfiable","0.00 v7.3.0","Timeout",3.381392
result,"/home/delahayed/problems/TPTP-v9.2.1/Problems/SYN/SYN818-1.p","Satisfiable","0.00 v7.3.0","Timeout",4.179557
result,"/home/delahayed/problems/TPTP-v9.2.1/Problems/SYN/SYN819-1.p","Unsatisfiable","0.12 v9.1.0","Timeout",3.044440
result,"/home/delahayed/problems/TPTP-v9.2.1/Problems/SYN/SYN820-1.p","Unsatisfiable","0.12 v9.1.0","Timeout",3.043184
result,"/home/delahayed/problems/TPTP-v9.2.1/Problems/SYN/SYN821-1.p","Satisfiable","0.00 v7.3.0","Timeout",3.404484
result,"/home/delahayed/problems/TPTP-v9.2.1/Problems/SYN/SYN822-1.p","Satisfiable","0.00 v7.3.0","Timeout",3.429606
result,"/home/delahayed/problems/TPTP-v9.2.1/Problems/SYN/SYN823-1.p","Satisfiable","0.00 v7.3.0","Timeout",3.037540
result,"/home/delahayed/problems/TPTP-v9.2.1/Problems/SYN/SYN824-1.p","Satisfiable","0.00 v7.3.0","Timeout",3.234154
result,"/home/delahayed/problems/TPTP-v9.2.1/Problems/SYN/SYN825-1.p","Satisfiable","0.00 v7.3.0","Timeout",3.909758
result,"/home/delahayed/problems/TPTP-v9.2.1/Problems/SYN/SYN826-1.p","Satisfiable","0.00 v7.3.0","Timeout",3.859086
result,"/home/delahayed/problems/TPTP-v9.2.1/Problems/SYN/SYN827-1.p","Satisfiable","0.00 v7.3.0","Timeout",3.039557
result,"/home/delahayed/problems/TPTP-v9.2.1/Problems/SYN/SYN828-1.p","Satisfiable","0.00 v7.3.0","Timeout",3.333573
result,"/home/delahayed/problems/TPTP-v9.2.1/Problems/SYN/SYN829-1.p","Satisfiable","0.00 v7.3.0","Timeout",4.132092
result,"/home/delahayed/problems/TPTP-v9.2.1/Problems/SYN/SYN830-1.p","Satisfiable","0.00 v7.3.0","Timeout",4.216894
result,"/home/delahayed/problems/TPTP-v9.2.1/Problems/SYN/SYN831-1.p","Satisfiable","0.00 v7.3.0","Timeout",4.196549
result,"/home/delahayed/problems/TPTP-v9.2.1/Problems/SYN/SYN832-1.p","Satisfiable","0.00 v7.3.0","Timeout",4.062599
result,"/home/delahayed/problems/TPTP-v9.2.1/Problems/SYN/SYN833-1.p","Unsatisfiable","0.12 v9.1.0","Timeout",3.046870
result,"/home/delahayed/problems/TPTP-v9.2.1/Problems/SYN/SYN834-1.p","Unsatisfiable","0.12 v9.1.0","Timeout",3.042933
result,"/home/delahayed/problems/TPTP-v9.2.1/Problems/SYN/SYN835-1.p","Satisfiable","0.00 v7.3.0","Timeout",3.048813
result,"/home/delahayed/problems/TPTP-v9.2.1/Problems/SYN/SYN836-1.p","Unsatisfiable","0.12 v9.1.0","Timeout",3.047216
result,"/home/delahayed/problems/TPTP-v9.2.1/Problems/SYN/SYN837-1.p","Unsatisfiable","0.25 v9.1.0","Timeout",3.116455
result,"/home/delahayed/problems/TPTP-v9.2.1/Problems/SYN/SYN838-1.p","Satisfiable","0.00 v7.3.0","Timeout",3.395853
result,"/home/delahayed/problems/TPTP-v9.2.1/Problems/SYN/SYN839-1.p","Satisfiable","0.00 v7.3.0","Timeout",4.271044
result,"/home/delahayed/problems/TPTP-v9.2.1/Problems/SYN/SYN840-1.p","Satisfiable","0.00 v7.3.0","Timeout",4.261272
result,"/home/delahayed/problems/TPTP-v9.2.1/Problems/SYN/SYN841-1.p","Satisfiable","0.00 v7.3.0","Timeout",4.281499
result,"/home/delahayed/problems/TPTP-v9.2.1/Problems/SYN/SYN842-1.p","Satisfiable","0.00 v7.3.0","Timeout",4.409396
result,"/home/delahayed/problems/TPTP-v9.2.1/Problems/SYN/SYN843-1.p","Unsatisfiable","0.12 v9.1.0","Timeout",3.044976
result,"/home/delahayed/problems/TPTP-v9.2.1/Problems/SYN/SYN844-1.p","Unsatisfiable","0.12 v9.1.0","Timeout",3.046404
result,"/home/delahayed/problems/TPTP-v9.2.1/Problems/SYN/SYN845-1.p","Unsatisfiable","0.12 v9.1.0","Timeout",3.043301
result,"/home/delahayed/problems/TPTP-v9.2.1/Problems/SYN/SYN846-1.p","Unsatisfiable","0.25 v9.1.0","Timeout",3.118991
result,"/home/delahayed/problems/TPTP-v9.2.1/Problems/SYN/SYN847-1.p","Unsatisfiable","0.12 v9.1.0","Timeout",3.116978
result,"/home/delahayed/problems/TPTP-v9.2.1/Problems/SYN/SYN848-1.p","Unsatisfiable","0.12 v9.1.0","Timeout",3.123755
result,"/home/delahayed/problems/TPTP-v9.2.1/Problems/SYN/SYN849-1.p","Unsatisfiable","0.12 v9.1.0","Timeout",3.119993
result,"/home/delahayed/problems/TPTP-v9.2.1/Problems/SYN/SYN850-1.p","Unsatisfiable","0.25 v9.1.0","Timeout",3.413277
result,"/home/delahayed/problems/TPTP-v9.2.1/Problems/SYN/SYN851-1.p","Satisfiable","0.00 v7.3.0","Timeout",3.418994
result,"/home/delahayed/problems/TPTP-v9.2.1/Problems/SYN/SYN852-1.p","Satisfiable","0.00 v7.3.0","Timeout",4.436080
result,"/home/delahayed/problems/TPTP-v9.2.1/Problems/SYN/SYN853-1.p","Satisfiable","0.00 v7.3.0","Timeout",4.420296
result,"/home/delahayed/problems/TPTP-v9.2.1/Problems/SYN/SYN854-1.p","Satisfiable","0.00 v7.3.0","Timeout",4.416022
result,"/home/delahayed/problems/TPTP-v9.2.1/Problems/SYN/SYN855-1.p","Satisfiable","0.00 v7.3.0","Timeout",4.365214
result,"/home/delahayed/problems/TPTP-v9.2.1/Problems/SYN/SYN856-1.p","Unsatisfiable","0.12 v9.1.0","Timeout",3.045964
result,"/home/delahayed/problems/TPTP-v9.2.1/Problems/SYN/SYN857-1.p","Unsatisfiable","0.12 v9.1.0","Timeout",3.049740
result,"/home/delahayed/problems/TPTP-v9.2.1/Problems/SYN/SYN858-1.p","Unsatisfiable","0.12 v9.1.0","Timeout",3.127615
result,"/home/delahayed/problems/TPTP-v9.2.1/Problems/SYN/SYN859-1.p","Unsatisfiable","0.12 v9.1.0","Timeout",3.130196
result,"/home/delahayed/problems/TPTP-v9.2.1/Problems/SYN/SYN860-1.p","Unsatisfiable","0.12 v9.1.0","Timeout",3.129951
result,"/home/delahayed/problems/TPTP-v9.2.1/Problems/SYN/SYN861-1.p","Unsatisfiable","0.25 v9.1.0","Timeout",3.425756
result,"/home/delahayed/problems/TPTP-v9.2.1/Problems/SYN/SYN862-1.p","Unsatisfiable","0.25 v9.1.0","Timeout",3.423970
result,"/home/delahayed/problems/TPTP-v9.2.1/Problems/SYN/SYN863-1.p","Satisfiable","0.00 v7.3.0","Timeout",3.398098
result,"/home/delahayed/problems/TPTP-v9.2.1/Problems/SYN/SYN864-1.p","Satisfiable","0.00 v7.3.0","Timeout",3.416150
result,"/home/delahayed/problems/TPTP-v9.2.1/Problems/SYN/SYN865-1.p","Unsatisfiable","0.25 v9.1.0","Timeout",3.430405
result,"/home/delahayed/problems/TPTP-v9.2.1/Problems/SYN/SYN866-1.p","Unsatisfiable","0.25 v9.1.0","Timeout",3.407593
result,"/home/delahayed/problems/TPTP-v9.2.1/Problems/SYN/SYN867-1.p","Satisfiable","0.00 v7.3.0","Timeout",3.012272
result,"/home/delahayed/problems/TPTP-v9.2.1/Problems/SYN/SYN868-1.p","Satisfiable","0.00 v7.3.0","Timeout",3.016841
result,"/home/delahayed/problems/TPTP-v9.2.1/Problems/SYN/SYN869-1.p","Unsatisfiable","0.12 v9.1.0","Timeout",3.015587
result,"/home/delahayed/problems/TPTP-v9.2.1/Problems/SYN/SYN870-1.p","Satisfiable","0.00 v7.3.0","Timeout",3.011097
result,"/home/delahayed/problems/TPTP-v9.2.1/Problems/SYN/SYN871-1.p","Unsatisfiable","0.12 v9.1.0","Timeout",3.010238
result,"/home/delahayed/problems/TPTP-v9.2.1/Problems/SYN/SYN872-1.p","Satisfiable","0.00 v7.3.0","Timeout",3.045899
result,"/home/delahayed/problems/TPTP-v9.2.1/Problems/SYN/SYN873-1.p","Unsatisfiable","0.12 v9.1.0","Timeout",3.011557
result,"/home/delahayed/problems/TPTP-v9.2.1/Problems/SYN/SYN874-1.p","Unsatisfiable","0.12 v9.1.0","Timeout",3.011159
result,"/home/delahayed/problems/TPTP-v9.2.1/Problems/SYN/SYN875-1.p","Unsatisfiable","0.12 v9.1.0","Timeout",3.010779
result,"/home/delahayed/problems/TPTP-v9.2.1/Problems/SYN/SYN876-1.p","Unsatisfiable","0.12 v9.1.0","Timeout",3.015252
result,"/home/delahayed/problems/TPTP-v9.2.1/Problems/SYN/SYN877-1.p","Unsatisfiable","0.12 v9.1.0","Timeout",3.012684
result,"/home/delahayed/problems/TPTP-v9.2.1/Problems/SYN/SYN878-1.p","Unsatisfiable","0.12 v9.1.0","Timeout",3.011729
result,"/home/delahayed/problems/TPTP-v9.2.1/Problems/SYN/SYN879-1.p","Unsatisfiable","0.12 v9.1.0","Timeout",3.012590
result,"/home/delahayed/problems/TPTP-v9.2.1/Problems/SYN/SYN880-1.p","Unsatisfiable","0.12 v9.1.0","Timeout",3.035867
result,"/home/delahayed/problems/TPTP-v9.2.1/Problems/SYN/SYN881-1.p","Unsatisfiable","0.12 v9.1.0","Timeout",3.020375
result,"/home/delahayed/problems/TPTP-v9.2.1/Problems/SYN/SYN882-1.p","Unsatisfiable","0.12 v9.1.0","Timeout",3.024073
result,"/home/delahayed/problems/TPTP-v9.2.1/Problems/SYN/SYN883-1.p","Unsatisfiable","0.12 v9.1.0","Timeout",3.018429
result,"/home/delahayed/problems/TPTP-v9.2.1/Problems/SYN/SYN884-1.p","Unsatisfiable","0.12 v9.1.0","Timeout",3.031436
result,"/home/delahayed/problems/TPTP-v9.2.1/Problems/SYN/SYN885-1.p","Unsatisfiable","0.25 v9.1.0","Timeout",3.032014
result,"/home/delahayed/problems/TPTP-v9.2.1/Problems/SYN/SYN886-1.p","Unsatisfiable","0.12 v9.1.0","Timeout",3.032703
result,"/home/delahayed/problems/TPTP-v9.2.1/Problems/SYN/SYN887-1.p","Unsatisfiable","0.12 v9.1.0","Timeout",3.183675
result,"/home/delahayed/problems/TPTP-v9.2.1/Problems/SYN/SYN888-1.p","Satisfiable","0.00 v7.3.0","Timeout",3.064309
result,"/home/delahayed/problems/TPTP-v9.2.1/Problems/SYN/SYN889-1.p","Unsatisfiable","0.12 v9.1.0","Timeout",3.016560
result,"/home/delahayed/problems/TPTP-v9.2.1/Problems/SYN/SYN890-1.p","Unsatisfiable","0.12 v9.1.0","Timeout",3.014138
result,"/home/delahayed/problems/TPTP-v9.2.1/Problems/SYN/SYN891-1.p","Unsatisfiable","0.12 v9.1.0","Timeout",3.015146
result,"/home/delahayed/problems/TPTP-v9.2.1/Problems/SYN/SYN892-1.p","Unsatisfiable","0.12 v9.1.0","Timeout",3.029918
result,"/home/delahayed/problems/TPTP-v9.2.1/Problems/SYN/SYN893-1.p","Unsatisfiable","0.12 v9.1.0","Timeout",3.018756
result,"/home/delahayed/problems/TPTP-v9.2.1/Problems/SYN/SYN894-1.p","Unsatisfiable","0.12 v9.1.0","Timeout",3.020700
result,"/home/delahayed/problems/TPTP-v9.2.1/Problems/SYN/SYN895-1.p","Unsatisfiable","0.12 v9.1.0","Timeout",3.019094
result,"/home/delahayed/problems/TPTP-v9.2.1/Problems/SYN/SYN896-1.p","Unsatisfiable","0.12 v9.1.0","Timeout",3.019176
result,"/home/delahayed/problems/TPTP-v9.2.1/Problems/SYN/SYN897-1.p","Unsatisfiable","0.25 v9.1.0","Timeout",3.032940
result,"/home/delahayed/problems/TPTP-v9.2.1/Problems/SYN/SYN898-1.p","Unsatisfiable","0.12 v9.1.0","Timeout",3.036132
result,"/home/delahayed/problems/TPTP-v9.2.1/Problems/SYN/SYN899-1.p","Unsatisfiable","0.12 v9.1.0","Timeout",3.033391
result,"/home/delahayed/problems/TPTP-v9.2.1/Problems/SYN/SYN900-1.p","Unsatisfiable","0.12 v9.1.0","Timeout",3.031923
result,"/home/delahayed/problems/TPTP-v9.2.1/Problems/SYN/SYN901-1.p","Unsatisfiable","0.25 v9.1.0","Timeout",3.063987
result,"/home/delahayed/problems/TPTP-v9.2.1/Problems/SYN/SYN902-1.p","Satisfiable","0.00 v7.3.0","Timeout",3.066981
result,"/home/delahayed/problems/TPTP-v9.2.1/Problems/SYN/SYN903-1.p","Satisfiable","0.00 v5.5.0","Timeout",3.011773
result,"/home/delahayed/problems/TPTP-v9.2.1/Problems/SYN/SYN904-1.p","Satisfiable","0.00 v5.4.0","Timeout",3.011691
result,"/home/delahayed/problems/TPTP-v9.2.1/Problems/SYN/SYN905-1.p","Satisfiable","0.00 v5.4.0","Timeout",3.011487
result,"/home/delahayed/problems/TPTP-v9.2.1/Problems/SYN/SYN906-1.p","Satisfiable","0.00 v6.3.0","Timeout",3.013308
result,"/home/delahayed/problems/TPTP-v9.2.1/Problems/SYN/SYN907-1.p","Satisfiable","0.00 v6.3.0","Timeout",3.013670
result,"/home/delahayed/problems/TPTP-v9.2.1/Problems/SYN/SYN908-1.p","Satisfiable","0.00 v6.3.0","Timeout",3.017504
result,"/home/delahayed/problems/TPTP-v9.2.1/Problems/SYN/SYN909-1.p","Satisfiable","0.00 v5.4.0","Timeout",3.013499
result,"/home/delahayed/problems/TPTP-v9.2.1/Problems/SYN/SYN910-1.p","Satisfiable","0.00 v5.5.0","Timeout",3.023959
result,"/home/delahayed/problems/TPTP-v9.2.1/Problems/SYN/SYN911-1.p","Satisfiable","0.00 v6.3.0","Timeout",3.017179
result,"/home/delahayed/problems/TPTP-v9.2.1/Problems/SYN/SYN912-1.p","Satisfiable","0.00 v5.4.0","Timeout",3.020887
result,"/home/delahayed/problems/TPTP-v9.2.1/Problems/SYN/SYN913-1.p","Satisfiable","0.00 v6.3.0","Timeout",3.018455
result,"/home/delahayed/problems/TPTP-v9.2.1/Problems/SYN/SYN914-1.p","Unsatisfiable","0.85 v9.1.0","Timeout",3.007583
result,"/home/delahayed/problems/TPTP-v9.2.1/Problems/SYN/SYN915+1.p","Theorem","0.00 v4.1.0","Unsatisfiable",0.007024
result,"/home/delahayed/problems/TPTP-v9.2.1/Problems/SYN/SYN915-1.p","Unsatisfiable","0.00 v3.3.0","Unsatisfiable",0.005948
result,"/home/delahayed/problems/TPTP-v9.2.1/Problems/SYN/SYN916+1.p","CounterSatisfiable","0.00 v4.1.0","GaveUp",0.005862
result,"/home/delahayed/problems/TPTP-v9.2.1/Problems/SYN/SYN916-1.p","Satisfiable","0.33 v5.4.0","GaveUp",0.005947
result,"/home/delahayed/problems/TPTP-v9.2.1/Problems/SYN/SYN917+1.p","Theorem","0.15 v9.1.0","Error",5.889372
result,"/home/delahayed/problems/TPTP-v9.2.1/Problems/SYN/SYN918+1.p","Theorem","0.00 v9.1.0","Timeout",3.063386
result,"/home/delahayed/problems/TPTP-v9.2.1/Problems/SYN/SYN919+1.p","Theorem","0.00 v5.3.0","Unsatisfiable",0.009619
result,"/home/delahayed/problems/TPTP-v9.2.1/Problems/SYN/SYN920+1.p","Theorem","0.00 v5.3.0","Unsatisfiable",0.017896
result,"/home/delahayed/problems/TPTP-v9.2.1/Problems/SYN/SYN921+1.p","Theorem","0.00 v5.3.0","Unsatisfiable",0.011705
result,"/home/delahayed/problems/TPTP-v9.2.1/Problems/SYN/SYN922+1.p","Theorem","0.00 v5.3.0","Unsatisfiable",0.016900
result,"/home/delahayed/problems/TPTP-v9.2.1/Problems/SYN/SYN923+1.p","Theorem","0.00 v5.3.0","Unsatisfiable",0.011802
result,"/home/delahayed/problems/TPTP-v9.2.1/Problems/SYN/SYN924+1.p","Theorem","0.00 v5.3.0","Unsatisfiable",0.016035
result,"/home/delahayed/problems/TPTP-v9.2.1/Problems/SYN/SYN925+1.p","Theorem","0.00 v5.3.0","Unsatisfiable",0.008296
result,"/home/delahayed/problems/TPTP-v9.2.1/Problems/SYN/SYN926+1.p","Theorem","0.00 v5.3.0","Unsatisfiable",0.007418
result,"/home/delahayed/problems/TPTP-v9.2.1/Problems/SYN/SYN927+1.p","Theorem","0.00 v5.3.0","Unsatisfiable",0.005897
result,"/home/delahayed/problems/TPTP-v9.2.1/Problems/SYN/SYN928+1.p","Theorem","0.00 v5.5.0","Unsatisfiable",0.009026
result,"/home/delahayed/problems/TPTP-v9.2.1/Problems/SYN/SYN929+1.p","Theorem","0.00 v5.3.0","Unsatisfiable",0.012440
result,"/home/delahayed/problems/TPTP-v9.2.1/Problems/SYN/SYN930+1.p","Theorem","0.00 v5.3.0","Unsatisfiable",0.018769
result,"/home/delahayed/problems/TPTP-v9.2.1/Problems/SYN/SYN931+1.p","Theorem","0.00 v5.5.0","Unsatisfiable",0.009669
result,"/home/delahayed/problems/TPTP-v9.2.1/Problems/SYN/SYN932+1.p","Theorem","0.00 v4.0.1","Unsatisfiable",0.009895
result,"/home/delahayed/problems/TPTP-v9.2.1/Problems/SYN/SYN933+1.p","Theorem","0.00 v4.0.1","Unsatisfiable",0.007758
result,"/home/delahayed/problems/TPTP-v9.2.1/Problems/SYN/SYN934+1.p","Theorem","0.00 v5.3.0","Unsatisfiable",0.012561
result,"/home/delahayed/problems/TPTP-v9.2.1/Problems/SYN/SYN935+1.p","Theorem","0.00 v5.3.0","Unsatisfiable",0.011261
result,"/home/delahayed/problems/TPTP-v9.2.1/Problems/SYN/SYN936+1.p","Theorem","0.00 v5.3.0","Unsatisfiable",0.009227
result,"/home/delahayed/problems/TPTP-v9.2.1/Problems/SYN/SYN937+1.p","Theorem","0.00 v5.3.0","Unsatisfiable",0.012054
result,"/home/delahayed/problems/TPTP-v9.2.1/Problems/SYN/SYN938+1.p","Theorem","0.30 v9.1.0","Error",4.756062
result,"/home/delahayed/problems/TPTP-v9.2.1/Problems/SYN/SYN939+1.p","Theorem","0.00 v9.1.0","Unsatisfiable",0.063321
result,"/home/delahayed/problems/TPTP-v9.2.1/Problems/SYN/SYN940+1.p","Theorem","0.00 v9.1.0","Unsatisfiable",0.007082
result,"/home/delahayed/problems/TPTP-v9.2.1/Problems/SYN/SYN941+1.p","Theorem","0.05 v9.1.0","Unsatisfiable",0.006358
result,"/home/delahayed/problems/TPTP-v9.2.1/Problems/SYN/SYN942+1.p","Theorem","0.00 v5.3.0","Unsatisfiable",0.005095
result,"/home/delahayed/problems/TPTP-v9.2.1/Problems/SYN/SYN943+1.p","Theorem","0.00 v9.1.0","Unsatisfiable",0.006163
result,"/home/delahayed/problems/TPTP-v9.2.1/Problems/SYN/SYN944+1.p","Theorem","0.00 v5.3.0","Unsatisfiable",0.005925
result,"/home/delahayed/problems/TPTP-v9.2.1/Problems/SYN/SYN945+1.p","Theorem","0.00 v5.3.0","Unsatisfiable",0.004897
result,"/home/delahayed/problems/TPTP-v9.2.1/Problems/SYN/SYN946+1.p","Theorem","0.00 v5.3.0","Unsatisfiable",0.004773
result,"/home/delahayed/problems/TPTP-v9.2.1/Problems/SYN/SYN947+1.p","Theorem","0.05 v9.1.0","Unsatisfiable",0.004808
result,"/home/delahayed/problems/TPTP-v9.2.1/Problems/SYN/SYN948+1.p","Theorem","0.00 v9.1.0","Unsatisfiable",0.005337
result,"/home/delahayed/problems/TPTP-v9.2.1/Problems/SYN/SYN949+1.p","Theorem","0.00 v5.3.0","Unsatisfiable",0.007907
result,"/home/delahayed/problems/TPTP-v9.2.1/Problems/SYN/SYN950+1.p","Theorem","0.00 v5.4.0","Unsatisfiable",0.006954
result,"/home/delahayed/problems/TPTP-v9.2.1/Problems/SYN/SYN951+1.p","Theorem","0.00 v5.3.0","Unsatisfiable",0.007163
result,"/home/delahayed/problems/TPTP-v9.2.1/Problems/SYN/SYN952+1.p","Theorem","0.00 v5.3.0","Unsatisfiable",0.004975
result,"/home/delahayed/problems/TPTP-v9.2.1/Problems/SYN/SYN953+1.p","Theorem","0.00 v5.3.0","Unsatisfiable",0.004693
result,"/home/delahayed/problems/TPTP-v9.2.1/Problems/SYN/SYN954+1.p","Theorem","0.00 v5.3.0","Unsatisfiable",0.005916
result,"/home/delahayed/problems/TPTP-v9.2.1/Problems/SYN/SYN955+1.p","Theorem","0.00 v5.3.0","Unsatisfiable",0.004988
result,"/home/delahayed/problems/TPTP-v9.2.1/Problems/SYN/SYN956+1.p","Theorem","0.00 v5.3.0","Unsatisfiable",0.004549
result,"/home/delahayed/problems/TPTP-v9.2.1/Problems/SYN/SYN957+1.p","Theorem","0.00 v5.3.0","Unsatisfiable",0.004979
result,"/home/delahayed/problems/TPTP-v9.2.1/Problems/SYN/SYN958+1.p","Theorem","0.00 v5.3.0","Unsatisfiable",0.004651
result,"/home/delahayed/problems/TPTP-v9.2.1/Problems/SYN/SYN959+1.p","Theorem","0.00 v5.3.0","Unsatisfiable",0.004743
result,"/home/delahayed/problems/TPTP-v9.2.1/Problems/SYN/SYN960+1.p","Theorem","0.00 v5.3.0","Unsatisfiable",0.005261
result,"/home/delahayed/problems/TPTP-v9.2.1/Problems/SYN/SYN961+1.p","Theorem","0.00 v5.3.0","Unsatisfiable",0.005097
result,"/home/delahayed/problems/TPTP-v9.2.1/Problems/SYN/SYN962+1.p","Theorem","0.00 v5.3.0","Unsatisfiable",0.004713
result,"/home/delahayed/problems/TPTP-v9.2.1/Problems/SYN/SYN963+1.p","Theorem","0.00 v5.3.0","Unsatisfiable",0.005208
result,"/home/delahayed/problems/TPTP-v9.2.1/Problems/SYN/SYN964+1.p","Theorem","0.00 v5.3.0","Unsatisfiable",0.004846
result,"/home/delahayed/problems/TPTP-v9.2.1/Problems/SYN/SYN965+1.p","Theorem","0.05 v9.1.0","Unsatisfiable",0.009994
result,"/home/delahayed/problems/TPTP-v9.2.1/Problems/SYN/SYN966+1.p","Theorem","0.00 v9.1.0","Unsatisfiable",0.006654
result,"/home/delahayed/problems/TPTP-v9.2.1/Problems/SYN/SYN967+1.p","Theorem","0.00 v5.3.0","Unsatisfiable",0.006408
result,"/home/delahayed/problems/TPTP-v9.2.1/Problems/SYN/SYN968+1.p","Theorem","0.00 v5.3.0","Unsatisfiable",0.004755
result,"/home/delahayed/problems/TPTP-v9.2.1/Problems/SYN/SYN969+1.p","Theorem","0.00 v5.3.0","Unsatisfiable",0.005256
result,"/home/delahayed/problems/TPTP-v9.2.1/Problems/SYN/SYN970+1.p","Theorem","0.00 v5.3.0","Unsatisfiable",0.004848
result,"/home/delahayed/problems/TPTP-v9.2.1/Problems/SYN/SYN971+1.p","Theorem","0.00 v9.1.0","Unsatisfiable",0.004735
result,"/home/delahayed/problems/TPTP-v9.2.1/Problems/SYN/SYN972+1.p","Theorem","0.00 v5.4.0","Unsatisfiable",0.004500
result,"/home/delahayed/problems/TPTP-v9.2.1/Problems/SYN/SYN973+1.p","Theorem","0.00 v5.3.0","Unsatisfiable",0.004366
result,"/home/delahayed/problems/TPTP-v9.2.1/Problems/SYN/SYN974+1.p","Theorem","0.00 v5.3.0","Unsatisfiable",0.004745
result,"/home/delahayed/problems/TPTP-v9.2.1/Problems/SYN/SYN975+1.p","Theorem","0.00 v5.3.0","Unsatisfiable",0.004381
result,"/home/delahayed/problems/TPTP-v9.2.1/Problems/SYN/SYN976+1.p","Theorem","0.00 v5.3.0","Unsatisfiable",0.005326
result,"/home/delahayed/problems/TPTP-v9.2.1/Problems/SYN/SYN977+1.p","Theorem","0.00 v4.1.0","Unsatisfiable",0.004714
result,"/home/delahayed/problems/TPTP-v9.2.1/Problems/SYN/SYN978+1.p","Theorem","0.00 v3.1.0","Unsatisfiable",0.004645
result,"/home/delahayed/problems/TPTP-v9.2.1/Problems/SYN/SYN979+1.p","Theorem","0.00 v5.3.0","Unsatisfiable",0.004858
result,"/home/delahayed/problems/TPTP-v9.2.1/Problems/SYN/SYN980+1.p","Theorem","0.00 v9.1.0","Unsatisfiable",0.007275
result,"/home/delahayed/problems/TPTP-v9.2.1/Problems/SYN/SYN981+1.p","Theorem","0.00 v5.3.0","Unsatisfiable",0.004768
result,"/home/delahayed/problems/TPTP-v9.2.1/Problems/SYN/SYN982-1.p","Unsatisfiable","0.41 v9.1.0","Timeout",3.006770

section,prover,scope,total,success,timeout,incomplete,unsound,error,avg_time_s
prover_stats,"ip","Tous",1165,"873 (74.9%)","289 (24.8%)","0 (0.0%)","0 (0.0%)","3 (0.3%)",1.577198
prover_stats,"ip","Theorem/Unsatisfiable",863,"571 (66.2%)","289 (33.5%)","0 (0.0%)","0 (0.0%)","3 (0.3%)",1.134899
prover_stats,"ip","Theorem (FOF)",276,"191 (69.2%)","82 (29.7%)","0 (0.0%)","0 (0.0%)","3 (1.1%)",0.971233
prover_stats,"ip","Unsatisfiable (CNF)",587,"380 (64.7%)","207 (35.3%)","0 (0.0%)","0 (0.0%)","0 (0.0%)",1.211853
